"../../../Engine/Content/EditorResources/S_Actor.ubulk" 0
"../../../Engine/Content/EditorResources/S_Actor.uasset" 1
"../../../Engine/Content/EditorResources/S_Actor.uexp" 2
"../../../Engine/Content/EditorResources/S_BoxReflectionCapture.uasset" 3
"../../../Engine/Content/EditorResources/S_BoxReflectionCapture.uexp" 4
"../../../Engine/Content/EngineResources/DefaultTexture.ubulk" 5
"../../../Engine/Content/EngineResources/DefaultTexture.uasset" 6
"../../../Engine/Content/EngineResources/DefaultTexture.uexp" 7
"../../../Engine/Content/EngineResources/DefaultTextureCube.uasset" 8
"../../../Engine/Content/EngineResources/DefaultTextureCube.uexp" 9
"../../../Engine/Content/EngineResources/DefaultVolumeTexture2D.uasset" 10
"../../../Engine/Content/EngineResources/DefaultVolumeTexture2D.uexp" 11
"../../../Engine/Content/EngineResources/DefaultVolumeTexture.uasset" 12
"../../../Engine/Content/EngineResources/DefaultVolumeTexture.uexp" 13
"../../../Engine/Content/EditorResources/S_Trigger.ubulk" 14
"../../../Engine/Content/EditorResources/S_Trigger.uasset" 15
"../../../Engine/Content/EditorResources/S_Trigger.uexp" 16
"../../../Engine/Content/EditorResources/S_TriggerBox.uasset" 17
"../../../Engine/Content/EditorResources/S_TriggerBox.uexp" 18
"../../../Engine/Content/EditorResources/S_TriggerCapsule.uasset" 19
"../../../Engine/Content/EditorResources/S_TriggerCapsule.uexp" 20
"../../../Engine/Content/EditorResources/S_TriggerSphere.uasset" 21
"../../../Engine/Content/EditorResources/S_TriggerSphere.uexp" 22
"../../../Engine/Content/EngineMeshes/Sphere.ubulk" 23
"../../../Engine/Content/EngineMeshes/Sphere.uasset" 24
"../../../Engine/Content/EngineMeshes/Sphere.uexp" 25
"../../../Engine/Content/EngineResources/GradientTexture0.uasset" 26
"../../../Engine/Content/EngineResources/GradientTexture0.uexp" 27
"../../../Engine/Content/VREditor/LaserPointer/VR_LaserPower_01.ubulk" 28
"../../../Engine/Content/VREditor/LaserPointer/VR_LaserPower_01.uasset" 29
"../../../Engine/Content/VREditor/LaserPointer/VR_LaserPower_01.uexp" 30
"../../../Engine/Content/VREditor/TransformGizmo/TransformGizmoMaterial.uasset" 31
"../../../Engine/Content/VREditor/TransformGizmo/TransformGizmoMaterial.uexp" 32
"../../../Engine/Content/VREditor/TransformGizmo/TranslucentTransformGizmoMaterial.uasset" 33
"../../../Engine/Content/VREditor/TransformGizmo/TranslucentTransformGizmoMaterial.uexp" 34
"../../../Engine/Content/VREditor/TransformGizmo/BoundingBoxCorner.ubulk" 35
"../../../Engine/Content/VREditor/TransformGizmo/BoundingBoxCorner.uasset" 36
"../../../Engine/Content/VREditor/TransformGizmo/BoundingBoxCorner.uexp" 37
"../../../Engine/Content/VREditor/TransformGizmo/BoundingBoxEdge.ubulk" 38
"../../../Engine/Content/VREditor/TransformGizmo/BoundingBoxEdge.uasset" 39
"../../../Engine/Content/VREditor/TransformGizmo/BoundingBoxEdge.uexp" 40
"../../../Engine/Content/VREditor/TransformGizmo/Main.uasset" 41
"../../../Engine/Content/VREditor/TransformGizmo/Main.uexp" 42
"../../../Engine/Content/VREditor/TransformGizmo/Xray.uasset" 43
"../../../Engine/Content/VREditor/TransformGizmo/Xray.uexp" 44
"../../../Engine/Content/VREditor/TransformGizmo/SM_Sequencer_Node.ubulk" 45
"../../../Engine/Content/VREditor/TransformGizmo/SM_Sequencer_Node.uasset" 46
"../../../Engine/Content/VREditor/TransformGizmo/SM_Sequencer_Node.uexp" 47
"../../../Engine/Content/EditorResources/S_Solver.ubulk" 48
"../../../Engine/Content/EditorResources/S_Solver.uasset" 49
"../../../Engine/Content/EditorResources/S_Solver.uexp" 50
"../../../Engine/Content/EditorMaterials/Camera/CineMat.uasset" 51
"../../../Engine/Content/EditorMaterials/Camera/CineMat.uexp" 52
"../../../Engine/Content/EditorMaterials/Camera/MI_CineMat_Rig.uasset" 53
"../../../Engine/Content/EditorMaterials/Camera/MI_CineMat_Rig.uexp" 54
"../../../Engine/Content/EditorMeshes/Camera/SM_CraneRig_Base.ubulk" 55
"../../../Engine/Content/EditorMeshes/Camera/SM_CraneRig_Base.uasset" 56
"../../../Engine/Content/EditorMeshes/Camera/SM_CraneRig_Base.uexp" 57
"../../../Engine/Content/EditorMeshes/Camera/SM_CraneRig_Arm.ubulk" 58
"../../../Engine/Content/EditorMeshes/Camera/SM_CraneRig_Arm.uasset" 59
"../../../Engine/Content/EditorMeshes/Camera/SM_CraneRig_Arm.uexp" 60
"../../../Engine/Content/EditorMeshes/Camera/SM_CraneRig_Mount.ubulk" 61
"../../../Engine/Content/EditorMeshes/Camera/SM_CraneRig_Mount.uasset" 62
"../../../Engine/Content/EditorMeshes/Camera/SM_CraneRig_Mount.uexp" 63
"../../../Engine/Content/EditorMeshes/Camera/SM_CraneRig_Body.ubulk" 64
"../../../Engine/Content/EditorMeshes/Camera/SM_CraneRig_Body.uasset" 65
"../../../Engine/Content/EditorMeshes/Camera/SM_CraneRig_Body.uexp" 66
"../../../Engine/Content/EditorMeshes/Camera/SM_RailRig_Track.ubulk" 67
"../../../Engine/Content/EditorMeshes/Camera/SM_RailRig_Track.uasset" 68
"../../../Engine/Content/EditorMeshes/Camera/SM_RailRig_Track.uexp" 69
"../../../Engine/Content/EditorMeshes/Camera/SM_RailRig_Mount.ubulk" 70
"../../../Engine/Content/EditorMeshes/Camera/SM_RailRig_Mount.uasset" 71
"../../../Engine/Content/EditorMeshes/Camera/SM_RailRig_Mount.uexp" 72
"../../../Engine/Content/EngineMaterials/T_Default_Material_Grid_M.ubulk" 73
"../../../Engine/Content/EngineMaterials/T_Default_Material_Grid_M.uasset" 74
"../../../Engine/Content/EngineMaterials/T_Default_Material_Grid_M.uexp" 75
"../../../Engine/Content/EngineMaterials/T_Default_Material_Grid_N.ubulk" 76
"../../../Engine/Content/EngineMaterials/T_Default_Material_Grid_N.uasset" 77
"../../../Engine/Content/EngineMaterials/T_Default_Material_Grid_N.uexp" 78
"../../../Engine/Content/Functions/Engine_MaterialFunctions01/Opacity/CameraDepthFade.uasset" 79
"../../../Engine/Content/Functions/Engine_MaterialFunctions01/Opacity/CameraDepthFade.uexp" 80
"../../../Engine/Content/EngineMaterials/WorldGridMaterial.uasset" 81
"../../../Engine/Content/EngineMaterials/WorldGridMaterial.uexp" 82
"../../../Engine/Content/ArtTools/RenderToTexture/Meshes/S_1_Unit_Plane.ubulk" 83
"../../../Engine/Content/ArtTools/RenderToTexture/Meshes/S_1_Unit_Plane.uasset" 84
"../../../Engine/Content/ArtTools/RenderToTexture/Meshes/S_1_Unit_Plane.uexp" 85
"../../../Engine/Content/EditorMaterials/ParticleSystems/PSysThumbnail_NoImage.ubulk" 86
"../../../Engine/Content/EditorMaterials/ParticleSystems/PSysThumbnail_NoImage.uasset" 87
"../../../Engine/Content/EditorMaterials/ParticleSystems/PSysThumbnail_NoImage.uexp" 88
"../../../Engine/Content/EditorMaterials/ParticleSystems/PSysThumbnail_OOD.ubulk" 89
"../../../Engine/Content/EditorMaterials/ParticleSystems/PSysThumbnail_OOD.uasset" 90
"../../../Engine/Content/EditorMaterials/ParticleSystems/PSysThumbnail_OOD.uexp" 91
"../../../Engine/Content/EditorLandscapeResources/SplineEditorMeshMat.uasset" 92
"../../../Engine/Content/EditorLandscapeResources/SplineEditorMeshMat.uexp" 93
"../../../Engine/Content/EditorLandscapeResources/SplineEditorMesh.ubulk" 94
"../../../Engine/Content/EditorLandscapeResources/SplineEditorMesh.uasset" 95
"../../../Engine/Content/EditorLandscapeResources/SplineEditorMesh.uexp" 96
"../../../Engine/Content/EngineMaterials/DefaultBokeh.uasset" 97
"../../../Engine/Content/EngineMaterials/DefaultBokeh.uexp" 98
"../../../Engine/Content/EngineMaterials/MiniFont.uasset" 99
"../../../Engine/Content/EngineMaterials/MiniFont.uexp" 100
"../../../Engine/Content/EngineMaterials/WeightMapPlaceholderTexture.uasset" 101
"../../../Engine/Content/EngineMaterials/WeightMapPlaceholderTexture.uexp" 102
"../../../Engine/Content/EngineMaterials/WeightMapArrayPlaceholderTexture.uasset" 103
"../../../Engine/Content/EngineMaterials/WeightMapArrayPlaceholderTexture.uexp" 104
"../../../Engine/Content/EngineMaterials/PreintegratedSkinBRDF.uasset" 105
"../../../Engine/Content/EngineMaterials/PreintegratedSkinBRDF.uexp" 106
"../../../Engine/Plugins/Runtime/MeshModelingToolset/Content/Materials/M_DynamicMeshComponentVtxColor.uasset" 107
"../../../Engine/Plugins/Runtime/MeshModelingToolset/Content/Materials/M_DynamicMeshComponentVtxColor.uexp" 108
"../../../Engine/Plugins/Runtime/CommonUI/Content/DefaultMediaTexture.uasset" 109
"../../../Engine/Plugins/Runtime/CommonUI/Content/DefaultMediaTexture.uexp" 110
"../../../Engine/Plugins/Runtime/CommonUI/Content/VideoPlayerMaterial.uasset" 111
"../../../Engine/Plugins/Runtime/CommonUI/Content/VideoPlayerMaterial.uexp" 112
"../../../Engine/Plugins/Interchange/Runtime/Content/Pipelines/DefaultTexturePipeline.uasset" 113
"../../../Engine/Plugins/Interchange/Runtime/Content/Pipelines/DefaultTexturePipeline.uexp" 114
"../../../Engine/Plugins/Interchange/Runtime/Content/Pipelines/DefaultSceneLevelPipeline.uasset" 115
"../../../Engine/Plugins/Interchange/Runtime/Content/Pipelines/DefaultSceneLevelPipeline.uexp" 116
"../../../Engine/Plugins/Interchange/Runtime/Content/Pipelines/DefaultSceneAssetsPipeline.uasset" 117
"../../../Engine/Plugins/Interchange/Runtime/Content/Pipelines/DefaultSceneAssetsPipeline.uexp" 118
"../../../Engine/Plugins/Interchange/Runtime/Content/Pipelines/DefaultMaterialXPipeline.uasset" 119
"../../../Engine/Plugins/Interchange/Runtime/Content/Pipelines/DefaultMaterialXPipeline.uexp" 120
"../../../Engine/Plugins/Interchange/Runtime/Content/Pipelines/DefaultMaterialPipeline.uasset" 121
"../../../Engine/Plugins/Interchange/Runtime/Content/Pipelines/DefaultMaterialPipeline.uexp" 122
"../../../Engine/Plugins/Interchange/Runtime/Content/Pipelines/DefaultGLTFSceneAssetsPipeline.uasset" 123
"../../../Engine/Plugins/Interchange/Runtime/Content/Pipelines/DefaultGLTFSceneAssetsPipeline.uexp" 124
"../../../Engine/Plugins/Interchange/Runtime/Content/Pipelines/DefaultGLTFPipeline.uasset" 125
"../../../Engine/Plugins/Interchange/Runtime/Content/Pipelines/DefaultGLTFPipeline.uexp" 126
"../../../Engine/Plugins/Interchange/Runtime/Content/Pipelines/DefaultGLTFAssetsPipeline.uasset" 127
"../../../Engine/Plugins/Interchange/Runtime/Content/Pipelines/DefaultGLTFAssetsPipeline.uexp" 128
"../../../Engine/Plugins/Interchange/Runtime/Content/Pipelines/DefaultAssetsPipeline.uasset" 129
"../../../Engine/Plugins/Interchange/Runtime/Content/Pipelines/DefaultAssetsPipeline.uexp" 130
"../../../Engine/Plugins/Interchange/Runtime/Content/Functions/MX_UsdPreviewSurface.uasset" 131
"../../../Engine/Plugins/Interchange/Runtime/Content/Functions/MX_UsdPreviewSurface.uexp" 132
"../../../Engine/Plugins/Interchange/Runtime/Content/Functions/MX_UniformEDF.uasset" 133
"../../../Engine/Plugins/Interchange/Runtime/Content/Functions/MX_UniformEDF.uexp" 134
"../../../Engine/Plugins/Interchange/Runtime/Content/Functions/MX_TranslucentBSDF.uasset" 135
"../../../Engine/Plugins/Interchange/Runtime/Content/Functions/MX_TranslucentBSDF.uexp" 136
"../../../Engine/Plugins/Interchange/Runtime/Content/Functions/MX_ThinFilmBSDF.uasset" 137
"../../../Engine/Plugins/Interchange/Runtime/Content/Functions/MX_ThinFilmBSDF.uexp" 138
"../../../Engine/Plugins/Interchange/Runtime/Content/Functions/MX_SurfaceUnlit.uasset" 139
"../../../Engine/Plugins/Interchange/Runtime/Content/Functions/MX_SurfaceUnlit.uexp" 140
"../../../Engine/Plugins/Interchange/Runtime/Content/Functions/MX_Surface.uasset" 141
"../../../Engine/Plugins/Interchange/Runtime/Content/Functions/MX_Surface.uexp" 142
"../../../Engine/Plugins/Interchange/Runtime/Content/Functions/MX_SubsurfaceBSDF.uasset" 143
"../../../Engine/Plugins/Interchange/Runtime/Content/Functions/MX_SubsurfaceBSDF.uexp" 144
"../../../Engine/Plugins/Interchange/Runtime/Content/Functions/MX_SheenBSDF.uasset" 145
"../../../Engine/Plugins/Interchange/Runtime/Content/Functions/MX_SheenBSDF.uexp" 146
"../../../Engine/Plugins/Interchange/Runtime/Content/Functions/MX_OrenNayarBSDF.uasset" 147
"../../../Engine/Plugins/Interchange/Runtime/Content/Functions/MX_OrenNayarBSDF.uexp" 148
"../../../Engine/Content/Functions/Engine_MaterialFunctions02/Utility/CameraDirectionVector.uasset" 149
"../../../Engine/Content/Functions/Engine_MaterialFunctions02/Utility/CameraDirectionVector.uexp" 150
"../../../Engine/Content/Functions/Engine_MaterialFunctions01/Volumetrics/BeersLaw.uasset" 151
"../../../Engine/Content/Functions/Engine_MaterialFunctions01/Volumetrics/BeersLaw.uexp" 152
"../../../Engine/Content/EngineMaterials/Good64x64TilingNoiseHighFreq.uasset" 153
"../../../Engine/Content/EngineMaterials/Good64x64TilingNoiseHighFreq.uexp" 154
"../../../Engine/Content/Functions/Engine_MaterialFunctions02/Texturing/ScreenAlignedPixelToPixelUVs.uasset" 155
"../../../Engine/Content/Functions/Engine_MaterialFunctions02/Texturing/ScreenAlignedPixelToPixelUVs.uexp" 156
"../../../Engine/Plugins/Interchange/Runtime/Content/gltf/MaterialFunctions/MF_Temporal_Blur.uasset" 157
"../../../Engine/Plugins/Interchange/Runtime/Content/gltf/MaterialFunctions/MF_Temporal_Blur.uexp" 158
"../../../Engine/Plugins/Interchange/Runtime/Content/gltf/MaterialFunctions/MF_Fresnel_DS.uasset" 159
"../../../Engine/Plugins/Interchange/Runtime/Content/gltf/MaterialFunctions/MF_Fresnel_DS.uexp" 160
"../../../Engine/Content/Functions/Engine_MaterialFunctions02/Utility/BreakOutFloat3Components.uasset" 161
"../../../Engine/Content/Functions/Engine_MaterialFunctions02/Utility/BreakOutFloat3Components.uexp" 162
"../../../Engine/Plugins/Interchange/Runtime/Content/Functions/MX_Transmission.uasset" 163
"../../../Engine/Plugins/Interchange/Runtime/Content/Functions/MX_Transmission.uexp" 164
"../../../Engine/Plugins/Interchange/Runtime/Content/Functions/MF_OrenNayerView.uasset" 165
"../../../Engine/Plugins/Interchange/Runtime/Content/Functions/MF_OrenNayerView.uexp" 166
"../../../Engine/Plugins/Interchange/Runtime/Content/Functions/MF_SchlickApprox.uasset" 167
"../../../Engine/Plugins/Interchange/Runtime/Content/Functions/MF_SchlickApprox.uexp" 168
"../../../Engine/Plugins/Interchange/Runtime/Content/Utilities/New_LUT.uasset" 169
"../../../Engine/Plugins/Interchange/Runtime/Content/Utilities/New_LUT.uexp" 170
"../../../Engine/Content/Functions/Engine_MaterialFunctions03/Math/RemapValueRange.uasset" 171
"../../../Engine/Content/Functions/Engine_MaterialFunctions03/Math/RemapValueRange.uexp" 172
"../../../Engine/Plugins/Interchange/Runtime/Content/Functions/MF_Iridescence.uasset" 173
"../../../Engine/Plugins/Interchange/Runtime/Content/Functions/MF_Iridescence.uexp" 174
"../../../Engine/Plugins/Interchange/Runtime/Content/Functions/MX_StandardSurface.uasset" 175
"../../../Engine/Plugins/Interchange/Runtime/Content/Functions/MX_StandardSurface.uexp" 176
"../../../Engine/Plugins/Interchange/Runtime/Content/Functions/MX_TransmissionSurface.uasset" 177
"../../../Engine/Plugins/Interchange/Runtime/Content/Functions/MX_TransmissionSurface.uexp" 178
"../../../Engine/Plugins/Interchange/Runtime/Content/Functions/MX_OpenPBR_Translucent.uasset" 179
"../../../Engine/Plugins/Interchange/Runtime/Content/Functions/MX_OpenPBR_Translucent.uexp" 180
"../../../Engine/Plugins/Interchange/Runtime/Content/Functions/MX_OpenPBR_Opaque.uasset" 181
"../../../Engine/Plugins/Interchange/Runtime/Content/Functions/MX_OpenPBR_Opaque.uexp" 182
"../../../Engine/Plugins/Interchange/Runtime/Content/Functions/MX_MeasuredEDF.uasset" 183
"../../../Engine/Plugins/Interchange/Runtime/Content/Functions/MX_MeasuredEDF.uexp" 184
"../../../Engine/Plugins/Interchange/Runtime/Content/Functions/MX_GeneralizedSchlickBSDF.uasset" 185
"../../../Engine/Plugins/Interchange/Runtime/Content/Functions/MX_GeneralizedSchlickBSDF.uexp" 186
"../../../Engine/Plugins/Interchange/Runtime/Content/Functions/MX_DielectricBSDF.uasset" 187
"../../../Engine/Plugins/Interchange/Runtime/Content/Functions/MX_DielectricBSDF.uexp" 188
"../../../Engine/Plugins/Interchange/Runtime/Content/Functions/MX_ConicalEDF.uasset" 189
"../../../Engine/Plugins/Interchange/Runtime/Content/Functions/MX_ConicalEDF.uexp" 190
"../../../Engine/Plugins/Interchange/Runtime/Content/Functions/MX_ConductorBSDF.uasset" 191
"../../../Engine/Plugins/Interchange/Runtime/Content/Functions/MX_ConductorBSDF.uexp" 192
"../../../Engine/Plugins/Interchange/Runtime/Content/Functions/MX_BurleyDiffuseBSDF.uasset" 193
"../../../Engine/Plugins/Interchange/Runtime/Content/Functions/MX_BurleyDiffuseBSDF.uexp" 194
"../../../Engine/Plugins/Interchange/Runtime/Content/Functions/MX_AnisotropicVDF.uasset" 195
"../../../Engine/Plugins/Interchange/Runtime/Content/Functions/MX_AnisotropicVDF.uexp" 196
"../../../Engine/Plugins/Interchange/Runtime/Content/Functions/MX_AbsorptionVDF.uasset" 197
"../../../Engine/Plugins/Interchange/Runtime/Content/Functions/MX_AbsorptionVDF.uexp" 198
"../../../Engine/Content/Functions/Engine_MaterialFunctions02/WorldPositionOffset/CameraOffset.uasset" 199
"../../../Engine/Content/Functions/Engine_MaterialFunctions02/WorldPositionOffset/CameraOffset.uexp" 200
"../../../Engine/Plugins/Animation/ControlRig/Content/M_Manip.uasset" 201
"../../../Engine/Plugins/Animation/ControlRig/Content/M_Manip.uexp" 202
"../../../Engine/Plugins/Animation/ControlRig/Content/Controls/ControlRig_Wedge_solid.ubulk" 203
"../../../Engine/Plugins/Animation/ControlRig/Content/Controls/ControlRig_Wedge_solid.uasset" 204
"../../../Engine/Plugins/Animation/ControlRig/Content/Controls/ControlRig_Wedge_solid.uexp" 205
"../../../Engine/Plugins/Animation/ControlRig/Content/Controls/ControlRig_Wedge_3mm.ubulk" 206
"../../../Engine/Plugins/Animation/ControlRig/Content/Controls/ControlRig_Wedge_3mm.uasset" 207
"../../../Engine/Plugins/Animation/ControlRig/Content/Controls/ControlRig_Wedge_3mm.uexp" 208
"../../../Engine/Plugins/Animation/ControlRig/Content/Controls/ControlRig_Wedge_1mm.ubulk" 209
"../../../Engine/Plugins/Animation/ControlRig/Content/Controls/ControlRig_Wedge_1mm.uasset" 210
"../../../Engine/Plugins/Animation/ControlRig/Content/Controls/ControlRig_Wedge_1mm.uexp" 211
"../../../Engine/Plugins/Animation/ControlRig/Content/Controls/ControlRig_Triangle_solid.ubulk" 212
"../../../Engine/Plugins/Animation/ControlRig/Content/Controls/ControlRig_Triangle_solid.uasset" 213
"../../../Engine/Plugins/Animation/ControlRig/Content/Controls/ControlRig_Triangle_solid.uexp" 214
"../../../Engine/Plugins/Animation/ControlRig/Content/Controls/ControlRig_Triangle_3mm.ubulk" 215
"../../../Engine/Plugins/Animation/ControlRig/Content/Controls/ControlRig_Triangle_3mm.uasset" 216
"../../../Engine/Plugins/Animation/ControlRig/Content/Controls/ControlRig_Triangle_3mm.uexp" 217
"../../../Engine/Plugins/Animation/ControlRig/Content/Controls/ControlRig_Triangle_1mm.ubulk" 218
"../../../Engine/Plugins/Animation/ControlRig/Content/Controls/ControlRig_Triangle_1mm.uasset" 219
"../../../Engine/Plugins/Animation/ControlRig/Content/Controls/ControlRig_Triangle_1mm.uexp" 220
"../../../Engine/Plugins/Animation/ControlRig/Content/Controls/ControlRig_Star4_solid.ubulk" 221
"../../../Engine/Plugins/Animation/ControlRig/Content/Controls/ControlRig_Star4_solid.uasset" 222
"../../../Engine/Plugins/Animation/ControlRig/Content/Controls/ControlRig_Star4_solid.uexp" 223
"../../../Engine/Plugins/Animation/ControlRig/Content/Controls/ControlRig_Star4_3mm.ubulk" 224
"../../../Engine/Plugins/Animation/ControlRig/Content/Controls/ControlRig_Star4_3mm.uasset" 225
"../../../Engine/Plugins/Animation/ControlRig/Content/Controls/ControlRig_Star4_3mm.uexp" 226
"../../../Engine/Plugins/Animation/ControlRig/Content/Controls/ControlRig_Star4_1mm.ubulk" 227
"../../../Engine/Plugins/Animation/ControlRig/Content/Controls/ControlRig_Star4_1mm.uasset" 228
"../../../Engine/Plugins/Animation/ControlRig/Content/Controls/ControlRig_Star4_1mm.uexp" 229
"../../../Engine/Plugins/Animation/ControlRig/Content/Controls/ControlRig_Square_solid.ubulk" 230
"../../../Engine/Plugins/Animation/ControlRig/Content/Controls/ControlRig_Square_solid.uasset" 231
"../../../Engine/Plugins/Animation/ControlRig/Content/Controls/ControlRig_Square_solid.uexp" 232
"../../../Engine/Plugins/Animation/ControlRig/Content/Controls/ControlRig_Square_3mm.ubulk" 233
"../../../Engine/Plugins/Animation/ControlRig/Content/Controls/ControlRig_Square_3mm.uasset" 234
"../../../Engine/Plugins/Animation/ControlRig/Content/Controls/ControlRig_Square_3mm.uexp" 235
"../../../Engine/Plugins/Animation/ControlRig/Content/Controls/ControlRig_Square_1mm.ubulk" 236
"../../../Engine/Plugins/Animation/ControlRig/Content/Controls/ControlRig_Square_1mm.uasset" 237
"../../../Engine/Plugins/Animation/ControlRig/Content/Controls/ControlRig_Square_1mm.uexp" 238
"../../../Engine/Plugins/Animation/ControlRig/Content/Controls/ControlRig_Sphere_solid.ubulk" 239
"../../../Engine/Plugins/Animation/ControlRig/Content/Controls/ControlRig_Sphere_solid.uasset" 240
"../../../Engine/Plugins/Animation/ControlRig/Content/Controls/ControlRig_Sphere_solid.uexp" 241
"../../../Engine/Plugins/Animation/ControlRig/Content/Controls/ControlRig_Sphere_3mm.ubulk" 242
"../../../Engine/Plugins/Animation/ControlRig/Content/Controls/ControlRig_Sphere_3mm.uasset" 243
"../../../Engine/Plugins/Animation/ControlRig/Content/Controls/ControlRig_Sphere_3mm.uexp" 244
"../../../Engine/Plugins/Animation/ControlRig/Content/Controls/ControlRig_Sphere_1mm.ubulk" 245
"../../../Engine/Plugins/Animation/ControlRig/Content/Controls/ControlRig_Sphere_1mm.uasset" 246
"../../../Engine/Plugins/Animation/ControlRig/Content/Controls/ControlRig_Sphere_1mm.uexp" 247
"../../../Engine/Plugins/Animation/ControlRig/Content/Controls/ControlRig_RoundedTriangle_solid.ubulk" 248
"../../../Engine/Plugins/Animation/ControlRig/Content/Controls/ControlRig_RoundedTriangle_solid.uasset" 249
"../../../Engine/Plugins/Animation/ControlRig/Content/Controls/ControlRig_RoundedTriangle_solid.uexp" 250
"../../../Engine/Plugins/Animation/ControlRig/Content/Controls/ControlRig_RoundedTriangle_3mm.ubulk" 251
"../../../Engine/Plugins/Animation/ControlRig/Content/Controls/ControlRig_RoundedTriangle_3mm.uasset" 252
"../../../Engine/Plugins/Animation/ControlRig/Content/Controls/ControlRig_RoundedTriangle_3mm.uexp" 253
"../../../Engine/Plugins/Animation/ControlRig/Content/Controls/ControlRig_RoundedTriangle_1mm.ubulk" 254
"../../../Engine/Plugins/Animation/ControlRig/Content/Controls/ControlRig_RoundedTriangle_1mm.uasset" 255
"../../../Engine/Plugins/Animation/ControlRig/Content/Controls/ControlRig_RoundedTriangle_1mm.uexp" 256
"../../../Engine/Plugins/Animation/ControlRig/Content/Controls/ControlRig_RoundedSquare_solid.ubulk" 257
"../../../Engine/Plugins/Animation/ControlRig/Content/Controls/ControlRig_RoundedSquare_solid.uasset" 258
"../../../Engine/Plugins/Animation/ControlRig/Content/Controls/ControlRig_RoundedSquare_solid.uexp" 259
"../../../Engine/Plugins/Animation/ControlRig/Content/Controls/ControlRig_RoundedSquare_3mm.ubulk" 260
"../../../Engine/Plugins/Animation/ControlRig/Content/Controls/ControlRig_RoundedSquare_3mm.uasset" 261
"../../../Engine/Plugins/Animation/ControlRig/Content/Controls/ControlRig_RoundedSquare_3mm.uexp" 262
"../../../Engine/Plugins/Animation/ControlRig/Content/Controls/ControlRig_RoundedSquare_1mm.ubulk" 263
"../../../Engine/Plugins/Animation/ControlRig/Content/Controls/ControlRig_RoundedSquare_1mm.uasset" 264
"../../../Engine/Plugins/Animation/ControlRig/Content/Controls/ControlRig_RoundedSquare_1mm.uexp" 265
"../../../Engine/Plugins/Animation/ControlRig/Content/Controls/ControlRig_QuarterCircle_solid.ubulk" 266
"../../../Engine/Plugins/Animation/ControlRig/Content/Controls/ControlRig_QuarterCircle_solid.uasset" 267
"../../../Engine/Plugins/Animation/ControlRig/Content/Controls/ControlRig_QuarterCircle_solid.uexp" 268
"../../../Engine/Plugins/Animation/ControlRig/Content/Controls/ControlRig_QuarterCircle_3mm.ubulk" 269
"../../../Engine/Plugins/Animation/ControlRig/Content/Controls/ControlRig_QuarterCircle_3mm.uasset" 270
"../../../Engine/Plugins/Animation/ControlRig/Content/Controls/ControlRig_QuarterCircle_3mm.uexp" 271
"../../../Engine/Plugins/Animation/ControlRig/Content/Controls/ControlRig_QuarterCircle_1mm.ubulk" 272
"../../../Engine/Plugins/Animation/ControlRig/Content/Controls/ControlRig_QuarterCircle_1mm.uasset" 273
"../../../Engine/Plugins/Animation/ControlRig/Content/Controls/ControlRig_QuarterCircle_1mm.uexp" 274
"../../../Engine/Plugins/Animation/ControlRig/Content/Controls/ControlRig_Pyramid_solid.ubulk" 275
"../../../Engine/Plugins/Animation/ControlRig/Content/Controls/ControlRig_Pyramid_solid.uasset" 276
"../../../Engine/Plugins/Animation/ControlRig/Content/Controls/ControlRig_Pyramid_solid.uexp" 277
"../../../Engine/Plugins/Animation/ControlRig/Content/Controls/ControlRig_Pyramid_3mm.ubulk" 278
"../../../Engine/Plugins/Animation/ControlRig/Content/Controls/ControlRig_Pyramid_3mm.uasset" 279
"../../../Engine/Plugins/Animation/ControlRig/Content/Controls/ControlRig_Pyramid_3mm.uexp" 280
"../../../Engine/Plugins/Animation/ControlRig/Content/Controls/ControlRig_Pyramid_1mm.ubulk" 281
"../../../Engine/Plugins/Animation/ControlRig/Content/Controls/ControlRig_Pyramid_1mm.uasset" 282
"../../../Engine/Plugins/Animation/ControlRig/Content/Controls/ControlRig_Pyramid_1mm.uexp" 283
"../../../Engine/Plugins/Animation/ControlRig/Content/Controls/ControlRig_Octagon_solid.ubulk" 284
"../../../Engine/Plugins/Animation/ControlRig/Content/Controls/ControlRig_Octagon_solid.uasset" 285
"../../../Engine/Plugins/Animation/ControlRig/Content/Controls/ControlRig_Octagon_solid.uexp" 286
"../../../Engine/Plugins/Animation/ControlRig/Content/Controls/ControlRig_Octagon_3mm.ubulk" 287
"../../../Engine/Plugins/Animation/ControlRig/Content/Controls/ControlRig_Octagon_3mm.uasset" 288
"../../../Engine/Plugins/Animation/ControlRig/Content/Controls/ControlRig_Octagon_3mm.uexp" 289
"../../../Engine/Plugins/Animation/ControlRig/Content/Controls/ControlRig_Octagon_1mm.ubulk" 290
"../../../Engine/Plugins/Animation/ControlRig/Content/Controls/ControlRig_Octagon_1mm.uasset" 291
"../../../Engine/Plugins/Animation/ControlRig/Content/Controls/ControlRig_Octagon_1mm.uexp" 292
"../../../Engine/Plugins/Animation/ControlRig/Content/Controls/ControlRig_Hexagon_solid.ubulk" 293
"../../../Engine/Plugins/Animation/ControlRig/Content/Controls/ControlRig_Hexagon_solid.uasset" 294
"../../../Engine/Plugins/Animation/ControlRig/Content/Controls/ControlRig_Hexagon_solid.uexp" 295
"../../../Engine/Plugins/Animation/ControlRig/Content/Controls/ControlRig_Hexagon_3mm.ubulk" 296
"../../../Engine/Plugins/Animation/ControlRig/Content/Controls/ControlRig_Hexagon_3mm.uasset" 297
"../../../Engine/Plugins/Animation/ControlRig/Content/Controls/ControlRig_Hexagon_3mm.uexp" 298
"../../../Engine/Plugins/Animation/ControlRig/Content/Controls/ControlRig_Hexagon_1mm.ubulk" 299
"../../../Engine/Plugins/Animation/ControlRig/Content/Controls/ControlRig_Hexagon_1mm.uasset" 300
"../../../Engine/Plugins/Animation/ControlRig/Content/Controls/ControlRig_Hexagon_1mm.uexp" 301
"../../../Engine/Plugins/Animation/ControlRig/Content/Controls/ControlRig_HalfCircle_solid.ubulk" 302
"../../../Engine/Plugins/Animation/ControlRig/Content/Controls/ControlRig_HalfCircle_solid.uasset" 303
"../../../Engine/Plugins/Animation/ControlRig/Content/Controls/ControlRig_HalfCircle_solid.uexp" 304
"../../../Engine/Plugins/Animation/ControlRig/Content/Controls/ControlRig_HalfCircle_3mm.ubulk" 305
"../../../Engine/Plugins/Animation/ControlRig/Content/Controls/ControlRig_HalfCircle_3mm.uasset" 306
"../../../Engine/Plugins/Animation/ControlRig/Content/Controls/ControlRig_HalfCircle_3mm.uexp" 307
"../../../Engine/Plugins/Animation/ControlRig/Content/Controls/ControlRig_HalfCircle_1mm.ubulk" 308
"../../../Engine/Plugins/Animation/ControlRig/Content/Controls/ControlRig_HalfCircle_1mm.uasset" 309
"../../../Engine/Plugins/Animation/ControlRig/Content/Controls/ControlRig_HalfCircle_1mm.uexp" 310
"../../../Engine/Plugins/Animation/ControlRig/Content/Controls/ControlRig_Diamond_solid.ubulk" 311
"../../../Engine/Plugins/Animation/ControlRig/Content/Controls/ControlRig_Diamond_solid.uasset" 312
"../../../Engine/Plugins/Animation/ControlRig/Content/Controls/ControlRig_Diamond_solid.uexp" 313
"../../../Engine/Plugins/Animation/ControlRig/Content/Controls/ControlRig_Diamond_3mm.ubulk" 314
"../../../Engine/Plugins/Animation/ControlRig/Content/Controls/ControlRig_Diamond_3mm.uasset" 315
"../../../Engine/Plugins/Animation/ControlRig/Content/Controls/ControlRig_Diamond_3mm.uexp" 316
"../../../Engine/Plugins/Animation/ControlRig/Content/Controls/ControlRig_Diamond_1mm.ubulk" 317
"../../../Engine/Plugins/Animation/ControlRig/Content/Controls/ControlRig_Diamond_1mm.uasset" 318
"../../../Engine/Plugins/Animation/ControlRig/Content/Controls/ControlRig_Diamond_1mm.uexp" 319
"../../../Engine/Plugins/Animation/ControlRig/Content/Controls/ControlRig_Circle_solid.ubulk" 320
"../../../Engine/Plugins/Animation/ControlRig/Content/Controls/ControlRig_Circle_solid.uasset" 321
"../../../Engine/Plugins/Animation/ControlRig/Content/Controls/ControlRig_Circle_solid.uexp" 322
"../../../Engine/Plugins/Animation/ControlRig/Content/Controls/ControlRig_Circle_3mm.ubulk" 323
"../../../Engine/Plugins/Animation/ControlRig/Content/Controls/ControlRig_Circle_3mm.uasset" 324
"../../../Engine/Plugins/Animation/ControlRig/Content/Controls/ControlRig_Circle_3mm.uexp" 325
"../../../Engine/Plugins/Animation/ControlRig/Content/Controls/ControlRig_Circle_1mm.ubulk" 326
"../../../Engine/Plugins/Animation/ControlRig/Content/Controls/ControlRig_Circle_1mm.uasset" 327
"../../../Engine/Plugins/Animation/ControlRig/Content/Controls/ControlRig_Circle_1mm.uexp" 328
"../../../Engine/Plugins/Animation/ControlRig/Content/Controls/ControlRig_Box_solid.ubulk" 329
"../../../Engine/Plugins/Animation/ControlRig/Content/Controls/ControlRig_Box_solid.uasset" 330
"../../../Engine/Plugins/Animation/ControlRig/Content/Controls/ControlRig_Box_solid.uexp" 331
"../../../Engine/Plugins/Animation/ControlRig/Content/Controls/ControlRig_Box_3mm.ubulk" 332
"../../../Engine/Plugins/Animation/ControlRig/Content/Controls/ControlRig_Box_3mm.uasset" 333
"../../../Engine/Plugins/Animation/ControlRig/Content/Controls/ControlRig_Box_3mm.uexp" 334
"../../../Engine/Plugins/Animation/ControlRig/Content/Controls/ControlRig_Box_1mm.ubulk" 335
"../../../Engine/Plugins/Animation/ControlRig/Content/Controls/ControlRig_Box_1mm.uasset" 336
"../../../Engine/Plugins/Animation/ControlRig/Content/Controls/ControlRig_Box_1mm.uexp" 337
"../../../Engine/Plugins/Animation/ControlRig/Content/Controls/ControlRig_Arrow_solid.ubulk" 338
"../../../Engine/Plugins/Animation/ControlRig/Content/Controls/ControlRig_Arrow_solid.uasset" 339
"../../../Engine/Plugins/Animation/ControlRig/Content/Controls/ControlRig_Arrow_solid.uexp" 340
"../../../Engine/Plugins/Animation/ControlRig/Content/Controls/ControlRig_Arrow_3mm.ubulk" 341
"../../../Engine/Plugins/Animation/ControlRig/Content/Controls/ControlRig_Arrow_3mm.uasset" 342
"../../../Engine/Plugins/Animation/ControlRig/Content/Controls/ControlRig_Arrow_3mm.uexp" 343
"../../../Engine/Plugins/Animation/ControlRig/Content/Controls/ControlRig_Arrow_1mm.ubulk" 344
"../../../Engine/Plugins/Animation/ControlRig/Content/Controls/ControlRig_Arrow_1mm.uasset" 345
"../../../Engine/Plugins/Animation/ControlRig/Content/Controls/ControlRig_Arrow_1mm.uexp" 346
"../../../Engine/Plugins/Animation/ControlRig/Content/Controls/ControlRig_Arrow4_solid.ubulk" 347
"../../../Engine/Plugins/Animation/ControlRig/Content/Controls/ControlRig_Arrow4_solid.uasset" 348
"../../../Engine/Plugins/Animation/ControlRig/Content/Controls/ControlRig_Arrow4_solid.uexp" 349
"../../../Engine/Plugins/Animation/ControlRig/Content/Controls/ControlRig_Arrow4_3mm.ubulk" 350
"../../../Engine/Plugins/Animation/ControlRig/Content/Controls/ControlRig_Arrow4_3mm.uasset" 351
"../../../Engine/Plugins/Animation/ControlRig/Content/Controls/ControlRig_Arrow4_3mm.uexp" 352
"../../../Engine/Plugins/Animation/ControlRig/Content/Controls/ControlRig_Arrow4_1mm.ubulk" 353
"../../../Engine/Plugins/Animation/ControlRig/Content/Controls/ControlRig_Arrow4_1mm.uasset" 354
"../../../Engine/Plugins/Animation/ControlRig/Content/Controls/ControlRig_Arrow4_1mm.uexp" 355
"../../../Engine/Plugins/Animation/ControlRig/Content/Controls/ControlRig_Arrow2_solid.ubulk" 356
"../../../Engine/Plugins/Animation/ControlRig/Content/Controls/ControlRig_Arrow2_solid.uasset" 357
"../../../Engine/Plugins/Animation/ControlRig/Content/Controls/ControlRig_Arrow2_solid.uexp" 358
"../../../Engine/Plugins/Animation/ControlRig/Content/Controls/ControlRig_Arrow2_3mm.ubulk" 359
"../../../Engine/Plugins/Animation/ControlRig/Content/Controls/ControlRig_Arrow2_3mm.uasset" 360
"../../../Engine/Plugins/Animation/ControlRig/Content/Controls/ControlRig_Arrow2_3mm.uexp" 361
"../../../Engine/Plugins/Animation/ControlRig/Content/Controls/ControlRig_Arrow2_1mm.ubulk" 362
"../../../Engine/Plugins/Animation/ControlRig/Content/Controls/ControlRig_Arrow2_1mm.uasset" 363
"../../../Engine/Plugins/Animation/ControlRig/Content/Controls/ControlRig_Arrow2_1mm.uexp" 364
"../../../Engine/Plugins/Animation/ControlRig/Content/Controls/ControlRigXRayMaterial.uasset" 365
"../../../Engine/Plugins/Animation/ControlRig/Content/Controls/ControlRigXRayMaterial.uexp" 366
"../../../Engine/Plugins/Animation/ControlRig/Content/Controls/ControlRigGizmoMaterial.uasset" 367
"../../../Engine/Plugins/Animation/ControlRig/Content/Controls/ControlRigGizmoMaterial.uexp" 368
"../../../Engine/Plugins/Animation/ACLPlugin/Content/ACLAnimCurveCompressionSettings.uasset" 369
"../../../Engine/Plugins/Animation/ACLPlugin/Content/ACLAnimCurveCompressionSettings.uexp" 370
"../../../Engine/Plugins/Animation/ACLPlugin/Content/ACLAnimBoneCompressionSettings.uasset" 371
"../../../Engine/Plugins/Animation/ACLPlugin/Content/ACLAnimBoneCompressionSettings.uexp" 372
"../../../Engine/Content/VREditor/TransformGizmo/StartRotationHandleIndicator.ubulk" 373
"../../../Engine/Content/VREditor/TransformGizmo/StartRotationHandleIndicator.uasset" 374
"../../../Engine/Content/VREditor/TransformGizmo/StartRotationHandleIndicator.uexp" 375
"../../../Engine/Content/VREditor/Sounds/UI/Drop_Item_From_ContentBrowser.ubulk" 376
"../../../Engine/Content/VREditor/Sounds/UI/Drop_Item_From_ContentBrowser.uasset" 377
"../../../Engine/Content/VREditor/Sounds/UI/Drop_Item_From_ContentBrowser.uexp" 378
"../../../Engine/Content/VREditor/TransformGizmo/PlaneTranslationHandle.ubulk" 379
"../../../Engine/Content/VREditor/TransformGizmo/PlaneTranslationHandle.uasset" 380
"../../../Engine/Content/VREditor/TransformGizmo/PlaneTranslationHandle.uexp" 381
"../../../Engine/Content/VREditor/Sounds/UI/Object_Snaps_To_Grid.ubulk" 382
"../../../Engine/Content/VREditor/Sounds/UI/Object_Snaps_To_Grid.uasset" 383
"../../../Engine/Content/VREditor/Sounds/UI/Object_Snaps_To_Grid.uexp" 384
"../../../Engine/Content/VREditor/Sounds/UI/Selection_Changes.ubulk" 385
"../../../Engine/Content/VREditor/Sounds/UI/Selection_Changes.uasset" 386
"../../../Engine/Content/VREditor/Sounds/UI/Selection_Changes.uexp" 387
"../../../Engine/Content/VREditor/Sounds/UI/Object_Snaps_To_Another_Actor.ubulk" 388
"../../../Engine/Content/VREditor/Sounds/UI/Object_Snaps_To_Another_Actor.uasset" 389
"../../../Engine/Content/VREditor/Sounds/UI/Object_Snaps_To_Another_Actor.uexp" 390
"../../../Engine/Content/VREditor/TransformGizmo/TranslucentTransformGizmoMaterial_Inst.uasset" 391
"../../../Engine/Content/VREditor/TransformGizmo/TranslucentTransformGizmoMaterial_Inst.uexp" 392
"../../../Engine/Content/VREditor/TransformGizmo/TransformGizmoFreeRotation.ubulk" 393
"../../../Engine/Content/VREditor/TransformGizmo/TransformGizmoFreeRotation.uasset" 394
"../../../Engine/Content/VREditor/TransformGizmo/TransformGizmoFreeRotation.uexp" 395
"../../../Engine/Content/VREditor/Sounds/UI/Scaling_Down.ubulk" 396
"../../../Engine/Content/VREditor/Sounds/UI/Scaling_Down.uasset" 397
"../../../Engine/Content/VREditor/Sounds/UI/Scaling_Down.uexp" 398
"../../../Engine/Content/Functions/Engine_MaterialFunctions02/Math/Transform3x3Matrix.uasset" 399
"../../../Engine/Content/Functions/Engine_MaterialFunctions02/Math/Transform3x3Matrix.uexp" 400
"../../../Engine/Content/Functions/Engine_MaterialFunctions02/SplitComponents.uasset" 401
"../../../Engine/Content/Functions/Engine_MaterialFunctions02/SplitComponents.uexp" 402
"../../../Engine/Content/Functions/Engine_MaterialFunctions02/Utility/MakeFloat3.uasset" 403
"../../../Engine/Content/Functions/Engine_MaterialFunctions02/Utility/MakeFloat3.uexp" 404
"../../../Engine/Content/VREditor/SnapGrid/SnapGridMaterial.uasset" 405
"../../../Engine/Content/VREditor/SnapGrid/SnapGridMaterial.uexp" 406
"../../../Engine/Content/VREditor/SnapGrid/SnapGridPlaneMesh.ubulk" 407
"../../../Engine/Content/VREditor/SnapGrid/SnapGridPlaneMesh.uasset" 408
"../../../Engine/Content/VREditor/SnapGrid/SnapGridPlaneMesh.uexp" 409
"../../../Engine/Content/VREditor/Sounds/UI/Scaling_Up.ubulk" 410
"../../../Engine/Content/VREditor/Sounds/UI/Scaling_Up.uasset" 411
"../../../Engine/Content/VREditor/Sounds/UI/Scaling_Up.uexp" 412
"../../../Engine/Content/VREditor/TransformGizmo/TransformGizmoMaterial_Inst.uasset" 413
"../../../Engine/Content/VREditor/TransformGizmo/TransformGizmoMaterial_Inst.uexp" 414
"../../../Engine/Content/VREditor/Sounds/UI/Gizmo_Handle_Clicked.ubulk" 415
"../../../Engine/Content/VREditor/Sounds/UI/Gizmo_Handle_Clicked.uasset" 416
"../../../Engine/Content/VREditor/Sounds/UI/Gizmo_Handle_Clicked.uexp" 417
"../../../Engine/Content/VREditor/TransformGizmo/RotationHandleQuarter.ubulk" 418
"../../../Engine/Content/VREditor/TransformGizmo/RotationHandleQuarter.uasset" 419
"../../../Engine/Content/VREditor/TransformGizmo/RotationHandleQuarter.uexp" 420
"../../../Engine/Content/VREditor/TransformGizmo/TranslateArrowHandle.ubulk" 421
"../../../Engine/Content/VREditor/TransformGizmo/TranslateArrowHandle.uasset" 422
"../../../Engine/Content/VREditor/TransformGizmo/TranslateArrowHandle.uexp" 423
"../../../Engine/Content/VREditor/TransformGizmo/RotationHandleIndicator.ubulk" 424
"../../../Engine/Content/VREditor/TransformGizmo/RotationHandleIndicator.uasset" 425
"../../../Engine/Content/VREditor/TransformGizmo/RotationHandleIndicator.uexp" 426
"../../../Engine/Content/VREditor/TransformGizmo/UniformScaleHandle.ubulk" 427
"../../../Engine/Content/VREditor/TransformGizmo/UniformScaleHandle.uasset" 428
"../../../Engine/Content/VREditor/TransformGizmo/UniformScaleHandle.uexp" 429
"../../../Engine/Content/VREditor/TransformGizmo/RotationHandleFull.ubulk" 430
"../../../Engine/Content/VREditor/TransformGizmo/RotationHandleFull.uasset" 431
"../../../Engine/Content/VREditor/TransformGizmo/RotationHandleFull.uexp" 432
"../../../Engine/Content/VREditor/Sounds/UI/Object_PickUp.ubulk" 433
"../../../Engine/Content/VREditor/Sounds/UI/Object_PickUp.uasset" 434
"../../../Engine/Content/VREditor/Sounds/UI/Object_PickUp.uexp" 435
"../../../Engine/Content/EngineResources/WhiteSquareTexture.uasset" 436
"../../../Engine/Content/EngineResources/WhiteSquareTexture.uexp" 437
"../../../Engine/Content/EngineMaterials/Widget3DPassThrough.uasset" 438
"../../../Engine/Content/EngineMaterials/Widget3DPassThrough.uexp" 439
"../../../Engine/Content/EngineMaterials/Widget3DPassThrough_Translucent.uasset" 440
"../../../Engine/Content/EngineMaterials/Widget3DPassThrough_Translucent.uexp" 441
"../../../Engine/Content/EngineMaterials/Widget3DPassThrough_Translucent_OneSided.uasset" 442
"../../../Engine/Content/EngineMaterials/Widget3DPassThrough_Translucent_OneSided.uexp" 443
"../../../Engine/Content/EngineMaterials/Widget3DPassThrough_Opaque.uasset" 444
"../../../Engine/Content/EngineMaterials/Widget3DPassThrough_Opaque.uexp" 445
"../../../Engine/Content/EngineMaterials/Widget3DPassThrough_Opaque_OneSided.uasset" 446
"../../../Engine/Content/EngineMaterials/Widget3DPassThrough_Opaque_OneSided.uexp" 447
"../../../Engine/Content/EngineMaterials/Widget3DPassThrough_Masked_OneSided.uasset" 448
"../../../Engine/Content/EngineMaterials/Widget3DPassThrough_Masked_OneSided.uexp" 449
"../../../Engine/Content/EngineMaterials/Widget3DPassThrough_Masked.uasset" 450
"../../../Engine/Content/EngineMaterials/Widget3DPassThrough_Masked.uexp" 451
"../../../Engine/Content/EngineMaterials/STBlueNoise_vec2_128x128x64.uasset" 452
"../../../Engine/Content/EngineMaterials/STBlueNoise_vec2_128x128x64.uexp" 453
"../../../Engine/Content/EngineMaterials/RemoveSurfaceMaterial.uasset" 454
"../../../Engine/Content/EngineMaterials/RemoveSurfaceMaterial.uexp" 455
"../../../Engine/Content/EngineMaterials/DefaultCalibrationGrayscale.uasset" 456
"../../../Engine/Content/EngineMaterials/DefaultCalibrationGrayscale.uexp" 457
"../../../Engine/Content/EngineMaterials/PPM_DefaultCalibrationGrayscale.uasset" 458
"../../../Engine/Content/EngineMaterials/PPM_DefaultCalibrationGrayscale.uexp" 459
"../../../Engine/Content/EngineMaterials/DefaultCalibrationColor.uasset" 460
"../../../Engine/Content/EngineMaterials/DefaultCalibrationColor.uexp" 461
"../../../Engine/Content/EngineMaterials/PPM_DefaultCalibrationColor.uasset" 462
"../../../Engine/Content/EngineMaterials/PPM_DefaultCalibrationColor.uexp" 463
"../../../Engine/Content/EngineMaterials/PhAT_JointLimitMaterial.uasset" 464
"../../../Engine/Content/EngineMaterials/PhAT_JointLimitMaterial.uexp" 465
"../../../Engine/Content/EngineMaterials/NaniteHiddenSectionMaterial.uasset" 466
"../../../Engine/Content/EngineMaterials/NaniteHiddenSectionMaterial.uexp" 467
"../../../Engine/Content/EngineMaterials/InvalidLightmapSettings.ubulk" 468
"../../../Engine/Content/EngineMaterials/InvalidLightmapSettings.uasset" 469
"../../../Engine/Content/EngineMaterials/InvalidLightmapSettings.uexp" 470
"../../../Engine/Content/EngineMaterials/M_InvalidLightmapSettings.uasset" 471
"../../../Engine/Content/EngineMaterials/M_InvalidLightmapSettings.uexp" 472
"../../../Engine/Content/EngineMaterials/GizmoMaterial.uasset" 473
"../../../Engine/Content/EngineMaterials/GizmoMaterial.uexp" 474
"../../../Engine/Content/EngineMaterials/BaseFlattenEmissiveMap_VT.uasset" 475
"../../../Engine/Content/EngineMaterials/BaseFlattenEmissiveMap_VT.uexp" 476
"../../../Engine/Content/EngineMaterials/BaseFlattenGrayscaleMap_VT.uasset" 477
"../../../Engine/Content/EngineMaterials/BaseFlattenGrayscaleMap_VT.uexp" 478
"../../../Engine/Content/EngineMaterials/BaseFlattenLinearColor_VT.uasset" 479
"../../../Engine/Content/EngineMaterials/BaseFlattenLinearColor_VT.uexp" 480
"../../../Engine/Content/EngineMaterials/Black_1x1_EXR_Texture_VT.uasset" 481
"../../../Engine/Content/EngineMaterials/Black_1x1_EXR_Texture_VT.uexp" 482
"../../../Engine/Content/EngineMaterials/BaseFlattenDiffuseMap_VT.uasset" 483
"../../../Engine/Content/EngineMaterials/BaseFlattenDiffuseMap_VT.uexp" 484
"../../../Engine/Content/EngineMaterials/BaseFlattenNormalMap_VT.uasset" 485
"../../../Engine/Content/EngineMaterials/BaseFlattenNormalMap_VT.uexp" 486
"../../../Engine/Content/EngineMaterials/FlattenMaterial_VT.uasset" 487
"../../../Engine/Content/EngineMaterials/FlattenMaterial_VT.uexp" 488
"../../../Engine/Content/EngineMaterials/BaseFlattenNormalMap.uasset" 489
"../../../Engine/Content/EngineMaterials/BaseFlattenNormalMap.uexp" 490
"../../../Engine/Content/EngineMaterials/BaseFlattenGrayscaleMap.uasset" 491
"../../../Engine/Content/EngineMaterials/BaseFlattenGrayscaleMap.uexp" 492
"../../../Engine/Content/EngineMaterials/BaseFlattenDiffuseMap.uasset" 493
"../../../Engine/Content/EngineMaterials/BaseFlattenDiffuseMap.uexp" 494
"../../../Engine/Content/Functions/Engine_MaterialFunctions02/PivotPainter2/Black_1x1_EXR_Texture.uasset" 495
"../../../Engine/Content/Functions/Engine_MaterialFunctions02/PivotPainter2/Black_1x1_EXR_Texture.uexp" 496
"../../../Engine/Content/EngineMaterials/BaseFlattenEmissiveMap.uasset" 497
"../../../Engine/Content/EngineMaterials/BaseFlattenEmissiveMap.uexp" 498
"../../../Engine/Content/EngineMaterials/BaseFlattenLinearColor.uasset" 499
"../../../Engine/Content/EngineMaterials/BaseFlattenLinearColor.uexp" 500
"../../../Engine/Content/EngineMaterials/FlattenMaterial.uasset" 501
"../../../Engine/Content/EngineMaterials/FlattenMaterial.uexp" 502
"../../../Engine/Content/EngineMaterials/DefaultWhiteGrid_Low.uasset" 503
"../../../Engine/Content/EngineMaterials/DefaultWhiteGrid_Low.uexp" 504
"../../../Engine/Content/EngineMaterials/EmissiveMeshMaterial.uasset" 505
"../../../Engine/Content/EngineMaterials/EmissiveMeshMaterial.uexp" 506
"../../../Engine/Content/EngineFonts/RobotoDistanceField.uasset" 507
"../../../Engine/Content/EngineFonts/RobotoDistanceField.uexp" 508
"../../../Engine/Content/EngineMaterials/DefaultTextMaterialOpaque.uasset" 509
"../../../Engine/Content/EngineMaterials/DefaultTextMaterialOpaque.uexp" 510
"../../../Engine/Content/EngineMaterials/DefaultDiffuse.ubulk" 511
"../../../Engine/Content/EngineMaterials/DefaultDiffuse.uasset" 512
"../../../Engine/Content/EngineMaterials/DefaultDiffuse.uexp" 513
"../../../Engine/Content/Functions/Engine_MaterialFunctions02/Utility/BreakOutFloat2Components.uasset" 514
"../../../Engine/Content/Functions/Engine_MaterialFunctions02/Utility/BreakOutFloat2Components.uexp" 515
"../../../Engine/Content/EngineMaterials/DefaultPostProcessMaterial.uasset" 516
"../../../Engine/Content/EngineMaterials/DefaultPostProcessMaterial.uexp" 517
"../../../Engine/Content/EngineMaterials/DefaultLightFunctionMaterial.uasset" 518
"../../../Engine/Content/EngineMaterials/DefaultLightFunctionMaterial.uexp" 519
"../../../Engine/Content/EngineMaterials/DefaultDestructiblePhysicalMaterial.uasset" 520
"../../../Engine/Content/EngineMaterials/DefaultDestructiblePhysicalMaterial.uexp" 521
"../../../Engine/Content/EngineMaterials/DefaultDeferredDecalMaterial.uasset" 522
"../../../Engine/Content/EngineMaterials/DefaultDeferredDecalMaterial.uexp" 523
"../../../Engine/Content/EngineMaterials/DefaultBloomKernel.uasset" 524
"../../../Engine/Content/EngineMaterials/DefaultBloomKernel.uexp" 525
"../../../Engine/Content/EngineFonts/Faces/RobotoLight.uexp" 526
"../../../Engine/Content/EngineFonts/Faces/RobotoLight.uasset" 527
"../../../Engine/Content/EngineFonts/Faces/RobotoLight.ufont" 528
"../../../Engine/Content/EngineFonts/Faces/RobotoBold.uexp" 529
"../../../Engine/Content/EngineFonts/Faces/RobotoBold.uasset" 530
"../../../Engine/Content/EngineFonts/Faces/RobotoBold.ufont" 531
"../../../Engine/Content/EngineFonts/Faces/RobotoRegular.uexp" 532
"../../../Engine/Content/EngineFonts/Faces/RobotoRegular.uasset" 533
"../../../Engine/Content/EngineFonts/Faces/RobotoRegular.ufont" 534
"../../../Engine/Content/EngineFonts/Faces/DroidSansFallback.uexp" 535
"../../../Engine/Content/EngineFonts/Faces/DroidSansFallback.uasset" 536
"../../../Engine/Content/EngineFonts/Faces/DroidSansFallback.ufont" 537
"../../../Engine/Content/EngineFonts/Faces/RobotoItalic.uexp" 538
"../../../Engine/Content/EngineFonts/Faces/RobotoItalic.uasset" 539
"../../../Engine/Content/EngineFonts/Faces/RobotoItalic.ufont" 540
"../../../Engine/Content/EngineFonts/Faces/RobotoBoldItalic.uexp" 541
"../../../Engine/Content/EngineFonts/Faces/RobotoBoldItalic.uasset" 542
"../../../Engine/Content/EngineFonts/Faces/RobotoBoldItalic.ufont" 543
"../../../Engine/Content/EngineFonts/Roboto.uasset" 544
"../../../Engine/Content/EngineFonts/Roboto.uexp" 545
"../../../Engine/Content/EngineDebugMaterials/VolumeToRender.uasset" 546
"../../../Engine/Content/EngineDebugMaterials/VolumeToRender.uexp" 547
"../../../Engine/Content/EngineDebugMaterials/M_VolumeRenderSphereTracePP.uasset" 548
"../../../Engine/Content/EngineDebugMaterials/M_VolumeRenderSphereTracePP.uexp" 549
"../../../Engine/Content/EngineDebugMaterials/M_SimpleUnlitTranslucent.uasset" 550
"../../../Engine/Content/EngineDebugMaterials/M_SimpleUnlitTranslucent.uexp" 551
"../../../Engine/Content/EngineDebugMaterials/DebugMeshMaterial.uasset" 552
"../../../Engine/Content/EngineDebugMaterials/DebugMeshMaterial.uexp" 553
"../../../Engine/Content/EngineDebugMaterials/DebugEditorMaterial.uasset" 554
"../../../Engine/Content/EngineDebugMaterials/DebugEditorMaterial.uexp" 555
"../../../Engine/Content/EngineDamageTypes/DmgTypeBP_Environmental.uasset" 556
"../../../Engine/Content/EngineDamageTypes/DmgTypeBP_Environmental.uexp" 557
"../../../Engine/Content/EditorResources/S_Terrain.ubulk" 558
"../../../Engine/Content/EditorResources/S_Terrain.uasset" 559
"../../../Engine/Content/EditorResources/S_Terrain.uexp" 560
"../../../Engine/Content/EditorResources/EmptyActor.uasset" 561
"../../../Engine/Content/EditorResources/EmptyActor.uexp" 562
"../../../Engine/Content/EditorResources/BSPVertex.uasset" 563
"../../../Engine/Content/EditorResources/BSPVertex.uexp" 564
"../../../Engine/Content/EditorMaterials/PreviewShadowIndicator.ubulk" 565
"../../../Engine/Content/EditorMaterials/PreviewShadowIndicator.uasset" 566
"../../../Engine/Content/EditorMaterials/PreviewShadowIndicator.uexp" 567
"../../../Engine/Content/EditorMaterials/PreviewShadowIndicatorMaterial.uasset" 568
"../../../Engine/Content/EditorMaterials/PreviewShadowIndicatorMaterial.uexp" 569
"../../../Engine/Content/EditorMaterials/PhAT_UnselectedMaterial.uasset" 570
"../../../Engine/Content/EditorMaterials/PhAT_UnselectedMaterial.uexp" 571
"../../../Engine/Content/EditorMaterials/PhAT_NoCollisionMaterial.uasset" 572
"../../../Engine/Content/EditorMaterials/PhAT_NoCollisionMaterial.uexp" 573
"../../../Engine/Content/EditorLandscapeResources/DefaultAlphaTexture.uasset" 574
"../../../Engine/Content/EditorLandscapeResources/DefaultAlphaTexture.uexp" 575
"../../../Engine/Content/EditorLandscapeResources/DataLayer.uasset" 576
"../../../Engine/Content/EditorLandscapeResources/DataLayer.uexp" 577
"../../../Engine/Content/Animation/DefaultVariableFrameStrippingSettings.uasset" 578
"../../../Engine/Content/Animation/DefaultVariableFrameStrippingSettings.uexp" 579
"C:/Users/user/Documents/Unreal Projects/AdvancedCombatDemo/Content/_GENERATED/user/Cylinder_F382C7EA.ubulk" 580
"C:/Users/user/Documents/Unreal Projects/AdvancedCombatDemo/Content/_GENERATED/user/Cylinder_F382C7EA.uasset" 581
"C:/Users/user/Documents/Unreal Projects/AdvancedCombatDemo/Content/_GENERATED/user/Cylinder_F382C7EA.uexp" 582
"C:/Users/user/Documents/Unreal Projects/AdvancedCombatDemo/Content/_GENERATED/user/Cylinder_3692A7A9.ubulk" 583
"C:/Users/user/Documents/Unreal Projects/AdvancedCombatDemo/Content/_GENERATED/user/Cylinder_3692A7A9.uasset" 584
"C:/Users/user/Documents/Unreal Projects/AdvancedCombatDemo/Content/_GENERATED/user/Cylinder_3692A7A9.uexp" 585
"C:/Users/user/Documents/Unreal Projects/AdvancedCombatDemo/Content/_GENERATED/user/CSGMesh_57D6DC4E.ubulk" 586
"C:/Users/user/Documents/Unreal Projects/AdvancedCombatDemo/Content/_GENERATED/user/CSGMesh_57D6DC4E.uasset" 587
"C:/Users/user/Documents/Unreal Projects/AdvancedCombatDemo/Content/_GENERATED/user/CSGMesh_57D6DC4E.uexp" 588
"C:/Users/user/Documents/Unreal Projects/AdvancedCombatDemo/Content/_GENERATED/user/CSGMesh_4E3AEE67.ubulk" 589
"C:/Users/user/Documents/Unreal Projects/AdvancedCombatDemo/Content/_GENERATED/user/CSGMesh_4E3AEE67.uasset" 590
"C:/Users/user/Documents/Unreal Projects/AdvancedCombatDemo/Content/_GENERATED/user/CSGMesh_4E3AEE67.uexp" 591
"C:/Users/user/Documents/Unreal Projects/AdvancedCombatDemo/Content/_GENERATED/user/Box_F55CFBBA.ubulk" 592
"C:/Users/user/Documents/Unreal Projects/AdvancedCombatDemo/Content/_GENERATED/user/Box_F55CFBBA.uasset" 593
"C:/Users/user/Documents/Unreal Projects/AdvancedCombatDemo/Content/_GENERATED/user/Box_F55CFBBA.uexp" 594
"C:/Users/user/Documents/Unreal Projects/AdvancedCombatDemo/Content/Megascans/3D_Assets/Burnt_Brick_Debris_uk3jehjjw/T_Burnt_Brick_Debris_uk3jehjjw_2K_D.ubulk" 595
"C:/Users/user/Documents/Unreal Projects/AdvancedCombatDemo/Content/Megascans/3D_Assets/Burnt_Brick_Debris_uk3jehjjw/T_Burnt_Brick_Debris_uk3jehjjw_2K_D.uasset" 596
"C:/Users/user/Documents/Unreal Projects/AdvancedCombatDemo/Content/Megascans/3D_Assets/Burnt_Brick_Debris_uk3jehjjw/T_Burnt_Brick_Debris_uk3jehjjw_2K_D.uexp" 597
"../../../Engine/Plugins/Bridge/Content/MSPresets/MSTextures/Placeholder_Normal.uasset" 598
"../../../Engine/Plugins/Bridge/Content/MSPresets/MSTextures/Placeholder_Normal.uexp" 599
"../../../Engine/Plugins/Bridge/Content/MSPresets/MSTextures/WhitePlaceholder.uasset" 600
"../../../Engine/Plugins/Bridge/Content/MSPresets/MSTextures/WhitePlaceholder.uexp" 601
"../../../Engine/Plugins/Bridge/Content/MSPresets/MSTextures/BlackPlaceholder.uasset" 602
"../../../Engine/Plugins/Bridge/Content/MSPresets/MSTextures/BlackPlaceholder.uexp" 603
"../../../Engine/Plugins/Bridge/Content/MSPresets/M_MS_Default_Material/Functions/MF_ObjAdjustments.uasset" 604
"../../../Engine/Plugins/Bridge/Content/MSPresets/M_MS_Default_Material/Functions/MF_ObjAdjustments.uexp" 605
"C:/Users/user/Documents/Unreal Projects/AdvancedCombatDemo/Content/MSPresets/M_MS_Default_Material/M_MS_Default_Material.uasset" 606
"C:/Users/user/Documents/Unreal Projects/AdvancedCombatDemo/Content/MSPresets/M_MS_Default_Material/M_MS_Default_Material.uexp" 607
"C:/Users/user/Documents/Unreal Projects/AdvancedCombatDemo/Content/Megascans/3D_Assets/Burnt_Brick_Debris_uk3jehjjw/T_Burnt_Brick_Debris_uk3jehjjw_2K_N.ubulk" 608
"C:/Users/user/Documents/Unreal Projects/AdvancedCombatDemo/Content/Megascans/3D_Assets/Burnt_Brick_Debris_uk3jehjjw/T_Burnt_Brick_Debris_uk3jehjjw_2K_N.uasset" 609
"C:/Users/user/Documents/Unreal Projects/AdvancedCombatDemo/Content/Megascans/3D_Assets/Burnt_Brick_Debris_uk3jehjjw/T_Burnt_Brick_Debris_uk3jehjjw_2K_N.uexp" 610
"C:/Users/user/Documents/Unreal Projects/AdvancedCombatDemo/Content/Megascans/3D_Assets/Burnt_Brick_Debris_uk3jehjjw/T_BurntBrickDebris_uk3jehjjw_2K_DpR.ubulk" 611
"C:/Users/user/Documents/Unreal Projects/AdvancedCombatDemo/Content/Megascans/3D_Assets/Burnt_Brick_Debris_uk3jehjjw/T_BurntBrickDebris_uk3jehjjw_2K_DpR.uasset" 612
"C:/Users/user/Documents/Unreal Projects/AdvancedCombatDemo/Content/Megascans/3D_Assets/Burnt_Brick_Debris_uk3jehjjw/T_BurntBrickDebris_uk3jehjjw_2K_DpR.uexp" 613
"C:/Users/user/Documents/Unreal Projects/AdvancedCombatDemo/Content/Megascans/3D_Assets/Burnt_Brick_Debris_uk3jehjjw/MI_Burnt_Brick_Debris_uk3jehjjw_2K.uasset" 614
"C:/Users/user/Documents/Unreal Projects/AdvancedCombatDemo/Content/Megascans/3D_Assets/Burnt_Brick_Debris_uk3jehjjw/MI_Burnt_Brick_Debris_uk3jehjjw_2K.uexp" 615
"C:/Users/user/Documents/Unreal Projects/AdvancedCombatDemo/Content/Megascans/3D_Assets/Burnt_Brick_Debris_uk3jehjjw/S_Burnt_Brick_Debris_uk3jehjjw_lod3_Var1.ubulk" 616
"C:/Users/user/Documents/Unreal Projects/AdvancedCombatDemo/Content/Megascans/3D_Assets/Burnt_Brick_Debris_uk3jehjjw/S_Burnt_Brick_Debris_uk3jehjjw_lod3_Var1.uasset" 617
"C:/Users/user/Documents/Unreal Projects/AdvancedCombatDemo/Content/Megascans/3D_Assets/Burnt_Brick_Debris_uk3jehjjw/S_Burnt_Brick_Debris_uk3jehjjw_lod3_Var1.uexp" 618
"C:/Users/user/Documents/Unreal Projects/AdvancedCombatDemo/Content/StarterContent/Textures/T_Smoke_SubUV.ubulk" 619
"C:/Users/user/Documents/Unreal Projects/AdvancedCombatDemo/Content/StarterContent/Textures/T_Smoke_SubUV.uasset" 620
"C:/Users/user/Documents/Unreal Projects/AdvancedCombatDemo/Content/StarterContent/Textures/T_Smoke_SubUV.uexp" 621
"C:/Users/user/Documents/Unreal Projects/AdvancedCombatDemo/Content/StarterContent/Textures/T_Smoke_Tiled_D.ubulk" 622
"C:/Users/user/Documents/Unreal Projects/AdvancedCombatDemo/Content/StarterContent/Textures/T_Smoke_Tiled_D.uasset" 623
"C:/Users/user/Documents/Unreal Projects/AdvancedCombatDemo/Content/StarterContent/Textures/T_Smoke_Tiled_D.uexp" 624
"C:/Users/user/Documents/Unreal Projects/AdvancedCombatDemo/Content/StarterContent/Particles/Materials/M_smoke_subUV.uasset" 625
"C:/Users/user/Documents/Unreal Projects/AdvancedCombatDemo/Content/StarterContent/Particles/Materials/M_smoke_subUV.uexp" 626
"C:/Users/user/Documents/Unreal Projects/AdvancedCombatDemo/Content/Megascans/3D_Assets/Burnt_Brick_Debris_ukvmcaviw/T_Burnt_Brick_Debris_ukvmcaviw_2K_N.ubulk" 627
"C:/Users/user/Documents/Unreal Projects/AdvancedCombatDemo/Content/Megascans/3D_Assets/Burnt_Brick_Debris_ukvmcaviw/T_Burnt_Brick_Debris_ukvmcaviw_2K_N.uasset" 628
"C:/Users/user/Documents/Unreal Projects/AdvancedCombatDemo/Content/Megascans/3D_Assets/Burnt_Brick_Debris_ukvmcaviw/T_Burnt_Brick_Debris_ukvmcaviw_2K_N.uexp" 629
"C:/Users/user/Documents/Unreal Projects/AdvancedCombatDemo/Content/Megascans/3D_Assets/Burnt_Brick_Debris_ukvmcaviw/T_BurntBrickDebris_ukvmcaviw_2K_DpR.ubulk" 630
"C:/Users/user/Documents/Unreal Projects/AdvancedCombatDemo/Content/Megascans/3D_Assets/Burnt_Brick_Debris_ukvmcaviw/T_BurntBrickDebris_ukvmcaviw_2K_DpR.uasset" 631
"C:/Users/user/Documents/Unreal Projects/AdvancedCombatDemo/Content/Megascans/3D_Assets/Burnt_Brick_Debris_ukvmcaviw/T_BurntBrickDebris_ukvmcaviw_2K_DpR.uexp" 632
"C:/Users/user/Documents/Unreal Projects/AdvancedCombatDemo/Content/Megascans/3D_Assets/Burnt_Brick_Debris_ukvmcaviw/T_Burnt_Brick_Debris_ukvmcaviw_2K_D.ubulk" 633
"C:/Users/user/Documents/Unreal Projects/AdvancedCombatDemo/Content/Megascans/3D_Assets/Burnt_Brick_Debris_ukvmcaviw/T_Burnt_Brick_Debris_ukvmcaviw_2K_D.uasset" 634
"C:/Users/user/Documents/Unreal Projects/AdvancedCombatDemo/Content/Megascans/3D_Assets/Burnt_Brick_Debris_ukvmcaviw/T_Burnt_Brick_Debris_ukvmcaviw_2K_D.uexp" 635
"C:/Users/user/Documents/Unreal Projects/AdvancedCombatDemo/Content/Megascans/3D_Assets/Burnt_Brick_Debris_ukvmcaviw/MI_Burnt_Brick_Debris_ukvmcaviw_2K.uasset" 636
"C:/Users/user/Documents/Unreal Projects/AdvancedCombatDemo/Content/Megascans/3D_Assets/Burnt_Brick_Debris_ukvmcaviw/MI_Burnt_Brick_Debris_ukvmcaviw_2K.uexp" 637
"C:/Users/user/Documents/Unreal Projects/AdvancedCombatDemo/Content/Megascans/3D_Assets/Burnt_Brick_Debris_ukvmcaviw/MI_Burnt_Concrete_Debris_ukvmcaviw_2K.uasset" 638
"C:/Users/user/Documents/Unreal Projects/AdvancedCombatDemo/Content/Megascans/3D_Assets/Burnt_Brick_Debris_ukvmcaviw/MI_Burnt_Concrete_Debris_ukvmcaviw_2K.uexp" 639
"../../../Engine/Content/Functions/Engine_MaterialFunctions02/ExampleContent/Textures/OffsetNoiseDistanceFields_ForNormals.ubulk" 640
"../../../Engine/Content/Functions/Engine_MaterialFunctions02/ExampleContent/Textures/OffsetNoiseDistanceFields_ForNormals.uasset" 641
"../../../Engine/Content/Functions/Engine_MaterialFunctions02/ExampleContent/Textures/OffsetNoiseDistanceFields_ForNormals.uexp" 642
"../../../Engine/Content/Functions/Engine_MaterialFunctions03/Procedurals/NormalFromHeightmap.uasset" 643
"../../../Engine/Content/Functions/Engine_MaterialFunctions03/Procedurals/NormalFromHeightmap.uexp" 644
"../../../Engine/Content/EditorMaterials/AssetViewer/EpicQuadPanorama_CC+EV1.uasset" 645
"../../../Engine/Content/EditorMaterials/AssetViewer/EpicQuadPanorama_CC+EV1.uexp" 646
"C:/Users/user/Documents/Unreal Projects/AdvancedCombatDemo/Content/VFX/Flesh/M_BloodParticle.uasset" 647
"C:/Users/user/Documents/Unreal Projects/AdvancedCombatDemo/Content/VFX/Flesh/M_BloodParticle.uexp" 648
"../../../Engine/Content/MapTemplates/Sky/SunsetAmbientCubemap.uasset" 649
"../../../Engine/Content/MapTemplates/Sky/SunsetAmbientCubemap.uexp" 650
"C:/Users/user/Documents/Unreal Projects/AdvancedCombatDemo/Content/VFX/Flesh/M_BloodParticle_Inst.uasset" 651
"C:/Users/user/Documents/Unreal Projects/AdvancedCombatDemo/Content/VFX/Flesh/M_BloodParticle_Inst.uexp" 652
"C:/Users/user/Documents/Unreal Projects/AdvancedCombatDemo/Content/Megascans/3D_Assets/Burnt_Brick_Debris_uktjfi1iw/T_Burnt_Brick_Debris_uktjfi1iw_2K_D.ubulk" 653
"C:/Users/user/Documents/Unreal Projects/AdvancedCombatDemo/Content/Megascans/3D_Assets/Burnt_Brick_Debris_uktjfi1iw/T_Burnt_Brick_Debris_uktjfi1iw_2K_D.uasset" 654
"C:/Users/user/Documents/Unreal Projects/AdvancedCombatDemo/Content/Megascans/3D_Assets/Burnt_Brick_Debris_uktjfi1iw/T_Burnt_Brick_Debris_uktjfi1iw_2K_D.uexp" 655
"C:/Users/user/Documents/Unreal Projects/AdvancedCombatDemo/Content/Megascans/3D_Assets/Burnt_Brick_Debris_uktjfi1iw/T_BurntBrickDebris_uktjfi1iw_2K_DpR.ubulk" 656
"C:/Users/user/Documents/Unreal Projects/AdvancedCombatDemo/Content/Megascans/3D_Assets/Burnt_Brick_Debris_uktjfi1iw/T_BurntBrickDebris_uktjfi1iw_2K_DpR.uasset" 657
"C:/Users/user/Documents/Unreal Projects/AdvancedCombatDemo/Content/Megascans/3D_Assets/Burnt_Brick_Debris_uktjfi1iw/T_BurntBrickDebris_uktjfi1iw_2K_DpR.uexp" 658
"C:/Users/user/Documents/Unreal Projects/AdvancedCombatDemo/Content/Megascans/3D_Assets/Burnt_Brick_Debris_uktjfi1iw/T_Burnt_Brick_Debris_uktjfi1iw_2K_N.ubulk" 659
"C:/Users/user/Documents/Unreal Projects/AdvancedCombatDemo/Content/Megascans/3D_Assets/Burnt_Brick_Debris_uktjfi1iw/T_Burnt_Brick_Debris_uktjfi1iw_2K_N.uasset" 660
"C:/Users/user/Documents/Unreal Projects/AdvancedCombatDemo/Content/Megascans/3D_Assets/Burnt_Brick_Debris_uktjfi1iw/T_Burnt_Brick_Debris_uktjfi1iw_2K_N.uexp" 661
"C:/Users/user/Documents/Unreal Projects/AdvancedCombatDemo/Content/Megascans/3D_Assets/Burnt_Brick_Debris_uktjfi1iw/MI_Burnt_Brick_Debris_uktjfi1iw_2K.uasset" 662
"C:/Users/user/Documents/Unreal Projects/AdvancedCombatDemo/Content/Megascans/3D_Assets/Burnt_Brick_Debris_uktjfi1iw/MI_Burnt_Brick_Debris_uktjfi1iw_2K.uexp" 663
"C:/Users/user/Documents/Unreal Projects/AdvancedCombatDemo/Content/Megascans/3D_Assets/Burnt_Brick_Debris_uktjfi1iw/S_Burnt_Brick_Debris_uktjfi1iw_lod3_Var1.ubulk" 664
"C:/Users/user/Documents/Unreal Projects/AdvancedCombatDemo/Content/Megascans/3D_Assets/Burnt_Brick_Debris_uktjfi1iw/S_Burnt_Brick_Debris_uktjfi1iw_lod3_Var1.uasset" 665
"C:/Users/user/Documents/Unreal Projects/AdvancedCombatDemo/Content/Megascans/3D_Assets/Burnt_Brick_Debris_uktjfi1iw/S_Burnt_Brick_Debris_uktjfi1iw_lod3_Var1.uexp" 666
"C:/Users/user/Documents/Unreal Projects/AdvancedCombatDemo/Content/Megascans/3D_Assets/Burnt_Brick_Debris_ukvmcaviw/S_Burnt_Brick_Debris_ukvmcaviw_lod3_Var1.ubulk" 667
"C:/Users/user/Documents/Unreal Projects/AdvancedCombatDemo/Content/Megascans/3D_Assets/Burnt_Brick_Debris_ukvmcaviw/S_Burnt_Brick_Debris_ukvmcaviw_lod3_Var1.uasset" 668
"C:/Users/user/Documents/Unreal Projects/AdvancedCombatDemo/Content/Megascans/3D_Assets/Burnt_Brick_Debris_ukvmcaviw/S_Burnt_Brick_Debris_ukvmcaviw_lod3_Var1.uexp" 669
"C:/Users/user/Documents/Unreal Projects/AdvancedCombatDemo/Content/Megascans/3D_Assets/Burnt_Brick_Debris_uk0gfisjw/T_BurntBrickDebris_uk0gfisjw_2K_DpR.ubulk" 670
"C:/Users/user/Documents/Unreal Projects/AdvancedCombatDemo/Content/Megascans/3D_Assets/Burnt_Brick_Debris_uk0gfisjw/T_BurntBrickDebris_uk0gfisjw_2K_DpR.uasset" 671
"C:/Users/user/Documents/Unreal Projects/AdvancedCombatDemo/Content/Megascans/3D_Assets/Burnt_Brick_Debris_uk0gfisjw/T_BurntBrickDebris_uk0gfisjw_2K_DpR.uexp" 672
"C:/Users/user/Documents/Unreal Projects/AdvancedCombatDemo/Content/Megascans/3D_Assets/Burnt_Brick_Debris_uk0gfisjw/T_Burnt_Brick_Debris_uk0gfisjw_2K_N.ubulk" 673
"C:/Users/user/Documents/Unreal Projects/AdvancedCombatDemo/Content/Megascans/3D_Assets/Burnt_Brick_Debris_uk0gfisjw/T_Burnt_Brick_Debris_uk0gfisjw_2K_N.uasset" 674
"C:/Users/user/Documents/Unreal Projects/AdvancedCombatDemo/Content/Megascans/3D_Assets/Burnt_Brick_Debris_uk0gfisjw/T_Burnt_Brick_Debris_uk0gfisjw_2K_N.uexp" 675
"C:/Users/user/Documents/Unreal Projects/AdvancedCombatDemo/Content/Megascans/3D_Assets/Burnt_Brick_Debris_uk0gfisjw/T_Burnt_Brick_Debris_uk0gfisjw_2K_D.ubulk" 676
"C:/Users/user/Documents/Unreal Projects/AdvancedCombatDemo/Content/Megascans/3D_Assets/Burnt_Brick_Debris_uk0gfisjw/T_Burnt_Brick_Debris_uk0gfisjw_2K_D.uasset" 677
"C:/Users/user/Documents/Unreal Projects/AdvancedCombatDemo/Content/Megascans/3D_Assets/Burnt_Brick_Debris_uk0gfisjw/T_Burnt_Brick_Debris_uk0gfisjw_2K_D.uexp" 678
"C:/Users/user/Documents/Unreal Projects/AdvancedCombatDemo/Content/Megascans/3D_Assets/Burnt_Brick_Debris_uk0gfisjw/MI_Burnt_Brick_Debris_uk0gfisjw_2K.uasset" 679
"C:/Users/user/Documents/Unreal Projects/AdvancedCombatDemo/Content/Megascans/3D_Assets/Burnt_Brick_Debris_uk0gfisjw/MI_Burnt_Brick_Debris_uk0gfisjw_2K.uexp" 680
"C:/Users/user/Documents/Unreal Projects/AdvancedCombatDemo/Content/Megascans/3D_Assets/Burnt_Brick_Debris_uk0gfisjw/S_Burnt_Brick_Debris_uk0gfisjw_lod3_Var1.ubulk" 681
"C:/Users/user/Documents/Unreal Projects/AdvancedCombatDemo/Content/Megascans/3D_Assets/Burnt_Brick_Debris_uk0gfisjw/S_Burnt_Brick_Debris_uk0gfisjw_lod3_Var1.uasset" 682
"C:/Users/user/Documents/Unreal Projects/AdvancedCombatDemo/Content/Megascans/3D_Assets/Burnt_Brick_Debris_uk0gfisjw/S_Burnt_Brick_Debris_uk0gfisjw_lod3_Var1.uexp" 683
"C:/Users/user/Documents/Unreal Projects/AdvancedCombatDemo/Content/VFX/Glass/NS_GlassImpact.uasset" 684
"C:/Users/user/Documents/Unreal Projects/AdvancedCombatDemo/Content/VFX/Glass/NS_GlassImpact.uexp" 685
"../../../Engine/Content/EngineMaterials/STBlueNoise_scalar_128x128x64.uasset" 686
"../../../Engine/Content/EngineMaterials/STBlueNoise_scalar_128x128x64.uexp" 687
"C:/Users/user/Documents/Unreal Projects/AdvancedCombatDemo/Content/VFX/Electric/M_ElectricDamage.uasset" 688
"C:/Users/user/Documents/Unreal Projects/AdvancedCombatDemo/Content/VFX/Electric/M_ElectricDamage.uexp" 689
"C:/Users/user/Documents/Unreal Projects/AdvancedCombatDemo/Content/VFX/Electric/MI_ElectricDamage.uasset" 690
"C:/Users/user/Documents/Unreal Projects/AdvancedCombatDemo/Content/VFX/Electric/MI_ElectricDamage.uexp" 691
"C:/Users/user/Documents/Unreal Projects/AdvancedCombatDemo/Content/StarterContent/Materials/M_Basic_Wall.uasset" 692
"C:/Users/user/Documents/Unreal Projects/AdvancedCombatDemo/Content/StarterContent/Materials/M_Basic_Wall.uexp" 693
"C:/Users/user/Documents/Unreal Projects/AdvancedCombatDemo/Content/StarterContent/Shapes/Shape_WideCapsule.ubulk" 694
"C:/Users/user/Documents/Unreal Projects/AdvancedCombatDemo/Content/StarterContent/Shapes/Shape_WideCapsule.uasset" 695
"C:/Users/user/Documents/Unreal Projects/AdvancedCombatDemo/Content/StarterContent/Shapes/Shape_WideCapsule.uexp" 696
"C:/Users/user/Documents/Unreal Projects/AdvancedCombatDemo/Content/StarterContent/Shapes/Shape_Wedge_B.ubulk" 697
"C:/Users/user/Documents/Unreal Projects/AdvancedCombatDemo/Content/StarterContent/Shapes/Shape_Wedge_B.uasset" 698
"C:/Users/user/Documents/Unreal Projects/AdvancedCombatDemo/Content/StarterContent/Shapes/Shape_Wedge_B.uexp" 699
"C:/Users/user/Documents/Unreal Projects/AdvancedCombatDemo/Content/StarterContent/Shapes/Shape_Wedge_A.ubulk" 700
"C:/Users/user/Documents/Unreal Projects/AdvancedCombatDemo/Content/StarterContent/Shapes/Shape_Wedge_A.uasset" 701
"C:/Users/user/Documents/Unreal Projects/AdvancedCombatDemo/Content/StarterContent/Shapes/Shape_Wedge_A.uexp" 702
"C:/Users/user/Documents/Unreal Projects/AdvancedCombatDemo/Content/StarterContent/Shapes/Shape_Tube.ubulk" 703
"C:/Users/user/Documents/Unreal Projects/AdvancedCombatDemo/Content/StarterContent/Shapes/Shape_Tube.uasset" 704
"C:/Users/user/Documents/Unreal Projects/AdvancedCombatDemo/Content/StarterContent/Shapes/Shape_Tube.uexp" 705
"C:/Users/user/Documents/Unreal Projects/AdvancedCombatDemo/Content/StarterContent/Shapes/Shape_TriPyramid.ubulk" 706
"C:/Users/user/Documents/Unreal Projects/AdvancedCombatDemo/Content/StarterContent/Shapes/Shape_TriPyramid.uasset" 707
"C:/Users/user/Documents/Unreal Projects/AdvancedCombatDemo/Content/StarterContent/Shapes/Shape_TriPyramid.uexp" 708
"C:/Users/user/Documents/Unreal Projects/AdvancedCombatDemo/Content/StarterContent/Shapes/Shape_Trim_90_Out.ubulk" 709
"C:/Users/user/Documents/Unreal Projects/AdvancedCombatDemo/Content/StarterContent/Shapes/Shape_Trim_90_Out.uasset" 710
"C:/Users/user/Documents/Unreal Projects/AdvancedCombatDemo/Content/StarterContent/Shapes/Shape_Trim_90_Out.uexp" 711
"C:/Users/user/Documents/Unreal Projects/AdvancedCombatDemo/Content/StarterContent/Shapes/Shape_Trim_90_In.ubulk" 712
"C:/Users/user/Documents/Unreal Projects/AdvancedCombatDemo/Content/StarterContent/Shapes/Shape_Trim_90_In.uasset" 713
"C:/Users/user/Documents/Unreal Projects/AdvancedCombatDemo/Content/StarterContent/Shapes/Shape_Trim_90_In.uexp" 714
"C:/Users/user/Documents/Unreal Projects/AdvancedCombatDemo/Content/StarterContent/Shapes/Shape_Trim.ubulk" 715
"C:/Users/user/Documents/Unreal Projects/AdvancedCombatDemo/Content/StarterContent/Shapes/Shape_Trim.uasset" 716
"C:/Users/user/Documents/Unreal Projects/AdvancedCombatDemo/Content/StarterContent/Shapes/Shape_Trim.uexp" 717
"C:/Users/user/Documents/Unreal Projects/AdvancedCombatDemo/Content/StarterContent/Shapes/Shape_Torus.ubulk" 718
"C:/Users/user/Documents/Unreal Projects/AdvancedCombatDemo/Content/StarterContent/Shapes/Shape_Torus.uasset" 719
"C:/Users/user/Documents/Unreal Projects/AdvancedCombatDemo/Content/StarterContent/Shapes/Shape_Torus.uexp" 720
"C:/Users/user/Documents/Unreal Projects/AdvancedCombatDemo/Content/StarterContent/Shapes/Shape_Plane.ubulk" 721
"C:/Users/user/Documents/Unreal Projects/AdvancedCombatDemo/Content/StarterContent/Shapes/Shape_Plane.uasset" 722
"C:/Users/user/Documents/Unreal Projects/AdvancedCombatDemo/Content/StarterContent/Shapes/Shape_Plane.uexp" 723
"C:/Users/user/Documents/Unreal Projects/AdvancedCombatDemo/Content/StarterContent/Shapes/Shape_Pipe_90.ubulk" 724
"C:/Users/user/Documents/Unreal Projects/AdvancedCombatDemo/Content/StarterContent/Shapes/Shape_Pipe_90.uasset" 725
"C:/Users/user/Documents/Unreal Projects/AdvancedCombatDemo/Content/StarterContent/Shapes/Shape_Pipe_90.uexp" 726
"C:/Users/user/Documents/Unreal Projects/AdvancedCombatDemo/Content/StarterContent/Shapes/Shape_Pipe_180.ubulk" 727
"C:/Users/user/Documents/Unreal Projects/AdvancedCombatDemo/Content/StarterContent/Shapes/Shape_Pipe_180.uasset" 728
"C:/Users/user/Documents/Unreal Projects/AdvancedCombatDemo/Content/StarterContent/Shapes/Shape_Pipe_180.uexp" 729
"C:/Users/user/Documents/Unreal Projects/AdvancedCombatDemo/Content/StarterContent/Shapes/Shape_Pipe.ubulk" 730
"C:/Users/user/Documents/Unreal Projects/AdvancedCombatDemo/Content/StarterContent/Shapes/Shape_Pipe.uasset" 731
"C:/Users/user/Documents/Unreal Projects/AdvancedCombatDemo/Content/StarterContent/Shapes/Shape_Pipe.uexp" 732
"C:/Users/user/Documents/Unreal Projects/AdvancedCombatDemo/Content/StarterContent/Shapes/Shape_NarrowCapsule.ubulk" 733
"C:/Users/user/Documents/Unreal Projects/AdvancedCombatDemo/Content/StarterContent/Shapes/Shape_NarrowCapsule.uasset" 734
"C:/Users/user/Documents/Unreal Projects/AdvancedCombatDemo/Content/StarterContent/Shapes/Shape_NarrowCapsule.uexp" 735
"C:/Users/user/Documents/Unreal Projects/AdvancedCombatDemo/Content/StarterContent/Shapes/Shape_Cylinder.ubulk" 736
"C:/Users/user/Documents/Unreal Projects/AdvancedCombatDemo/Content/StarterContent/Shapes/Shape_Cylinder.uasset" 737
"C:/Users/user/Documents/Unreal Projects/AdvancedCombatDemo/Content/StarterContent/Shapes/Shape_Cylinder.uexp" 738
"C:/Users/user/Documents/Unreal Projects/AdvancedCombatDemo/Content/StarterContent/Shapes/Shape_Cone.ubulk" 739
"C:/Users/user/Documents/Unreal Projects/AdvancedCombatDemo/Content/StarterContent/Shapes/Shape_Cone.uasset" 740
"C:/Users/user/Documents/Unreal Projects/AdvancedCombatDemo/Content/StarterContent/Shapes/Shape_Cone.uexp" 741
"C:/Users/user/Documents/Unreal Projects/AdvancedCombatDemo/Content/StarterContent/Materials/M_Basic_Floor.uasset" 742
"C:/Users/user/Documents/Unreal Projects/AdvancedCombatDemo/Content/StarterContent/Materials/M_Basic_Floor.uexp" 743
"C:/Users/user/Documents/Unreal Projects/AdvancedCombatDemo/Content/StarterContent/Props/SM_Stairs.ubulk" 744
"C:/Users/user/Documents/Unreal Projects/AdvancedCombatDemo/Content/StarterContent/Props/SM_Stairs.uasset" 745
"C:/Users/user/Documents/Unreal Projects/AdvancedCombatDemo/Content/StarterContent/Props/SM_Stairs.uexp" 746
"C:/Users/user/Documents/Unreal Projects/AdvancedCombatDemo/Content/StarterContent/Textures/T_Shelf_N.ubulk" 747
"C:/Users/user/Documents/Unreal Projects/AdvancedCombatDemo/Content/StarterContent/Textures/T_Shelf_N.uasset" 748
"C:/Users/user/Documents/Unreal Projects/AdvancedCombatDemo/Content/StarterContent/Textures/T_Shelf_N.uexp" 749
"C:/Users/user/Documents/Unreal Projects/AdvancedCombatDemo/Content/StarterContent/Textures/T_Shelf_M.ubulk" 750
"C:/Users/user/Documents/Unreal Projects/AdvancedCombatDemo/Content/StarterContent/Textures/T_Shelf_M.uasset" 751
"C:/Users/user/Documents/Unreal Projects/AdvancedCombatDemo/Content/StarterContent/Textures/T_Shelf_M.uexp" 752
"C:/Users/user/Documents/Unreal Projects/AdvancedCombatDemo/Content/StarterContent/Props/Materials/M_Shelf.uasset" 753
"C:/Users/user/Documents/Unreal Projects/AdvancedCombatDemo/Content/StarterContent/Props/Materials/M_Shelf.uexp" 754
"C:/Users/user/Documents/Unreal Projects/AdvancedCombatDemo/Content/StarterContent/Props/SM_Shelf.ubulk" 755
"C:/Users/user/Documents/Unreal Projects/AdvancedCombatDemo/Content/StarterContent/Props/SM_Shelf.uasset" 756
"C:/Users/user/Documents/Unreal Projects/AdvancedCombatDemo/Content/StarterContent/Props/SM_Shelf.uexp" 757
"../../../Engine/Content/Functions/Engine_MaterialFunctions02/Utility/BlendAngleCorrectedNormals.uasset" 758
"../../../Engine/Content/Functions/Engine_MaterialFunctions02/Utility/BlendAngleCorrectedNormals.uexp" 759
"C:/Users/user/Documents/Unreal Projects/AdvancedCombatDemo/Content/StarterContent/Textures/T_Detail_Rocky_N.ubulk" 760
"C:/Users/user/Documents/Unreal Projects/AdvancedCombatDemo/Content/StarterContent/Textures/T_Detail_Rocky_N.uasset" 761
"C:/Users/user/Documents/Unreal Projects/AdvancedCombatDemo/Content/StarterContent/Textures/T_Detail_Rocky_N.uexp" 762
"C:/Users/user/Documents/Unreal Projects/AdvancedCombatDemo/Content/StarterContent/Textures/T_Rock_Basalt_D.ubulk" 763
"C:/Users/user/Documents/Unreal Projects/AdvancedCombatDemo/Content/StarterContent/Textures/T_Rock_Basalt_D.uasset" 764
"C:/Users/user/Documents/Unreal Projects/AdvancedCombatDemo/Content/StarterContent/Textures/T_Rock_Basalt_D.uexp" 765
"C:/Users/user/Documents/Unreal Projects/AdvancedCombatDemo/Content/StarterContent/Textures/T_RockMesh_N.ubulk" 766
"C:/Users/user/Documents/Unreal Projects/AdvancedCombatDemo/Content/StarterContent/Textures/T_RockMesh_N.uasset" 767
"C:/Users/user/Documents/Unreal Projects/AdvancedCombatDemo/Content/StarterContent/Textures/T_RockMesh_N.uexp" 768
"C:/Users/user/Documents/Unreal Projects/AdvancedCombatDemo/Content/StarterContent/Textures/T_RockMesh_M.ubulk" 769
"C:/Users/user/Documents/Unreal Projects/AdvancedCombatDemo/Content/StarterContent/Textures/T_RockMesh_M.uasset" 770
"C:/Users/user/Documents/Unreal Projects/AdvancedCombatDemo/Content/StarterContent/Textures/T_RockMesh_M.uexp" 771
"C:/Users/user/Documents/Unreal Projects/AdvancedCombatDemo/Content/StarterContent/Props/Materials/M_Rock.uasset" 772
"C:/Users/user/Documents/Unreal Projects/AdvancedCombatDemo/Content/StarterContent/Props/Materials/M_Rock.uexp" 773
"C:/Users/user/Documents/Unreal Projects/AdvancedCombatDemo/Content/StarterContent/Props/SM_Rock.ubulk" 774
"C:/Users/user/Documents/Unreal Projects/AdvancedCombatDemo/Content/StarterContent/Props/SM_Rock.uasset" 775
"C:/Users/user/Documents/Unreal Projects/AdvancedCombatDemo/Content/StarterContent/Props/SM_Rock.uexp" 776
"C:/Users/user/Documents/Unreal Projects/AdvancedCombatDemo/Content/VFX/Glass/PM_Glass.uasset" 777
"C:/Users/user/Documents/Unreal Projects/AdvancedCombatDemo/Content/VFX/Glass/PM_Glass.uexp" 778
"C:/Users/user/Documents/Unreal Projects/AdvancedCombatDemo/Content/StarterContent/Materials/M_Glass.uasset" 779
"C:/Users/user/Documents/Unreal Projects/AdvancedCombatDemo/Content/StarterContent/Materials/M_Glass.uexp" 780
"C:/Users/user/Documents/Unreal Projects/AdvancedCombatDemo/Content/StarterContent/Textures/T_Door_N.ubulk" 781
"C:/Users/user/Documents/Unreal Projects/AdvancedCombatDemo/Content/StarterContent/Textures/T_Door_N.uasset" 782
"C:/Users/user/Documents/Unreal Projects/AdvancedCombatDemo/Content/StarterContent/Textures/T_Door_N.uexp" 783
"C:/Users/user/Documents/Unreal Projects/AdvancedCombatDemo/Content/StarterContent/Textures/T_Door_M.ubulk" 784
"C:/Users/user/Documents/Unreal Projects/AdvancedCombatDemo/Content/StarterContent/Textures/T_Door_M.uasset" 785
"C:/Users/user/Documents/Unreal Projects/AdvancedCombatDemo/Content/StarterContent/Textures/T_Door_M.uexp" 786
"C:/Users/user/Documents/Unreal Projects/AdvancedCombatDemo/Content/StarterContent/Props/Materials/M_Door.uasset" 787
"C:/Users/user/Documents/Unreal Projects/AdvancedCombatDemo/Content/StarterContent/Props/Materials/M_Door.uexp" 788
"C:/Users/user/Documents/Unreal Projects/AdvancedCombatDemo/Content/StarterContent/Props/SM_Door.ubulk" 789
"C:/Users/user/Documents/Unreal Projects/AdvancedCombatDemo/Content/StarterContent/Props/SM_Door.uasset" 790
"C:/Users/user/Documents/Unreal Projects/AdvancedCombatDemo/Content/StarterContent/Props/SM_Door.uexp" 791
"C:/Users/user/Documents/Unreal Projects/AdvancedCombatDemo/Content/StarterContent/Textures/T_Chair_N.ubulk" 792
"C:/Users/user/Documents/Unreal Projects/AdvancedCombatDemo/Content/StarterContent/Textures/T_Chair_N.uasset" 793
"C:/Users/user/Documents/Unreal Projects/AdvancedCombatDemo/Content/StarterContent/Textures/T_Chair_N.uexp" 794
"C:/Users/user/Documents/Unreal Projects/AdvancedCombatDemo/Content/StarterContent/Textures/T_Chair_M.ubulk" 795
"C:/Users/user/Documents/Unreal Projects/AdvancedCombatDemo/Content/StarterContent/Textures/T_Chair_M.uasset" 796
"C:/Users/user/Documents/Unreal Projects/AdvancedCombatDemo/Content/StarterContent/Textures/T_Chair_M.uexp" 797
"C:/Users/user/Documents/Unreal Projects/AdvancedCombatDemo/Content/StarterContent/Props/Materials/M_Chair.uasset" 798
"C:/Users/user/Documents/Unreal Projects/AdvancedCombatDemo/Content/StarterContent/Props/Materials/M_Chair.uexp" 799
"C:/Users/user/Documents/Unreal Projects/AdvancedCombatDemo/Content/StarterContent/Props/SM_Couch.ubulk" 800
"C:/Users/user/Documents/Unreal Projects/AdvancedCombatDemo/Content/StarterContent/Props/SM_Couch.uasset" 801
"C:/Users/user/Documents/Unreal Projects/AdvancedCombatDemo/Content/StarterContent/Props/SM_Couch.uexp" 802
"C:/Users/user/Documents/Unreal Projects/AdvancedCombatDemo/Content/StarterContent/Textures/T_Bush_N.ubulk" 803
"C:/Users/user/Documents/Unreal Projects/AdvancedCombatDemo/Content/StarterContent/Textures/T_Bush_N.uasset" 804
"C:/Users/user/Documents/Unreal Projects/AdvancedCombatDemo/Content/StarterContent/Textures/T_Bush_N.uexp" 805
"C:/Users/user/Documents/Unreal Projects/AdvancedCombatDemo/Content/StarterContent/Textures/T_Bush_D.ubulk" 806
"C:/Users/user/Documents/Unreal Projects/AdvancedCombatDemo/Content/StarterContent/Textures/T_Bush_D.uasset" 807
"C:/Users/user/Documents/Unreal Projects/AdvancedCombatDemo/Content/StarterContent/Textures/T_Bush_D.uexp" 808
"C:/Users/user/Documents/Unreal Projects/AdvancedCombatDemo/Content/StarterContent/Props/Materials/M_Bush.uasset" 809
"C:/Users/user/Documents/Unreal Projects/AdvancedCombatDemo/Content/StarterContent/Props/Materials/M_Bush.uexp" 810
"C:/Users/user/Documents/Unreal Projects/AdvancedCombatDemo/Content/StarterContent/Props/SM_Bush.ubulk" 811
"C:/Users/user/Documents/Unreal Projects/AdvancedCombatDemo/Content/StarterContent/Props/SM_Bush.uasset" 812
"C:/Users/user/Documents/Unreal Projects/AdvancedCombatDemo/Content/StarterContent/Props/SM_Bush.uexp" 813
"../../../Engine/Content/EditorMeshes/ColorCalibrator/T_ColorGrid.ubulk" 814
"../../../Engine/Content/EditorMeshes/ColorCalibrator/T_ColorGrid.uasset" 815
"../../../Engine/Content/EditorMeshes/ColorCalibrator/T_ColorGrid.uexp" 816
"C:/Users/user/Documents/Unreal Projects/AdvancedCombatDemo/Content/StarterContent/Materials/M_ColorGrid_LowSpec.uasset" 817
"C:/Users/user/Documents/Unreal Projects/AdvancedCombatDemo/Content/StarterContent/Materials/M_ColorGrid_LowSpec.uexp" 818
"C:/Users/user/Documents/Unreal Projects/AdvancedCombatDemo/Content/StarterContent/Textures/T_Burst_M.ubulk" 819
"C:/Users/user/Documents/Unreal Projects/AdvancedCombatDemo/Content/StarterContent/Textures/T_Burst_M.uasset" 820
"C:/Users/user/Documents/Unreal Projects/AdvancedCombatDemo/Content/StarterContent/Textures/T_Burst_M.uexp" 821
"C:/Users/user/Documents/Unreal Projects/AdvancedCombatDemo/Content/StarterContent/Particles/Materials/M_Burst.uasset" 822
"C:/Users/user/Documents/Unreal Projects/AdvancedCombatDemo/Content/StarterContent/Particles/Materials/M_Burst.uexp" 823
"C:/Users/user/Documents/Unreal Projects/AdvancedCombatDemo/Content/StarterContent/Particles/Materials/m_flare_01.uasset" 824
"C:/Users/user/Documents/Unreal Projects/AdvancedCombatDemo/Content/StarterContent/Particles/Materials/m_flare_01.uexp" 825
"C:/Users/user/Documents/Unreal Projects/AdvancedCombatDemo/Content/StarterContent/Textures/T_Explosion_SubUV.ubulk" 826
"C:/Users/user/Documents/Unreal Projects/AdvancedCombatDemo/Content/StarterContent/Textures/T_Explosion_SubUV.uasset" 827
"C:/Users/user/Documents/Unreal Projects/AdvancedCombatDemo/Content/StarterContent/Textures/T_Explosion_SubUV.uexp" 828
"C:/Users/user/Documents/Unreal Projects/AdvancedCombatDemo/Content/StarterContent/Particles/Materials/M_explosion_subUV.uasset" 829
"C:/Users/user/Documents/Unreal Projects/AdvancedCombatDemo/Content/StarterContent/Particles/Materials/M_explosion_subUV.uexp" 830
"../../../Engine/Content/Functions/Engine_MaterialFunctions01/Gradient/RadialGradient.uasset" 831
"../../../Engine/Content/Functions/Engine_MaterialFunctions01/Gradient/RadialGradient.uexp" 832
"C:/Users/user/Documents/Unreal Projects/AdvancedCombatDemo/Content/StarterContent/Particles/Materials/M_radial_ramp.uasset" 833
"C:/Users/user/Documents/Unreal Projects/AdvancedCombatDemo/Content/StarterContent/Particles/Materials/M_radial_ramp.uexp" 834
"C:/Users/user/Documents/Unreal Projects/AdvancedCombatDemo/Content/StarterContent/Particles/P_Explosion.uasset" 835
"C:/Users/user/Documents/Unreal Projects/AdvancedCombatDemo/Content/StarterContent/Particles/P_Explosion.uexp" 836
"C:/Users/user/Documents/Unreal Projects/AdvancedCombatDemo/Content/StarterContent/Audio/Explosion_Cue.uasset" 837
"C:/Users/user/Documents/Unreal Projects/AdvancedCombatDemo/Content/StarterContent/Audio/Explosion_Cue.uexp" 838
"C:/Users/user/Documents/Unreal Projects/AdvancedCombatDemo/Content/StarterContent/Blueprints/Blueprint_Effect_Explosion.uasset" 839
"C:/Users/user/Documents/Unreal Projects/AdvancedCombatDemo/Content/StarterContent/Blueprints/Blueprint_Effect_Explosion.uexp" 840
"C:/Users/user/Documents/Unreal Projects/AdvancedCombatDemo/Content/StarterContent/Audio/Steam01.ubulk" 841
"C:/Users/user/Documents/Unreal Projects/AdvancedCombatDemo/Content/StarterContent/Audio/Steam01.uasset" 842
"C:/Users/user/Documents/Unreal Projects/AdvancedCombatDemo/Content/StarterContent/Audio/Steam01.uexp" 843
"C:/Users/user/Documents/Unreal Projects/AdvancedCombatDemo/Content/StarterContent/Audio/Starter_Wind06.ubulk" 844
"C:/Users/user/Documents/Unreal Projects/AdvancedCombatDemo/Content/StarterContent/Audio/Starter_Wind06.uasset" 845
"C:/Users/user/Documents/Unreal Projects/AdvancedCombatDemo/Content/StarterContent/Audio/Starter_Wind06.uexp" 846
"C:/Users/user/Documents/Unreal Projects/AdvancedCombatDemo/Content/StarterContent/Audio/Starter_Wind05.ubulk" 847
"C:/Users/user/Documents/Unreal Projects/AdvancedCombatDemo/Content/StarterContent/Audio/Starter_Wind05.uasset" 848
"C:/Users/user/Documents/Unreal Projects/AdvancedCombatDemo/Content/StarterContent/Audio/Starter_Wind05.uexp" 849
"C:/Users/user/Documents/Unreal Projects/AdvancedCombatDemo/Content/StarterContent/Audio/Starter_Music01.ubulk" 850
"C:/Users/user/Documents/Unreal Projects/AdvancedCombatDemo/Content/StarterContent/Audio/Starter_Music01.uasset" 851
"C:/Users/user/Documents/Unreal Projects/AdvancedCombatDemo/Content/StarterContent/Audio/Starter_Music01.uexp" 852
"C:/Users/user/Documents/Unreal Projects/AdvancedCombatDemo/Content/StarterContent/Audio/Starter_Birds01.ubulk" 853
"C:/Users/user/Documents/Unreal Projects/AdvancedCombatDemo/Content/StarterContent/Audio/Starter_Birds01.uasset" 854
"C:/Users/user/Documents/Unreal Projects/AdvancedCombatDemo/Content/StarterContent/Audio/Starter_Birds01.uexp" 855
"C:/Users/user/Documents/Unreal Projects/AdvancedCombatDemo/Content/StarterContent/Audio/Smoke01.ubulk" 856
"C:/Users/user/Documents/Unreal Projects/AdvancedCombatDemo/Content/StarterContent/Audio/Smoke01.uasset" 857
"C:/Users/user/Documents/Unreal Projects/AdvancedCombatDemo/Content/StarterContent/Audio/Smoke01.uexp" 858
"C:/Users/user/Documents/Unreal Projects/AdvancedCombatDemo/Content/StarterContent/Audio/Light02_Cue.uasset" 859
"C:/Users/user/Documents/Unreal Projects/AdvancedCombatDemo/Content/StarterContent/Audio/Light02_Cue.uexp" 860
"C:/Users/user/Documents/Unreal Projects/AdvancedCombatDemo/Content/StarterContent/Audio/Light02.ubulk" 861
"C:/Users/user/Documents/Unreal Projects/AdvancedCombatDemo/Content/StarterContent/Audio/Light02.uasset" 862
"C:/Users/user/Documents/Unreal Projects/AdvancedCombatDemo/Content/StarterContent/Audio/Light02.uexp" 863
"C:/Users/user/Documents/Unreal Projects/AdvancedCombatDemo/Content/StarterContent/Audio/Light01_Cue.uasset" 864
"C:/Users/user/Documents/Unreal Projects/AdvancedCombatDemo/Content/StarterContent/Audio/Light01_Cue.uexp" 865
"C:/Users/user/Documents/Unreal Projects/AdvancedCombatDemo/Content/StarterContent/Audio/Light01.ubulk" 866
"C:/Users/user/Documents/Unreal Projects/AdvancedCombatDemo/Content/StarterContent/Audio/Light01.uasset" 867
"C:/Users/user/Documents/Unreal Projects/AdvancedCombatDemo/Content/StarterContent/Audio/Light01.uexp" 868
"C:/Users/user/Documents/Unreal Projects/AdvancedCombatDemo/Content/StarterContent/Audio/Fire_Sparks01.ubulk" 869
"C:/Users/user/Documents/Unreal Projects/AdvancedCombatDemo/Content/StarterContent/Audio/Fire_Sparks01.uasset" 870
"C:/Users/user/Documents/Unreal Projects/AdvancedCombatDemo/Content/StarterContent/Audio/Fire_Sparks01.uexp" 871
"C:/Users/user/Documents/Unreal Projects/AdvancedCombatDemo/Content/StarterContent/Audio/Fire01.ubulk" 872
"C:/Users/user/Documents/Unreal Projects/AdvancedCombatDemo/Content/StarterContent/Audio/Fire01.uasset" 873
"C:/Users/user/Documents/Unreal Projects/AdvancedCombatDemo/Content/StarterContent/Audio/Fire01.uexp" 874
"C:/Users/user/Documents/Unreal Projects/AdvancedCombatDemo/Content/StarterContent/Audio/Explosion02.ubulk" 875
"C:/Users/user/Documents/Unreal Projects/AdvancedCombatDemo/Content/StarterContent/Audio/Explosion02.uasset" 876
"C:/Users/user/Documents/Unreal Projects/AdvancedCombatDemo/Content/StarterContent/Audio/Explosion02.uexp" 877
"C:/Users/user/Documents/Unreal Projects/AdvancedCombatDemo/Content/StarterContent/Audio/Explosion01.ubulk" 878
"C:/Users/user/Documents/Unreal Projects/AdvancedCombatDemo/Content/StarterContent/Audio/Explosion01.uasset" 879
"C:/Users/user/Documents/Unreal Projects/AdvancedCombatDemo/Content/StarterContent/Audio/Explosion01.uexp" 880
"C:/Users/user/Documents/Unreal Projects/AdvancedCombatDemo/Content/StarterContent/Audio/Collapse02.ubulk" 881
"C:/Users/user/Documents/Unreal Projects/AdvancedCombatDemo/Content/StarterContent/Audio/Collapse02.uasset" 882
"C:/Users/user/Documents/Unreal Projects/AdvancedCombatDemo/Content/StarterContent/Audio/Collapse02.uexp" 883
"C:/Users/user/Documents/Unreal Projects/AdvancedCombatDemo/Content/StarterContent/Audio/Collapse01.ubulk" 884
"C:/Users/user/Documents/Unreal Projects/AdvancedCombatDemo/Content/StarterContent/Audio/Collapse01.uasset" 885
"C:/Users/user/Documents/Unreal Projects/AdvancedCombatDemo/Content/StarterContent/Audio/Collapse01.uexp" 886
"C:/Users/user/Documents/Unreal Projects/AdvancedCombatDemo/Content/StarterContent/Architecture/Wall_Window_400x400.ubulk" 887
"C:/Users/user/Documents/Unreal Projects/AdvancedCombatDemo/Content/StarterContent/Architecture/Wall_Window_400x400.uasset" 888
"C:/Users/user/Documents/Unreal Projects/AdvancedCombatDemo/Content/StarterContent/Architecture/Wall_Window_400x400.uexp" 889
"C:/Users/user/Documents/Unreal Projects/AdvancedCombatDemo/Content/StarterContent/Architecture/Wall_Door_400x400.ubulk" 890
"C:/Users/user/Documents/Unreal Projects/AdvancedCombatDemo/Content/StarterContent/Architecture/Wall_Door_400x400.uasset" 891
"C:/Users/user/Documents/Unreal Projects/AdvancedCombatDemo/Content/StarterContent/Architecture/Wall_Door_400x400.uexp" 892
"C:/Users/user/Documents/Unreal Projects/AdvancedCombatDemo/Content/StarterContent/Architecture/Wall_500x500.ubulk" 893
"C:/Users/user/Documents/Unreal Projects/AdvancedCombatDemo/Content/StarterContent/Architecture/Wall_500x500.uasset" 894
"C:/Users/user/Documents/Unreal Projects/AdvancedCombatDemo/Content/StarterContent/Architecture/Wall_500x500.uexp" 895
"C:/Users/user/Documents/Unreal Projects/AdvancedCombatDemo/Content/StarterContent/Architecture/Wall_400x400.ubulk" 896
"C:/Users/user/Documents/Unreal Projects/AdvancedCombatDemo/Content/StarterContent/Architecture/Wall_400x400.uasset" 897
"C:/Users/user/Documents/Unreal Projects/AdvancedCombatDemo/Content/StarterContent/Architecture/Wall_400x400.uexp" 898
"C:/Users/user/Documents/Unreal Projects/AdvancedCombatDemo/Content/StarterContent/Architecture/Wall_400x300.ubulk" 899
"C:/Users/user/Documents/Unreal Projects/AdvancedCombatDemo/Content/StarterContent/Architecture/Wall_400x300.uasset" 900
"C:/Users/user/Documents/Unreal Projects/AdvancedCombatDemo/Content/StarterContent/Architecture/Wall_400x300.uexp" 901
"C:/Users/user/Documents/Unreal Projects/AdvancedCombatDemo/Content/StarterContent/Architecture/Pillar_50x500.ubulk" 902
"C:/Users/user/Documents/Unreal Projects/AdvancedCombatDemo/Content/StarterContent/Architecture/Pillar_50x500.uasset" 903
"C:/Users/user/Documents/Unreal Projects/AdvancedCombatDemo/Content/StarterContent/Architecture/Pillar_50x500.uexp" 904
"../../../Engine/Plugins/Bridge/Content/MSPresets/MSVTTextures/BlackPlaceholder.uasset" 905
"../../../Engine/Plugins/Bridge/Content/MSPresets/MSVTTextures/BlackPlaceholder.uexp" 906
"../../../Engine/Content/EngineResources/Black.uasset" 907
"../../../Engine/Content/EngineResources/Black.uexp" 908
"../../../Engine/Plugins/Bridge/Content/MSPresets/M_MS_Default_Material/Functions/MF_Transmission.uasset" 909
"../../../Engine/Plugins/Bridge/Content/MSPresets/M_MS_Default_Material/Functions/MF_Transmission.uexp" 910
"../../../Engine/Content/Functions/Engine_MaterialFunctions02/Texturing/CustomRotator.uasset" 911
"../../../Engine/Content/Functions/Engine_MaterialFunctions02/Texturing/CustomRotator.uexp" 912
"../../../Engine/Plugins/Bridge/Content/MSPresets/M_MS_Default_Material/Functions/MF_MapAdjustments.uasset" 913
"../../../Engine/Plugins/Bridge/Content/MSPresets/M_MS_Default_Material/Functions/MF_MapAdjustments.uexp" 914
"../../../Engine/Plugins/Bridge/Content/MSPresets/MSVTTextures/DefaultDiffuse.uasset" 915
"../../../Engine/Plugins/Bridge/Content/MSPresets/MSVTTextures/DefaultDiffuse.uexp" 916
"../../../Engine/Plugins/Bridge/Content/MSPresets/MSVTTextures/Placeholder_Normal.uasset" 917
"../../../Engine/Plugins/Bridge/Content/MSPresets/MSVTTextures/Placeholder_Normal.uexp" 918
"../../../Engine/Plugins/Bridge/Content/MSPresets/M_MS_Default_Material/Functions/MF_Tiling.uasset" 919
"../../../Engine/Plugins/Bridge/Content/MSPresets/M_MS_Default_Material/Functions/MF_Tiling.uexp" 920
"../../../Engine/Plugins/Bridge/Content/MSPresets/MSVTTextures/WhitePlaceholder.uasset" 921
"../../../Engine/Plugins/Bridge/Content/MSPresets/MSVTTextures/WhitePlaceholder.uexp" 922
"C:/Users/user/Documents/Unreal Projects/AdvancedCombatDemo/Content/MSPresets/M_MS_Surface_Material_VT/M_MS_Surface_Material_VT.uasset" 923
"C:/Users/user/Documents/Unreal Projects/AdvancedCombatDemo/Content/MSPresets/M_MS_Surface_Material_VT/M_MS_Surface_Material_VT.uexp" 924
"../../../Engine/Plugins/Bridge/Content/MSPresets/M_MS_SurfaceBlend_Material/LayerFunctions/Middle/MF_MiddleLayerAdjustments.uasset" 925
"../../../Engine/Plugins/Bridge/Content/MSPresets/M_MS_SurfaceBlend_Material/LayerFunctions/Middle/MF_MiddleLayerAdjustments.uexp" 926
"../../../Engine/Plugins/Bridge/Content/MSPresets/M_MS_SurfaceBlend_Material/LayerFunctions/MF_NormalCorrection.uasset" 927
"../../../Engine/Plugins/Bridge/Content/MSPresets/M_MS_SurfaceBlend_Material/LayerFunctions/MF_NormalCorrection.uexp" 928
"../../../Engine/Content/EngineMaterials/DefaultNormal.ubulk" 929
"../../../Engine/Content/EngineMaterials/DefaultNormal.uasset" 930
"../../../Engine/Content/EngineMaterials/DefaultNormal.uexp" 931
"../../../Engine/Plugins/Bridge/Content/MSPresets/M_MS_SurfaceBlend_Material/LayerFunctions/Top/MF_TopLayerTextures.uasset" 932
"../../../Engine/Plugins/Bridge/Content/MSPresets/M_MS_SurfaceBlend_Material/LayerFunctions/Top/MF_TopLayerTextures.uexp" 933
"../../../Engine/Content/Engine_MI_Shaders/T_Base_Tile_Normal.ubulk" 934
"../../../Engine/Content/Engine_MI_Shaders/T_Base_Tile_Normal.uasset" 935
"../../../Engine/Content/Engine_MI_Shaders/T_Base_Tile_Normal.uexp" 936
"../../../Engine/Content/Functions/Engine_MaterialFunctions03/ComplexMotion/Motion_4WayChaos_Normal.uasset" 937
"../../../Engine/Content/Functions/Engine_MaterialFunctions03/ComplexMotion/Motion_4WayChaos_Normal.uexp" 938
"../../../Engine/Plugins/Bridge/Content/MSPresets/M_MS_SurfaceBlend_Material/LayerFunctions/Puddle/MF_PuddleLayer.uasset" 939
"../../../Engine/Plugins/Bridge/Content/MSPresets/M_MS_SurfaceBlend_Material/LayerFunctions/Puddle/MF_PuddleLayer.uexp" 940
"../../../Engine/Plugins/Bridge/Content/MSPresets/M_MS_SurfaceBlend_Material/LayerFunctions/Base/MF_BaseLayerAdjustments.uasset" 941
"../../../Engine/Plugins/Bridge/Content/MSPresets/M_MS_SurfaceBlend_Material/LayerFunctions/Base/MF_BaseLayerAdjustments.uexp" 942
"../../../Engine/Plugins/Bridge/Content/MSPresets/M_MS_SurfaceBlend_Material/LayerFunctions/Middle/MF_MiddleLayerTextures.uasset" 943
"../../../Engine/Plugins/Bridge/Content/MSPresets/M_MS_SurfaceBlend_Material/LayerFunctions/Middle/MF_MiddleLayerTextures.uexp" 944
"../../../Engine/Content/Functions/Engine_MaterialFunctions01/Gradient/LinearGradient.uasset" 945
"../../../Engine/Content/Functions/Engine_MaterialFunctions01/Gradient/LinearGradient.uexp" 946
"../../../Engine/Content/Functions/Engine_MaterialFunctions01/ImageAdjustment/CheapContrast.uasset" 947
"../../../Engine/Content/Functions/Engine_MaterialFunctions01/ImageAdjustment/CheapContrast.uexp" 948
"../../../Engine/Plugins/Bridge/Content/MSPresets/M_MS_SurfaceBlend_Material/LayerFunctions/MF_MaterialBlend.uasset" 949
"../../../Engine/Plugins/Bridge/Content/MSPresets/M_MS_SurfaceBlend_Material/LayerFunctions/MF_MaterialBlend.uexp" 950
"../../../Engine/Plugins/Bridge/Content/MSPresets/M_MS_SurfaceBlend_Material/LayerFunctions/MF_ScatterLayer.uasset" 951
"../../../Engine/Plugins/Bridge/Content/MSPresets/M_MS_SurfaceBlend_Material/LayerFunctions/MF_ScatterLayer.uexp" 952
"../../../Engine/Plugins/Bridge/Content/MSPresets/M_MS_SurfaceBlend_Material/LayerFunctions/Base/MF_BaseLayerTextures.uasset" 953
"../../../Engine/Plugins/Bridge/Content/MSPresets/M_MS_SurfaceBlend_Material/LayerFunctions/Base/MF_BaseLayerTextures.uexp" 954
"../../../Engine/Plugins/Bridge/Content/MSPresets/M_MS_SurfaceBlend_Material/LayerFunctions/MF_BlendScatter.uasset" 955
"../../../Engine/Plugins/Bridge/Content/MSPresets/M_MS_SurfaceBlend_Material/LayerFunctions/MF_BlendScatter.uexp" 956
"../../../Engine/Plugins/Bridge/Content/MSPresets/M_MS_SurfaceBlend_Material/LayerFunctions/Top/MF_TopLayerAdjustments.uasset" 957
"../../../Engine/Plugins/Bridge/Content/MSPresets/M_MS_SurfaceBlend_Material/LayerFunctions/Top/MF_TopLayerAdjustments.uexp" 958
"C:/Users/user/Documents/Unreal Projects/AdvancedCombatDemo/Content/MSPresets/M_MS_SurfaceBlend_Material/M_MS_SurfaceBlend_Material.uasset" 959
"C:/Users/user/Documents/Unreal Projects/AdvancedCombatDemo/Content/MSPresets/M_MS_SurfaceBlend_Material/M_MS_SurfaceBlend_Material.uexp" 960
"C:/Users/user/Documents/Unreal Projects/AdvancedCombatDemo/Content/MSPresets/M_MS_Imperfection_Material_VT/M_MS_Imperfection_Material_VT.uasset" 961
"C:/Users/user/Documents/Unreal Projects/AdvancedCombatDemo/Content/MSPresets/M_MS_Imperfection_Material_VT/M_MS_Imperfection_Material_VT.uexp" 962
"../../../Engine/Content/Functions/Engine_MaterialFunctions01/SpeedTree/SpeedTreeColorVariation.uasset" 963
"../../../Engine/Content/Functions/Engine_MaterialFunctions01/SpeedTree/SpeedTreeColorVariation.uexp" 964
"../../../Engine/Content/Functions/Engine_MaterialFunctions02/Utility/MakeFloat2.uasset" 965
"../../../Engine/Content/Functions/Engine_MaterialFunctions02/Utility/MakeFloat2.uexp" 966
"C:/Users/user/Documents/Unreal Projects/AdvancedCombatDemo/Content/MSPresets/M_MS_Imperfection_Material_VT/M_MS_Imperfection_Material_Var_VT.uasset" 967
"C:/Users/user/Documents/Unreal Projects/AdvancedCombatDemo/Content/MSPresets/M_MS_Imperfection_Material_VT/M_MS_Imperfection_Material_Var_VT.uexp" 968
"C:/Users/user/Documents/Unreal Projects/AdvancedCombatDemo/Content/MSPresets/M_MS_Imperfection_Material_Var/M_MS_Imperfection_Material_Var.uasset" 969
"C:/Users/user/Documents/Unreal Projects/AdvancedCombatDemo/Content/MSPresets/M_MS_Imperfection_Material_Var/M_MS_Imperfection_Material_Var.uexp" 970
"C:/Users/user/Documents/Unreal Projects/AdvancedCombatDemo/Content/MSPresets/M_MS_Imperfection_Material/M_MS_Imperfection_Material_Var.uasset" 971
"C:/Users/user/Documents/Unreal Projects/AdvancedCombatDemo/Content/MSPresets/M_MS_Imperfection_Material/M_MS_Imperfection_Material_Var.uexp" 972
"C:/Users/user/Documents/Unreal Projects/AdvancedCombatDemo/Content/MSPresets/M_MS_Imperfection_Material/M_MS_Imperfection_Material.uasset" 973
"C:/Users/user/Documents/Unreal Projects/AdvancedCombatDemo/Content/MSPresets/M_MS_Imperfection_Material/M_MS_Imperfection_Material.uexp" 974
"../../../Engine/Content/Functions/Engine_MaterialFunctions02/Utility/VectorLength.uasset" 975
"../../../Engine/Content/Functions/Engine_MaterialFunctions02/Utility/VectorLength.uexp" 976
"../../../Engine/Content/Functions/Engine_MaterialFunctions02/SafeNormalize.uasset" 977
"../../../Engine/Content/Functions/Engine_MaterialFunctions02/SafeNormalize.uexp" 978
"../../../Engine/Content/Functions/Engine_MaterialFunctions02/Math/CreateThirdOrthogonalVector.uasset" 979
"../../../Engine/Content/Functions/Engine_MaterialFunctions02/Math/CreateThirdOrthogonalVector.uexp" 980
"../../../Engine/Content/Functions/Engine_MaterialFunctions02/Math/InverseTransformMatrix.uasset" 981
"../../../Engine/Content/Functions/Engine_MaterialFunctions02/Math/InverseTransformMatrix.uexp" 982
"../../../Engine/Content/Functions/Engine_MaterialFunctions02/Math/TransformToZVector.uasset" 983
"../../../Engine/Content/Functions/Engine_MaterialFunctions02/Math/TransformToZVector.uexp" 984
"../../../Engine/Content/EngineVolumetrics/Fogsheet/Materials/T_EV_BlankWhite_01.uasset" 985
"../../../Engine/Content/EngineVolumetrics/Fogsheet/Materials/T_EV_BlankWhite_01.uexp" 986
"../../../Engine/Content/Functions/Engine_MaterialFunctions01/Texturing/ParallaxOcclusionMapping.uasset" 987
"../../../Engine/Content/Functions/Engine_MaterialFunctions01/Texturing/ParallaxOcclusionMapping.uexp" 988
"C:/Users/user/Documents/Unreal Projects/AdvancedCombatDemo/Content/MSPresets/M_MS_ImperfectionDecal_Material_VT/M_MS_ImperfectionDecal_Material_VT.uasset" 989
"C:/Users/user/Documents/Unreal Projects/AdvancedCombatDemo/Content/MSPresets/M_MS_ImperfectionDecal_Material_VT/M_MS_ImperfectionDecal_Material_VT.uexp" 990
"../../../Engine/Content/EngineMaterials/DefaultWhiteGrid.ubulk" 991
"../../../Engine/Content/EngineMaterials/DefaultWhiteGrid.uasset" 992
"../../../Engine/Content/EngineMaterials/DefaultWhiteGrid.uexp" 993
"C:/Users/user/Documents/Unreal Projects/AdvancedCombatDemo/Content/MSPresets/M_MS_ImperfectionDecal_Material/M_MS_ImperfectionDecal_Material.uasset" 994
"C:/Users/user/Documents/Unreal Projects/AdvancedCombatDemo/Content/MSPresets/M_MS_ImperfectionDecal_Material/M_MS_ImperfectionDecal_Material.uexp" 995
"../../../Engine/Plugins/Bridge/Content/MSPresets/M_MS_Glass_Material/Functions/MF_Refraction.uasset" 996
"../../../Engine/Plugins/Bridge/Content/MSPresets/M_MS_Glass_Material/Functions/MF_Refraction.uexp" 997
"../../../Engine/Plugins/Bridge/Content/MSPresets/M_MS_Glass_Material/Functions/MF_TranslucencyEmission.uasset" 998
"../../../Engine/Plugins/Bridge/Content/MSPresets/M_MS_Glass_Material/Functions/MF_TranslucencyEmission.uexp" 999
"../../../Engine/Plugins/Bridge/Content/MSPresets/MSTextures/Black.ubulk" 1000
"../../../Engine/Plugins/Bridge/Content/MSPresets/MSTextures/Black.uasset" 1001
"../../../Engine/Plugins/Bridge/Content/MSPresets/MSTextures/Black.uexp" 1002
"../../../Engine/Plugins/Bridge/Content/MSPresets/MSTextures/BlackPlaceholder_Color.uasset" 1003
"../../../Engine/Plugins/Bridge/Content/MSPresets/MSTextures/BlackPlaceholder_Color.uexp" 1004
"../../../Engine/Plugins/Bridge/Content/MSPresets/M_MS_Glass_Material/Functions/MF_WindowImperfection.uasset" 1005
"../../../Engine/Plugins/Bridge/Content/MSPresets/M_MS_Glass_Material/Functions/MF_WindowImperfection.uexp" 1006
"../../../Engine/Plugins/Bridge/Content/MSPresets/MSTextures/Placeholder.uasset" 1007
"../../../Engine/Plugins/Bridge/Content/MSPresets/MSTextures/Placeholder.uexp" 1008
"../../../Engine/Plugins/Bridge/Content/MSPresets/M_MS_Glass_Material/Functions/MF_TranslucencyMetallic.uasset" 1009
"../../../Engine/Plugins/Bridge/Content/MSPresets/M_MS_Glass_Material/Functions/MF_TranslucencyMetallic.uexp" 1010
"../../../Engine/Content/EngineMaterials/FlatNormal.uasset" 1011
"../../../Engine/Content/EngineMaterials/FlatNormal.uexp" 1012
"../../../Engine/Plugins/Bridge/Content/MSPresets/M_MS_Glass_Material/Functions/MF_WindowNormalStrength.uasset" 1013
"../../../Engine/Plugins/Bridge/Content/MSPresets/M_MS_Glass_Material/Functions/MF_WindowNormalStrength.uexp" 1014
"../../../Engine/Plugins/Bridge/Content/MSPresets/M_MS_Glass_Material/Functions/MF_FrameBlend.uasset" 1015
"../../../Engine/Plugins/Bridge/Content/MSPresets/M_MS_Glass_Material/Functions/MF_FrameBlend.uexp" 1016
"C:/Users/user/Documents/Unreal Projects/AdvancedCombatDemo/Content/MSPresets/M_MS_Glass_Material/M_MS_Glass_Material.uasset" 1017
"C:/Users/user/Documents/Unreal Projects/AdvancedCombatDemo/Content/MSPresets/M_MS_Glass_Material/M_MS_Glass_Material.uexp" 1018
"../../../Engine/Plugins/Bridge/Content/MSPresets/M_MS_Glass_Material/M_MS_Glass_Material.uasset" 1019
"../../../Engine/Plugins/Bridge/Content/MSPresets/M_MS_Glass_Material/M_MS_Glass_Material.uexp" 1020
"C:/Users/user/Documents/Unreal Projects/AdvancedCombatDemo/Content/MSPresets/M_MS_Glass_Material/MI_MS_Glass_Material_Inst.uasset" 1021
"C:/Users/user/Documents/Unreal Projects/AdvancedCombatDemo/Content/MSPresets/M_MS_Glass_Material/MI_MS_Glass_Material_Inst.uexp" 1022
"../../../Engine/Content/EngineMaterials/BlendFunc_DefBlend.uasset" 1023
"../../../Engine/Content/EngineMaterials/BlendFunc_DefBlend.uexp" 1024
"../../../Engine/Content/EngineMaterials/BlendFunc_DefBase.uasset" 1025
"../../../Engine/Content/EngineMaterials/BlendFunc_DefBase.uexp" 1026
"../../../Engine/Content/Functions/Engine_MaterialFunctions03/Blends/Blend_Overlay.uasset" 1027
"../../../Engine/Content/Functions/Engine_MaterialFunctions03/Blends/Blend_Overlay.uexp" 1028
"../../../Engine/Content/Functions/Engine_MaterialFunctions01/Texturing/FlattenNormal.uasset" 1029
"../../../Engine/Content/Functions/Engine_MaterialFunctions01/Texturing/FlattenNormal.uexp" 1030
"../../../Engine/Content/Functions/Engine_MaterialFunctions01/WorldPositionOffset/SimpleGrassWind.uasset" 1031
"../../../Engine/Content/Functions/Engine_MaterialFunctions01/WorldPositionOffset/SimpleGrassWind.uexp" 1032
"../../../Engine/Plugins/Bridge/Content/MSPresets/M_MS_Foliage_Material/Functions/MF_Translucency.uasset" 1033
"../../../Engine/Plugins/Bridge/Content/MSPresets/M_MS_Foliage_Material/Functions/MF_Translucency.uexp" 1034
"C:/Users/user/Documents/Unreal Projects/AdvancedCombatDemo/Content/MSPresets/M_MS_Foliage_Material/M_MS_Foliage_Material.uasset" 1035
"C:/Users/user/Documents/Unreal Projects/AdvancedCombatDemo/Content/MSPresets/M_MS_Foliage_Material/M_MS_Foliage_Material.uexp" 1036
"C:/Users/user/Documents/Unreal Projects/AdvancedCombatDemo/Content/MSPresets/M_MS_Foliage_Material/MF_Translucency.uasset" 1037
"C:/Users/user/Documents/Unreal Projects/AdvancedCombatDemo/Content/MSPresets/M_MS_Foliage_Material/MF_Translucency.uexp" 1038
"../../../Engine/Plugins/Bridge/Content/MSPresets/M_MS_Default_Transmission_Material/Functions/MF_SSSObjAdjustments.uasset" 1039
"../../../Engine/Plugins/Bridge/Content/MSPresets/M_MS_Default_Transmission_Material/Functions/MF_SSSObjAdjustments.uexp" 1040
"C:/Users/user/Documents/Unreal Projects/AdvancedCombatDemo/Content/MSPresets/M_MS_Default_Transmission_Material_VT/M_MS_Default_Transmission_Material_VT.uasset" 1041
"C:/Users/user/Documents/Unreal Projects/AdvancedCombatDemo/Content/MSPresets/M_MS_Default_Transmission_Material_VT/M_MS_Default_Transmission_Material_VT.uexp" 1042
"C:/Users/user/Documents/Unreal Projects/AdvancedCombatDemo/Content/MSPresets/M_MS_Default_Transmission_Material/M_MS_Default_Transmission_Material.uasset" 1043
"C:/Users/user/Documents/Unreal Projects/AdvancedCombatDemo/Content/MSPresets/M_MS_Default_Transmission_Material/M_MS_Default_Transmission_Material.uexp" 1044
"C:/Users/user/Documents/Unreal Projects/AdvancedCombatDemo/Content/MSPresets/M_MS_Default_Material_VT/M_MS_Default_Material_VT.uasset" 1045
"C:/Users/user/Documents/Unreal Projects/AdvancedCombatDemo/Content/MSPresets/M_MS_Default_Material_VT/M_MS_Default_Material_VT.uexp" 1046
"../../../Engine/Plugins/Bridge/Content/MSPresets/M_MS_Default_Fuzz_Material/Functions/MF_Tiling.uasset" 1047
"../../../Engine/Plugins/Bridge/Content/MSPresets/M_MS_Default_Fuzz_Material/Functions/MF_Tiling.uexp" 1048
"../../../Engine/Plugins/Bridge/Content/MSPresets/M_MS_Default_Fuzz_Material/Functions/MF_Fuzz.uasset" 1049
"../../../Engine/Plugins/Bridge/Content/MSPresets/M_MS_Default_Fuzz_Material/Functions/MF_Fuzz.uexp" 1050
"C:/Users/user/Documents/Unreal Projects/AdvancedCombatDemo/Content/MSPresets/M_MS_Default_Fuzz_Material_VT/M_MS_Default_Fuzz_Material_VT.uasset" 1051
"C:/Users/user/Documents/Unreal Projects/AdvancedCombatDemo/Content/MSPresets/M_MS_Default_Fuzz_Material_VT/M_MS_Default_Fuzz_Material_VT.uexp" 1052
"C:/Users/user/Documents/Unreal Projects/AdvancedCombatDemo/Content/MSPresets/M_MS_Default_Fuzz_Material/M_MS_Default_Fuzz_Material.uasset" 1053
"C:/Users/user/Documents/Unreal Projects/AdvancedCombatDemo/Content/MSPresets/M_MS_Default_Fuzz_Material/M_MS_Default_Fuzz_Material.uexp" 1054
"../../../Engine/Plugins/Bridge/Content/MSPresets/M_MS_Decal_Material/MF_QuixelDecalPOM.uasset" 1055
"../../../Engine/Plugins/Bridge/Content/MSPresets/M_MS_Decal_Material/MF_QuixelDecalPOM.uexp" 1056
"C:/Users/user/Documents/Unreal Projects/AdvancedCombatDemo/Content/MSPresets/M_MS_Decal_Material_VT/M_MS_Decal_Material_VT.uasset" 1057
"C:/Users/user/Documents/Unreal Projects/AdvancedCombatDemo/Content/MSPresets/M_MS_Decal_Material_VT/M_MS_Decal_Material_VT.uexp" 1058
"C:/Users/user/Documents/Unreal Projects/AdvancedCombatDemo/Content/MSPresets/M_MS_Decal_Material_VT/MF_QuixelDecalPOM.uasset" 1059
"C:/Users/user/Documents/Unreal Projects/AdvancedCombatDemo/Content/MSPresets/M_MS_Decal_Material_VT/MF_QuixelDecalPOM.uexp" 1060
"C:/Users/user/Documents/Unreal Projects/AdvancedCombatDemo/Content/MSPresets/M_MS_Decal_Material/M_MS_Decal_Material.uasset" 1061
"C:/Users/user/Documents/Unreal Projects/AdvancedCombatDemo/Content/MSPresets/M_MS_Decal_Material/M_MS_Decal_Material.uexp" 1062
"C:/Users/user/Documents/Unreal Projects/AdvancedCombatDemo/Content/MSPresets/M_MS_Decal_Material/MF_QuixelDecalPOM.uasset" 1063
"C:/Users/user/Documents/Unreal Projects/AdvancedCombatDemo/Content/MSPresets/M_MS_Decal_Material/MF_QuixelDecalPOM.uexp" 1064
"../../../Engine/Content/Functions/Engine_MaterialFunctions02/Utility/VectorToRadialValue.uasset" 1065
"../../../Engine/Content/Functions/Engine_MaterialFunctions02/Utility/VectorToRadialValue.uexp" 1066
"../../../Engine/Content/ArtTools/RenderToTexture/MaterialFunctions/FoliageZRotation.uasset" 1067
"../../../Engine/Content/ArtTools/RenderToTexture/MaterialFunctions/FoliageZRotation.uexp" 1068
"../../../Engine/Content/Functions/Engine_MaterialFunctions02/WorldPositionOffset/ObjectPivotPoint.uasset" 1069
"../../../Engine/Content/Functions/Engine_MaterialFunctions02/WorldPositionOffset/ObjectPivotPoint.uexp" 1070
"C:/Users/user/Documents/Unreal Projects/AdvancedCombatDemo/Content/MSPresets/M_MS_Billboard_Material/M_MS_Billboard_Material.uasset" 1071
"C:/Users/user/Documents/Unreal Projects/AdvancedCombatDemo/Content/MSPresets/M_MS_Billboard_Material/M_MS_Billboard_Material.uexp" 1072
"C:/Users/user/Documents/Unreal Projects/AdvancedCombatDemo/Content/MSPresets/MSVTTextures/WhitePlaceholder.uasset" 1073
"C:/Users/user/Documents/Unreal Projects/AdvancedCombatDemo/Content/MSPresets/MSVTTextures/WhitePlaceholder.uexp" 1074
"C:/Users/user/Documents/Unreal Projects/AdvancedCombatDemo/Content/MSPresets/MSVTTextures/Placeholder_Normal.uasset" 1075
"C:/Users/user/Documents/Unreal Projects/AdvancedCombatDemo/Content/MSPresets/MSVTTextures/Placeholder_Normal.uexp" 1076
"C:/Users/user/Documents/Unreal Projects/AdvancedCombatDemo/Content/MSPresets/MSVTTextures/DefaultDiffuse.uasset" 1077
"C:/Users/user/Documents/Unreal Projects/AdvancedCombatDemo/Content/MSPresets/MSVTTextures/DefaultDiffuse.uexp" 1078
"C:/Users/user/Documents/Unreal Projects/AdvancedCombatDemo/Content/MSPresets/MSVTTextures/BlackPlaceholder.uasset" 1079
"C:/Users/user/Documents/Unreal Projects/AdvancedCombatDemo/Content/MSPresets/MSVTTextures/BlackPlaceholder.uexp" 1080
"C:/Users/user/Documents/Unreal Projects/AdvancedCombatDemo/Content/MSPresets/MSTextures/WhitePlaceholder.uasset" 1081
"C:/Users/user/Documents/Unreal Projects/AdvancedCombatDemo/Content/MSPresets/MSTextures/WhitePlaceholder.uexp" 1082
"C:/Users/user/Documents/Unreal Projects/AdvancedCombatDemo/Content/MSPresets/MSTextures/White.ubulk" 1083
"C:/Users/user/Documents/Unreal Projects/AdvancedCombatDemo/Content/MSPresets/MSTextures/White.uasset" 1084
"C:/Users/user/Documents/Unreal Projects/AdvancedCombatDemo/Content/MSPresets/MSTextures/White.uexp" 1085
"C:/Users/user/Documents/Unreal Projects/AdvancedCombatDemo/Content/MSPresets/MSTextures/Placeholder_Normal.uasset" 1086
"C:/Users/user/Documents/Unreal Projects/AdvancedCombatDemo/Content/MSPresets/MSTextures/Placeholder_Normal.uexp" 1087
"C:/Users/user/Documents/Unreal Projects/AdvancedCombatDemo/Content/MSPresets/MSTextures/Placeholder.uasset" 1088
"C:/Users/user/Documents/Unreal Projects/AdvancedCombatDemo/Content/MSPresets/MSTextures/Placeholder.uexp" 1089
"C:/Users/user/Documents/Unreal Projects/AdvancedCombatDemo/Content/MSPresets/MSTextures/FlatNormal.uasset" 1090
"C:/Users/user/Documents/Unreal Projects/AdvancedCombatDemo/Content/MSPresets/MSTextures/FlatNormal.uexp" 1091
"C:/Users/user/Documents/Unreal Projects/AdvancedCombatDemo/Content/MSPresets/MSTextures/Black.ubulk" 1092
"C:/Users/user/Documents/Unreal Projects/AdvancedCombatDemo/Content/MSPresets/MSTextures/Black.uasset" 1093
"C:/Users/user/Documents/Unreal Projects/AdvancedCombatDemo/Content/MSPresets/MSTextures/Black.uexp" 1094
"../../../Engine/Content/Tutorial/SubEditors/TutorialAssets/T_SmokeSubUV_8X8.ubulk" 1095
"../../../Engine/Content/Tutorial/SubEditors/TutorialAssets/T_SmokeSubUV_8X8.uasset" 1096
"../../../Engine/Content/Tutorial/SubEditors/TutorialAssets/T_SmokeSubUV_8X8.uexp" 1097
"C:/Users/user/Documents/Unreal Projects/AdvancedCombatDemo/Content/ACS_BP/VFX/ExplosionMat.uasset" 1098
"C:/Users/user/Documents/Unreal Projects/AdvancedCombatDemo/Content/ACS_BP/VFX/ExplosionMat.uexp" 1099
"C:/Users/user/Documents/Unreal Projects/AdvancedCombatDemo/Content/ACS_BP/VFX/Niagara/Explosion.uasset" 1100
"C:/Users/user/Documents/Unreal Projects/AdvancedCombatDemo/Content/ACS_BP/VFX/Niagara/Explosion.uexp" 1101
"C:/Users/user/Documents/Unreal Projects/AdvancedCombatDemo/Content/ACS_BP/Game/GI_Combat.uasset" 1102
"C:/Users/user/Documents/Unreal Projects/AdvancedCombatDemo/Content/ACS_BP/Game/GI_Combat.uexp" 1103
"../../../Engine/Plugins/Interchange/Runtime/Content/gltf/MaterialFunctions/MF_RotateV2.uasset" 1104
"../../../Engine/Plugins/Interchange/Runtime/Content/gltf/MaterialFunctions/MF_RotateV2.uexp" 1105
"../../../Engine/Plugins/Interchange/Runtime/Content/gltf/MaterialFunctions/MF_TransformUVs.uasset" 1106
"../../../Engine/Plugins/Interchange/Runtime/Content/gltf/MaterialFunctions/MF_TransformUVs.uexp" 1107
"../../../Engine/Plugins/Interchange/Runtime/Content/gltf/Textures/T_White_srgb.uasset" 1108
"../../../Engine/Plugins/Interchange/Runtime/Content/gltf/Textures/T_White_srgb.uexp" 1109
"../../../Engine/Plugins/Interchange/Runtime/Content/gltf/MaterialFunctions/MF_BaseColor.uasset" 1110
"../../../Engine/Plugins/Interchange/Runtime/Content/gltf/MaterialFunctions/MF_BaseColor.uexp" 1111
"../../../Engine/Plugins/Interchange/Runtime/Content/gltf/MaterialBodies/MF_Unlit_Body.uasset" 1112
"../../../Engine/Plugins/Interchange/Runtime/Content/gltf/MaterialBodies/MF_Unlit_Body.uexp" 1113
"../../../Engine/Plugins/Interchange/Runtime/Content/gltf/M_Unlit.uasset" 1114
"../../../Engine/Plugins/Interchange/Runtime/Content/gltf/M_Unlit.uexp" 1115
"../../../Engine/Plugins/Interchange/Runtime/Content/gltf/MaterialInstances/MI_Unlit_Opaque_DS.uasset" 1116
"../../../Engine/Plugins/Interchange/Runtime/Content/gltf/MaterialInstances/MI_Unlit_Opaque_DS.uexp" 1117
"../../../Engine/Plugins/Interchange/Runtime/Content/gltf/MaterialInstances/MI_Unlit_Opaque.uasset" 1118
"../../../Engine/Plugins/Interchange/Runtime/Content/gltf/MaterialInstances/MI_Unlit_Opaque.uexp" 1119
"../../../Engine/Plugins/Interchange/Runtime/Content/gltf/MaterialInstances/MI_Unlit_Mask_DS.uasset" 1120
"../../../Engine/Plugins/Interchange/Runtime/Content/gltf/MaterialInstances/MI_Unlit_Mask_DS.uexp" 1121
"../../../Engine/Plugins/Interchange/Runtime/Content/gltf/MaterialInstances/MI_Unlit_Mask.uasset" 1122
"../../../Engine/Plugins/Interchange/Runtime/Content/gltf/MaterialInstances/MI_Unlit_Mask.uexp" 1123
"../../../Engine/Plugins/Interchange/Runtime/Content/gltf/MaterialInstances/MI_Unlit_Blend_DS.uasset" 1124
"../../../Engine/Plugins/Interchange/Runtime/Content/gltf/MaterialInstances/MI_Unlit_Blend_DS.uexp" 1125
"../../../Engine/Plugins/Interchange/Runtime/Content/gltf/MaterialInstances/MI_Unlit_Blend.uasset" 1126
"../../../Engine/Plugins/Interchange/Runtime/Content/gltf/MaterialInstances/MI_Unlit_Blend.uexp" 1127
"../../../Engine/Plugins/Interchange/Runtime/Content/gltf/MaterialFunctions/MF_Iridescence.uasset" 1128
"../../../Engine/Plugins/Interchange/Runtime/Content/gltf/MaterialFunctions/MF_Iridescence.uexp" 1129
"../../../Engine/Plugins/Interchange/Runtime/Content/gltf/Textures/T_White_Linear.uasset" 1130
"../../../Engine/Plugins/Interchange/Runtime/Content/gltf/Textures/T_White_Linear.uexp" 1131
"../../../Engine/Plugins/Interchange/Runtime/Content/gltf/MaterialFunctions/MF_MetallicRoughness.uasset" 1132
"../../../Engine/Plugins/Interchange/Runtime/Content/gltf/MaterialFunctions/MF_MetallicRoughness.uexp" 1133
"../../../Engine/Plugins/Interchange/Runtime/Content/gltf/MaterialFunctions/MF_Transmission.uasset" 1134
"../../../Engine/Plugins/Interchange/Runtime/Content/gltf/MaterialFunctions/MF_Transmission.uexp" 1135
"../../../Engine/Plugins/Interchange/Runtime/Content/gltf/MaterialFunctions/MF_Occlusion.uasset" 1136
"../../../Engine/Plugins/Interchange/Runtime/Content/gltf/MaterialFunctions/MF_Occlusion.uexp" 1137
"../../../Engine/Plugins/Interchange/Runtime/Content/gltf/MaterialFunctions/MF_Specular.uasset" 1138
"../../../Engine/Plugins/Interchange/Runtime/Content/gltf/MaterialFunctions/MF_Specular.uexp" 1139
"../../../Engine/Plugins/Interchange/Runtime/Content/gltf/MaterialFunctions/MF_IOR.uasset" 1140
"../../../Engine/Plugins/Interchange/Runtime/Content/gltf/MaterialFunctions/MF_IOR.uexp" 1141
"../../../Engine/Plugins/Interchange/Runtime/Content/gltf/MaterialFunctions/MF_RotateNormals_TS.uasset" 1142
"../../../Engine/Plugins/Interchange/Runtime/Content/gltf/MaterialFunctions/MF_RotateNormals_TS.uexp" 1143
"../../../Engine/Plugins/Interchange/Runtime/Content/gltf/Textures/T_Generic_N.uasset" 1144
"../../../Engine/Plugins/Interchange/Runtime/Content/gltf/Textures/T_Generic_N.uexp" 1145
"../../../Engine/Plugins/Interchange/Runtime/Content/gltf/MaterialFunctions/MF_Normals.uasset" 1146
"../../../Engine/Plugins/Interchange/Runtime/Content/gltf/MaterialFunctions/MF_Normals.uexp" 1147
"../../../Engine/Plugins/Interchange/Runtime/Content/gltf/MaterialBodies/MF_Transmission_Body.uasset" 1148
"../../../Engine/Plugins/Interchange/Runtime/Content/gltf/MaterialBodies/MF_Transmission_Body.uexp" 1149
"../../../Engine/Plugins/Interchange/Runtime/Content/gltf/M_Transmission.uasset" 1150
"../../../Engine/Plugins/Interchange/Runtime/Content/gltf/M_Transmission.uexp" 1151
"../../../Engine/Plugins/Interchange/Runtime/Content/gltf/MaterialInstances/MI_Transmission_DS.uasset" 1152
"../../../Engine/Plugins/Interchange/Runtime/Content/gltf/MaterialInstances/MI_Transmission_DS.uexp" 1153
"../../../Engine/Plugins/Interchange/Runtime/Content/gltf/MaterialInstances/MI_Transmission.uasset" 1154
"../../../Engine/Plugins/Interchange/Runtime/Content/gltf/MaterialInstances/MI_Transmission.uexp" 1155
"../../../Engine/Plugins/Interchange/Runtime/Content/gltf/MaterialFunctions/MF_DiffuseSpecGloss.uasset" 1156
"../../../Engine/Plugins/Interchange/Runtime/Content/gltf/MaterialFunctions/MF_DiffuseSpecGloss.uexp" 1157
"../../../Engine/Content/Functions/Engine_MaterialFunctions02/Math/AddComponents.uasset" 1158
"../../../Engine/Content/Functions/Engine_MaterialFunctions02/Math/AddComponents.uexp" 1159
"../../../Engine/Plugins/Interchange/Runtime/Content/gltf/MaterialFunctions/MF_PerceivedBrightness.uasset" 1160
"../../../Engine/Plugins/Interchange/Runtime/Content/gltf/MaterialFunctions/MF_PerceivedBrightness.uexp" 1161
"../../../Engine/Plugins/Interchange/Runtime/Content/gltf/MaterialFunctions/MF_Emissive.uasset" 1162
"../../../Engine/Plugins/Interchange/Runtime/Content/gltf/MaterialFunctions/MF_Emissive.uexp" 1163
"../../../Engine/Plugins/Interchange/Runtime/Content/gltf/MaterialFunctions/MF_SpecGlossToMetalRoughness.uasset" 1164
"../../../Engine/Plugins/Interchange/Runtime/Content/gltf/MaterialFunctions/MF_SpecGlossToMetalRoughness.uexp" 1165
"../../../Engine/Plugins/Interchange/Runtime/Content/gltf/MaterialBodies/MF_SpecularGlossiness_Body.uasset" 1166
"../../../Engine/Plugins/Interchange/Runtime/Content/gltf/MaterialBodies/MF_SpecularGlossiness_Body.uexp" 1167
"../../../Engine/Plugins/Interchange/Runtime/Content/gltf/M_SpecularGlossiness.uasset" 1168
"../../../Engine/Plugins/Interchange/Runtime/Content/gltf/M_SpecularGlossiness.uexp" 1169
"../../../Engine/Plugins/Interchange/Runtime/Content/gltf/MaterialInstances/MI_SpecularGlossiness_Opaque_DS.uasset" 1170
"../../../Engine/Plugins/Interchange/Runtime/Content/gltf/MaterialInstances/MI_SpecularGlossiness_Opaque_DS.uexp" 1171
"../../../Engine/Plugins/Interchange/Runtime/Content/gltf/MaterialInstances/MI_SpecularGlossiness_Opaque.uasset" 1172
"../../../Engine/Plugins/Interchange/Runtime/Content/gltf/MaterialInstances/MI_SpecularGlossiness_Opaque.uexp" 1173
"../../../Engine/Plugins/Interchange/Runtime/Content/gltf/MaterialInstances/MI_SpecularGlossiness_Mask_DS.uasset" 1174
"../../../Engine/Plugins/Interchange/Runtime/Content/gltf/MaterialInstances/MI_SpecularGlossiness_Mask_DS.uexp" 1175
"../../../Engine/Plugins/Interchange/Runtime/Content/gltf/MaterialInstances/MI_SpecularGlossiness_Mask.uasset" 1176
"../../../Engine/Plugins/Interchange/Runtime/Content/gltf/MaterialInstances/MI_SpecularGlossiness_Mask.uexp" 1177
"../../../Engine/Plugins/Interchange/Runtime/Content/gltf/MaterialInstances/MI_SpecularGlossiness_Blend_DS.uasset" 1178
"../../../Engine/Plugins/Interchange/Runtime/Content/gltf/MaterialInstances/MI_SpecularGlossiness_Blend_DS.uexp" 1179
"../../../Engine/Plugins/Interchange/Runtime/Content/gltf/MaterialInstances/MI_SpecularGlossiness_Blend.uasset" 1180
"../../../Engine/Plugins/Interchange/Runtime/Content/gltf/MaterialInstances/MI_SpecularGlossiness_Blend.uexp" 1181
"../../../Engine/Plugins/Interchange/Runtime/Content/gltf/MaterialFunctions/MF_Sheen.uasset" 1182
"../../../Engine/Plugins/Interchange/Runtime/Content/gltf/MaterialFunctions/MF_Sheen.uexp" 1183
"../../../Engine/Plugins/Interchange/Runtime/Content/gltf/MaterialBodies/MF_Sheen_Body.uasset" 1184
"../../../Engine/Plugins/Interchange/Runtime/Content/gltf/MaterialBodies/MF_Sheen_Body.uexp" 1185
"../../../Engine/Plugins/Interchange/Runtime/Content/gltf/M_Sheen.uasset" 1186
"../../../Engine/Plugins/Interchange/Runtime/Content/gltf/M_Sheen.uexp" 1187
"../../../Engine/Plugins/Interchange/Runtime/Content/gltf/MaterialInstances/MI_Sheen_Opaque_DS.uasset" 1188
"../../../Engine/Plugins/Interchange/Runtime/Content/gltf/MaterialInstances/MI_Sheen_Opaque_DS.uexp" 1189
"../../../Engine/Plugins/Interchange/Runtime/Content/gltf/MaterialInstances/MI_Sheen_Opaque.uasset" 1190
"../../../Engine/Plugins/Interchange/Runtime/Content/gltf/MaterialInstances/MI_Sheen_Opaque.uexp" 1191
"../../../Engine/Plugins/Interchange/Runtime/Content/gltf/MaterialInstances/MI_Sheen_Mask_DS.uasset" 1192
"../../../Engine/Plugins/Interchange/Runtime/Content/gltf/MaterialInstances/MI_Sheen_Mask_DS.uexp" 1193
"../../../Engine/Plugins/Interchange/Runtime/Content/gltf/MaterialInstances/MI_Sheen_Mask.uasset" 1194
"../../../Engine/Plugins/Interchange/Runtime/Content/gltf/MaterialInstances/MI_Sheen_Mask.uexp" 1195
"../../../Engine/Plugins/Interchange/Runtime/Content/gltf/MaterialInstances/MI_Sheen_Blend_DS.uasset" 1196
"../../../Engine/Plugins/Interchange/Runtime/Content/gltf/MaterialInstances/MI_Sheen_Blend_DS.uexp" 1197
"../../../Engine/Plugins/Interchange/Runtime/Content/gltf/MaterialInstances/MI_Sheen_Blend.uasset" 1198
"../../../Engine/Plugins/Interchange/Runtime/Content/gltf/MaterialInstances/MI_Sheen_Blend.uexp" 1199
"../../../Engine/Plugins/Interchange/Runtime/Content/gltf/MaterialBodies/MF_Default_Body.uasset" 1200
"../../../Engine/Plugins/Interchange/Runtime/Content/gltf/MaterialBodies/MF_Default_Body.uexp" 1201
"../../../Engine/Plugins/Interchange/Runtime/Content/gltf/M_Default.uasset" 1202
"../../../Engine/Plugins/Interchange/Runtime/Content/gltf/M_Default.uexp" 1203
"../../../Engine/Plugins/Interchange/Runtime/Content/gltf/MaterialInstances/MI_Default_Opaque_DS.uasset" 1204
"../../../Engine/Plugins/Interchange/Runtime/Content/gltf/MaterialInstances/MI_Default_Opaque_DS.uexp" 1205
"../../../Engine/Plugins/Interchange/Runtime/Content/gltf/MaterialInstances/MI_Default_Opaque.uasset" 1206
"../../../Engine/Plugins/Interchange/Runtime/Content/gltf/MaterialInstances/MI_Default_Opaque.uexp" 1207
"../../../Engine/Plugins/Interchange/Runtime/Content/gltf/MaterialInstances/MI_Default_Mask_DS.uasset" 1208
"../../../Engine/Plugins/Interchange/Runtime/Content/gltf/MaterialInstances/MI_Default_Mask_DS.uexp" 1209
"../../../Engine/Plugins/Interchange/Runtime/Content/gltf/MaterialInstances/MI_Default_Mask.uasset" 1210
"../../../Engine/Plugins/Interchange/Runtime/Content/gltf/MaterialInstances/MI_Default_Mask.uexp" 1211
"../../../Engine/Plugins/Interchange/Runtime/Content/gltf/MaterialInstances/MI_Default_Blend_DS.uasset" 1212
"../../../Engine/Plugins/Interchange/Runtime/Content/gltf/MaterialInstances/MI_Default_Blend_DS.uexp" 1213
"../../../Engine/Plugins/Interchange/Runtime/Content/gltf/MaterialInstances/MI_Default_Blend.uasset" 1214
"../../../Engine/Plugins/Interchange/Runtime/Content/gltf/MaterialInstances/MI_Default_Blend.uexp" 1215
"../../../Engine/Plugins/Interchange/Runtime/Content/gltf/MaterialFunctions/MF_Clearcoat.uasset" 1216
"../../../Engine/Plugins/Interchange/Runtime/Content/gltf/MaterialFunctions/MF_Clearcoat.uexp" 1217
"../../../Engine/Plugins/Interchange/Runtime/Content/gltf/MaterialBodies/MF_ClearCoat_Body.uasset" 1218
"../../../Engine/Plugins/Interchange/Runtime/Content/gltf/MaterialBodies/MF_ClearCoat_Body.uexp" 1219
"../../../Engine/Plugins/Interchange/Runtime/Content/gltf/M_ClearCoat.uasset" 1220
"../../../Engine/Plugins/Interchange/Runtime/Content/gltf/M_ClearCoat.uexp" 1221
"../../../Engine/Plugins/Interchange/Runtime/Content/gltf/MaterialInstances/MI_ClearCoat_Opaque_DS.uasset" 1222
"../../../Engine/Plugins/Interchange/Runtime/Content/gltf/MaterialInstances/MI_ClearCoat_Opaque_DS.uexp" 1223
"../../../Engine/Plugins/Interchange/Runtime/Content/gltf/MaterialInstances/MI_ClearCoat_Opaque.uasset" 1224
"../../../Engine/Plugins/Interchange/Runtime/Content/gltf/MaterialInstances/MI_ClearCoat_Opaque.uexp" 1225
"../../../Engine/Plugins/Interchange/Runtime/Content/gltf/MaterialInstances/MI_ClearCoat_Mask_DS.uasset" 1226
"../../../Engine/Plugins/Interchange/Runtime/Content/gltf/MaterialInstances/MI_ClearCoat_Mask_DS.uexp" 1227
"../../../Engine/Plugins/Interchange/Runtime/Content/gltf/MaterialInstances/MI_ClearCoat_Mask.uasset" 1228
"../../../Engine/Plugins/Interchange/Runtime/Content/gltf/MaterialInstances/MI_ClearCoat_Mask.uexp" 1229
"../../../Engine/Plugins/Interchange/Runtime/Content/gltf/MaterialInstances/MI_ClearCoat_Blend_DS.uasset" 1230
"../../../Engine/Plugins/Interchange/Runtime/Content/gltf/MaterialInstances/MI_ClearCoat_Blend_DS.uexp" 1231
"../../../Engine/Plugins/Interchange/Runtime/Content/gltf/MaterialInstances/MI_ClearCoat_Blend.uasset" 1232
"../../../Engine/Plugins/Interchange/Runtime/Content/gltf/MaterialInstances/MI_ClearCoat_Blend.uexp" 1233
"../../../Engine/Content/MobileResources/HUD/VirtualJoystick_Background.uasset" 1234
"../../../Engine/Content/MobileResources/HUD/VirtualJoystick_Background.uexp" 1235
"../../../Engine/Content/MobileResources/HUD/VirtualJoystick_Thumb.uasset" 1236
"../../../Engine/Content/MobileResources/HUD/VirtualJoystick_Thumb.uexp" 1237
"../../../Engine/Content/MobileResources/HUD/DefaultVirtualJoysticks.uasset" 1238
"../../../Engine/Content/MobileResources/HUD/DefaultVirtualJoysticks.uexp" 1239
"../../../Engine/Content/EngineSky/VolumetricClouds/CloudWeatherTexture.uasset" 1240
"../../../Engine/Content/EngineSky/VolumetricClouds/CloudWeatherTexture.uexp" 1241
"../../../Engine/Content/EngineSky/VolumetricClouds/CloudGradientTexture.uasset" 1242
"../../../Engine/Content/EngineSky/VolumetricClouds/CloudGradientTexture.uexp" 1243
"../../../Engine/Content/EngineSky/VolumetricClouds/T_NoiseShape64.ubulk" 1244
"../../../Engine/Content/EngineSky/VolumetricClouds/T_NoiseShape64.uasset" 1245
"../../../Engine/Content/EngineSky/VolumetricClouds/T_NoiseShape64.uexp" 1246
"../../../Engine/Content/EngineSky/VolumetricClouds/T_VolumeNoiseShape64.uasset" 1247
"../../../Engine/Content/EngineSky/VolumetricClouds/T_VolumeNoiseShape64.uexp" 1248
"../../../Engine/Content/EngineSky/VolumetricClouds/T_NoiseErosion.ubulk" 1249
"../../../Engine/Content/EngineSky/VolumetricClouds/T_NoiseErosion.uasset" 1250
"../../../Engine/Content/EngineSky/VolumetricClouds/T_NoiseErosion.uexp" 1251
"../../../Engine/Content/EngineSky/VolumetricClouds/T_VolumeNoiseErosion32.uasset" 1252
"../../../Engine/Content/EngineSky/VolumetricClouds/T_VolumeNoiseErosion32.uexp" 1253
"../../../Engine/Content/EngineSky/VolumetricClouds/m_SimpleVolumetricCloud.uasset" 1254
"../../../Engine/Content/EngineSky/VolumetricClouds/m_SimpleVolumetricCloud.uexp" 1255
"../../../Engine/Content/EngineSky/VolumetricClouds/m_SimpleVolumetricCloud_Inst.uasset" 1256
"../../../Engine/Content/EngineSky/VolumetricClouds/m_SimpleVolumetricCloud_Inst.uexp" 1257
"../../../Engine/Content/EngineResources/FilmGrains/Marcie_Grain_v3_128_M2_000.uasset" 1258
"../../../Engine/Content/EngineResources/FilmGrains/Marcie_Grain_v3_128_M2_000.uexp" 1259
"../../../Engine/Content/EditorResources/SequenceRecorder/RecordingIndicator.uasset" 1260
"../../../Engine/Content/EditorResources/SequenceRecorder/RecordingIndicator.uexp" 1261
"../../../Engine/Content/EditorResources/SequenceRecorder/Countdown.uasset" 1262
"../../../Engine/Content/EditorResources/SequenceRecorder/Countdown.uexp" 1263
"../../../Engine/Content/EditorMaterials/Dataflow/DataflowVertexMaterial.uasset" 1264
"../../../Engine/Content/EditorMaterials/Dataflow/DataflowVertexMaterial.uexp" 1265
"../../../Engine/Content/Functions/Engine_MaterialFunctions01/Shading/PowerToRoughness.uasset" 1266
"../../../Engine/Content/Functions/Engine_MaterialFunctions01/Shading/PowerToRoughness.uexp" 1267
"../../../Engine/Content/Functions/Engine_MaterialFunctions01/Shading/ConvertFromDiffSpec.uasset" 1268
"../../../Engine/Content/Functions/Engine_MaterialFunctions01/Shading/ConvertFromDiffSpec.uexp" 1269
"../../../Engine/Content/EngineMaterials/Substrate/Volume/SubstrateSimpleVolumeLUT3D.uasset" 1270
"../../../Engine/Content/EngineMaterials/Substrate/Volume/SubstrateSimpleVolumeLUT3D.uexp" 1271
"../../../Engine/Content/EngineMaterials/Substrate/Volume/SubstrateSimpleVolumeEnvLUT3D.uasset" 1272
"../../../Engine/Content/EngineMaterials/Substrate/Volume/SubstrateSimpleVolumeEnvLUT3D.uexp" 1273
"C:/Users/user/Documents/Unreal Projects/AdvancedCombatDemo/Content/MSPresets/M_MS_Surface_Material_VT/Functions/MF_Transmission.uasset" 1274
"C:/Users/user/Documents/Unreal Projects/AdvancedCombatDemo/Content/MSPresets/M_MS_Surface_Material_VT/Functions/MF_Transmission.uexp" 1275
"C:/Users/user/Documents/Unreal Projects/AdvancedCombatDemo/Content/MSPresets/M_MS_Surface_Material_VT/Functions/MF_Tiling.uasset" 1276
"C:/Users/user/Documents/Unreal Projects/AdvancedCombatDemo/Content/MSPresets/M_MS_Surface_Material_VT/Functions/MF_Tiling.uexp" 1277
"../../../Engine/Plugins/Bridge/Content/MSPresets/M_MS_Surface_Material/Functions/MF_Transmission.uasset" 1278
"../../../Engine/Plugins/Bridge/Content/MSPresets/M_MS_Surface_Material/Functions/MF_Transmission.uexp" 1279
"C:/Users/user/Documents/Unreal Projects/AdvancedCombatDemo/Content/MSPresets/M_MS_Surface_Material_VT/Functions/MF_ObjAdjustments.uasset" 1280
"C:/Users/user/Documents/Unreal Projects/AdvancedCombatDemo/Content/MSPresets/M_MS_Surface_Material_VT/Functions/MF_ObjAdjustments.uexp" 1281
"C:/Users/user/Documents/Unreal Projects/AdvancedCombatDemo/Content/MSPresets/M_MS_Surface_Material_VT/Functions/MF_MapAdjustments.uasset" 1282
"C:/Users/user/Documents/Unreal Projects/AdvancedCombatDemo/Content/MSPresets/M_MS_Surface_Material_VT/Functions/MF_MapAdjustments.uexp" 1283
"C:/Users/user/Documents/Unreal Projects/AdvancedCombatDemo/Content/MSPresets/M_MS_Surface_Material_VT/Functions/MF_Displacement.uasset" 1284
"C:/Users/user/Documents/Unreal Projects/AdvancedCombatDemo/Content/MSPresets/M_MS_Surface_Material_VT/Functions/MF_Displacement.uexp" 1285
"C:/Users/user/Documents/Unreal Projects/AdvancedCombatDemo/Content/MSPresets/M_MS_Surface_Material/Functions/MF_Transmission.uasset" 1286
"C:/Users/user/Documents/Unreal Projects/AdvancedCombatDemo/Content/MSPresets/M_MS_Surface_Material/Functions/MF_Transmission.uexp" 1287
"C:/Users/user/Documents/Unreal Projects/AdvancedCombatDemo/Content/MSPresets/M_MS_Surface_Material/Functions/MF_Tiling.uasset" 1288
"C:/Users/user/Documents/Unreal Projects/AdvancedCombatDemo/Content/MSPresets/M_MS_Surface_Material/Functions/MF_Tiling.uexp" 1289
"C:/Users/user/Documents/Unreal Projects/AdvancedCombatDemo/Content/MSPresets/M_MS_Surface_Material/Functions/MF_ObjAdjustments.uasset" 1290
"C:/Users/user/Documents/Unreal Projects/AdvancedCombatDemo/Content/MSPresets/M_MS_Surface_Material/Functions/MF_ObjAdjustments.uexp" 1291
"C:/Users/user/Documents/Unreal Projects/AdvancedCombatDemo/Content/MSPresets/M_MS_Surface_Material/Functions/MF_MapAdjustments.uasset" 1292
"C:/Users/user/Documents/Unreal Projects/AdvancedCombatDemo/Content/MSPresets/M_MS_Surface_Material/Functions/MF_MapAdjustments.uexp" 1293
"C:/Users/user/Documents/Unreal Projects/AdvancedCombatDemo/Content/MSPresets/M_MS_Surface_Material/Functions/MF_Displacement.uasset" 1294
"C:/Users/user/Documents/Unreal Projects/AdvancedCombatDemo/Content/MSPresets/M_MS_Surface_Material/Functions/MF_Displacement.uexp" 1295
"C:/Users/user/Documents/Unreal Projects/AdvancedCombatDemo/Content/MSPresets/M_MS_SurfaceBlend_Material/LayerFunctions/MF_ScatterLayer.uasset" 1296
"C:/Users/user/Documents/Unreal Projects/AdvancedCombatDemo/Content/MSPresets/M_MS_SurfaceBlend_Material/LayerFunctions/MF_ScatterLayer.uexp" 1297
"C:/Users/user/Documents/Unreal Projects/AdvancedCombatDemo/Content/MSPresets/M_MS_SurfaceBlend_Material/LayerFunctions/MF_NormalCorrection.uasset" 1298
"C:/Users/user/Documents/Unreal Projects/AdvancedCombatDemo/Content/MSPresets/M_MS_SurfaceBlend_Material/LayerFunctions/MF_NormalCorrection.uexp" 1299
"C:/Users/user/Documents/Unreal Projects/AdvancedCombatDemo/Content/MSPresets/M_MS_SurfaceBlend_Material/LayerFunctions/MF_MaterialBlend.uasset" 1300
"C:/Users/user/Documents/Unreal Projects/AdvancedCombatDemo/Content/MSPresets/M_MS_SurfaceBlend_Material/LayerFunctions/MF_MaterialBlend.uexp" 1301
"../../../Engine/Plugins/Bridge/Content/MSPresets/M_MS_SurfaceBlend_Material/LayerFunctions/MF_Displacement.uasset" 1302
"../../../Engine/Plugins/Bridge/Content/MSPresets/M_MS_SurfaceBlend_Material/LayerFunctions/MF_Displacement.uexp" 1303
"C:/Users/user/Documents/Unreal Projects/AdvancedCombatDemo/Content/MSPresets/M_MS_SurfaceBlend_Material/LayerFunctions/MF_DisplacementBlend.uasset" 1304
"C:/Users/user/Documents/Unreal Projects/AdvancedCombatDemo/Content/MSPresets/M_MS_SurfaceBlend_Material/LayerFunctions/MF_DisplacementBlend.uexp" 1305
"C:/Users/user/Documents/Unreal Projects/AdvancedCombatDemo/Content/MSPresets/M_MS_SurfaceBlend_Material/LayerFunctions/MF_Displacement.uasset" 1306
"C:/Users/user/Documents/Unreal Projects/AdvancedCombatDemo/Content/MSPresets/M_MS_SurfaceBlend_Material/LayerFunctions/MF_Displacement.uexp" 1307
"C:/Users/user/Documents/Unreal Projects/AdvancedCombatDemo/Content/MSPresets/M_MS_SurfaceBlend_Material/LayerFunctions/MF_BlendScatter.uasset" 1308
"C:/Users/user/Documents/Unreal Projects/AdvancedCombatDemo/Content/MSPresets/M_MS_SurfaceBlend_Material/LayerFunctions/MF_BlendScatter.uexp" 1309
"C:/Users/user/Documents/Unreal Projects/AdvancedCombatDemo/Content/MSPresets/M_MS_Glass_Material/Textures/White.ubulk" 1310
"C:/Users/user/Documents/Unreal Projects/AdvancedCombatDemo/Content/MSPresets/M_MS_Glass_Material/Textures/White.uasset" 1311
"C:/Users/user/Documents/Unreal Projects/AdvancedCombatDemo/Content/MSPresets/M_MS_Glass_Material/Textures/White.uexp" 1312
"C:/Users/user/Documents/Unreal Projects/AdvancedCombatDemo/Content/MSPresets/M_MS_Glass_Material/Textures/FlatNormal.uasset" 1313
"C:/Users/user/Documents/Unreal Projects/AdvancedCombatDemo/Content/MSPresets/M_MS_Glass_Material/Textures/FlatNormal.uexp" 1314
"../../../Engine/Plugins/Bridge/Content/MSPresets/MSTextures/FlatNormal.uasset" 1315
"../../../Engine/Plugins/Bridge/Content/MSPresets/MSTextures/FlatNormal.uexp" 1316
"C:/Users/user/Documents/Unreal Projects/AdvancedCombatDemo/Content/MSPresets/M_MS_Glass_Material/Functions/MF_WindowNormalStrength.uasset" 1317
"C:/Users/user/Documents/Unreal Projects/AdvancedCombatDemo/Content/MSPresets/M_MS_Glass_Material/Functions/MF_WindowNormalStrength.uexp" 1318
"C:/Users/user/Documents/Unreal Projects/AdvancedCombatDemo/Content/MSPresets/M_MS_Glass_Material/Functions/MF_WindowImperfection.uasset" 1319
"C:/Users/user/Documents/Unreal Projects/AdvancedCombatDemo/Content/MSPresets/M_MS_Glass_Material/Functions/MF_WindowImperfection.uexp" 1320
"C:/Users/user/Documents/Unreal Projects/AdvancedCombatDemo/Content/MSPresets/M_MS_Glass_Material/Functions/MF_TranslucencyMetallic.uasset" 1321
"C:/Users/user/Documents/Unreal Projects/AdvancedCombatDemo/Content/MSPresets/M_MS_Glass_Material/Functions/MF_TranslucencyMetallic.uexp" 1322
"C:/Users/user/Documents/Unreal Projects/AdvancedCombatDemo/Content/MSPresets/M_MS_Glass_Material/Functions/MF_TranslucencyEmission.uasset" 1323
"C:/Users/user/Documents/Unreal Projects/AdvancedCombatDemo/Content/MSPresets/M_MS_Glass_Material/Functions/MF_TranslucencyEmission.uexp" 1324
"C:/Users/user/Documents/Unreal Projects/AdvancedCombatDemo/Content/MSPresets/M_MS_Glass_Material/Functions/MF_Refraction.uasset" 1325
"C:/Users/user/Documents/Unreal Projects/AdvancedCombatDemo/Content/MSPresets/M_MS_Glass_Material/Functions/MF_Refraction.uexp" 1326
"../../../Engine/Plugins/Bridge/Content/MSPresets/M_MS_Glass_Material/Textures/Black.ubulk" 1327
"../../../Engine/Plugins/Bridge/Content/MSPresets/M_MS_Glass_Material/Textures/Black.uasset" 1328
"../../../Engine/Plugins/Bridge/Content/MSPresets/M_MS_Glass_Material/Textures/Black.uexp" 1329
"C:/Users/user/Documents/Unreal Projects/AdvancedCombatDemo/Content/MSPresets/M_MS_Glass_Material/Functions/MF_Imperfection.uasset" 1330
"C:/Users/user/Documents/Unreal Projects/AdvancedCombatDemo/Content/MSPresets/M_MS_Glass_Material/Functions/MF_Imperfection.uexp" 1331
"../../../Engine/Plugins/Bridge/Content/MSPresets/M_MS_Glass_Material/Textures/White.ubulk" 1332
"../../../Engine/Plugins/Bridge/Content/MSPresets/M_MS_Glass_Material/Textures/White.uasset" 1333
"../../../Engine/Plugins/Bridge/Content/MSPresets/M_MS_Glass_Material/Textures/White.uexp" 1334
"C:/Users/user/Documents/Unreal Projects/AdvancedCombatDemo/Content/MSPresets/M_MS_Glass_Material/Functions/MF_FrameTextures.uasset" 1335
"C:/Users/user/Documents/Unreal Projects/AdvancedCombatDemo/Content/MSPresets/M_MS_Glass_Material/Functions/MF_FrameTextures.uexp" 1336
"../../../Engine/Plugins/Bridge/Content/MSPresets/MSTextures/White.ubulk" 1337
"../../../Engine/Plugins/Bridge/Content/MSPresets/MSTextures/White.uasset" 1338
"../../../Engine/Plugins/Bridge/Content/MSPresets/MSTextures/White.uexp" 1339
"C:/Users/user/Documents/Unreal Projects/AdvancedCombatDemo/Content/MSPresets/M_MS_Glass_Material/Functions/MF_FrameBlend.uasset" 1340
"C:/Users/user/Documents/Unreal Projects/AdvancedCombatDemo/Content/MSPresets/M_MS_Glass_Material/Functions/MF_FrameBlend.uexp" 1341
"C:/Users/user/Documents/Unreal Projects/AdvancedCombatDemo/Content/MSPresets/M_MS_Foliage_Material/Functions/MF_Translucency.uasset" 1342
"C:/Users/user/Documents/Unreal Projects/AdvancedCombatDemo/Content/MSPresets/M_MS_Foliage_Material/Functions/MF_Translucency.uexp" 1343
"C:/Users/user/Documents/Unreal Projects/AdvancedCombatDemo/Content/MSPresets/M_MS_Default_Transmission_Material_VT/Functions/MF_SSSObjAdjustments.uasset" 1344
"C:/Users/user/Documents/Unreal Projects/AdvancedCombatDemo/Content/MSPresets/M_MS_Default_Transmission_Material_VT/Functions/MF_SSSObjAdjustments.uexp" 1345
"C:/Users/user/Documents/Unreal Projects/AdvancedCombatDemo/Content/MSPresets/M_MS_Default_Transmission_Material/Functions/MF_SSSObjAdjustments.uasset" 1346
"C:/Users/user/Documents/Unreal Projects/AdvancedCombatDemo/Content/MSPresets/M_MS_Default_Transmission_Material/Functions/MF_SSSObjAdjustments.uexp" 1347
"C:/Users/user/Documents/Unreal Projects/AdvancedCombatDemo/Content/MSPresets/M_MS_Default_Material_VT/Functions/MF_Transmission.uasset" 1348
"C:/Users/user/Documents/Unreal Projects/AdvancedCombatDemo/Content/MSPresets/M_MS_Default_Material_VT/Functions/MF_Transmission.uexp" 1349
"C:/Users/user/Documents/Unreal Projects/AdvancedCombatDemo/Content/MSPresets/M_MS_Default_Material_VT/Functions/MF_Tiling.uasset" 1350
"C:/Users/user/Documents/Unreal Projects/AdvancedCombatDemo/Content/MSPresets/M_MS_Default_Material_VT/Functions/MF_Tiling.uexp" 1351
"C:/Users/user/Documents/Unreal Projects/AdvancedCombatDemo/Content/MSPresets/M_MS_Default_Material_VT/Functions/MF_ObjAdjustments.uasset" 1352
"C:/Users/user/Documents/Unreal Projects/AdvancedCombatDemo/Content/MSPresets/M_MS_Default_Material_VT/Functions/MF_ObjAdjustments.uexp" 1353
"C:/Users/user/Documents/Unreal Projects/AdvancedCombatDemo/Content/MSPresets/M_MS_Default_Material_VT/Functions/MF_MapAdjustments.uasset" 1354
"C:/Users/user/Documents/Unreal Projects/AdvancedCombatDemo/Content/MSPresets/M_MS_Default_Material_VT/Functions/MF_MapAdjustments.uexp" 1355
"C:/Users/user/Documents/Unreal Projects/AdvancedCombatDemo/Content/MSPresets/M_MS_Default_Material_VT/Functions/MF_Fuzz.uasset" 1356
"C:/Users/user/Documents/Unreal Projects/AdvancedCombatDemo/Content/MSPresets/M_MS_Default_Material_VT/Functions/MF_Fuzz.uexp" 1357
"C:/Users/user/Documents/Unreal Projects/AdvancedCombatDemo/Content/MSPresets/M_MS_Default_Material_VT/Functions/MF_Displacement.uasset" 1358
"C:/Users/user/Documents/Unreal Projects/AdvancedCombatDemo/Content/MSPresets/M_MS_Default_Material_VT/Functions/MF_Displacement.uexp" 1359
"C:/Users/user/Documents/Unreal Projects/AdvancedCombatDemo/Content/MSPresets/M_MS_Default_Material_VT/Functions/MF_DetailNormalTiling.uasset" 1360
"C:/Users/user/Documents/Unreal Projects/AdvancedCombatDemo/Content/MSPresets/M_MS_Default_Material_VT/Functions/MF_DetailNormalTiling.uexp" 1361
"C:/Users/user/Documents/Unreal Projects/AdvancedCombatDemo/Content/MSPresets/M_MS_Default_Material/Functions/MF_Transmission.uasset" 1362
"C:/Users/user/Documents/Unreal Projects/AdvancedCombatDemo/Content/MSPresets/M_MS_Default_Material/Functions/MF_Transmission.uexp" 1363
"C:/Users/user/Documents/Unreal Projects/AdvancedCombatDemo/Content/MSPresets/M_MS_Default_Material/Functions/MF_Tiling.uasset" 1364
"C:/Users/user/Documents/Unreal Projects/AdvancedCombatDemo/Content/MSPresets/M_MS_Default_Material/Functions/MF_Tiling.uexp" 1365
"C:/Users/user/Documents/Unreal Projects/AdvancedCombatDemo/Content/MSPresets/M_MS_Default_Material/Functions/MF_ObjAdjustments.uasset" 1366
"C:/Users/user/Documents/Unreal Projects/AdvancedCombatDemo/Content/MSPresets/M_MS_Default_Material/Functions/MF_ObjAdjustments.uexp" 1367
"C:/Users/user/Documents/Unreal Projects/AdvancedCombatDemo/Content/MSPresets/M_MS_Default_Material/Functions/MF_MapAdjustments.uasset" 1368
"C:/Users/user/Documents/Unreal Projects/AdvancedCombatDemo/Content/MSPresets/M_MS_Default_Material/Functions/MF_MapAdjustments.uexp" 1369
"C:/Users/user/Documents/Unreal Projects/AdvancedCombatDemo/Content/MSPresets/M_MS_Default_Material/Functions/MF_Fuzz.uasset" 1370
"C:/Users/user/Documents/Unreal Projects/AdvancedCombatDemo/Content/MSPresets/M_MS_Default_Material/Functions/MF_Fuzz.uexp" 1371
"C:/Users/user/Documents/Unreal Projects/AdvancedCombatDemo/Content/MSPresets/M_MS_Default_Material/Functions/MF_Displacement.uasset" 1372
"C:/Users/user/Documents/Unreal Projects/AdvancedCombatDemo/Content/MSPresets/M_MS_Default_Material/Functions/MF_Displacement.uexp" 1373
"C:/Users/user/Documents/Unreal Projects/AdvancedCombatDemo/Content/MSPresets/M_MS_Default_Material/Functions/MF_DetailNormalTiling.uasset" 1374
"C:/Users/user/Documents/Unreal Projects/AdvancedCombatDemo/Content/MSPresets/M_MS_Default_Material/Functions/MF_DetailNormalTiling.uexp" 1375
"C:/Users/user/Documents/Unreal Projects/AdvancedCombatDemo/Content/MSPresets/M_MS_Default_Fuzz_Material_VT/Functions/MF_Tiling.uasset" 1376
"C:/Users/user/Documents/Unreal Projects/AdvancedCombatDemo/Content/MSPresets/M_MS_Default_Fuzz_Material_VT/Functions/MF_Tiling.uexp" 1377
"C:/Users/user/Documents/Unreal Projects/AdvancedCombatDemo/Content/MSPresets/M_MS_Default_Fuzz_Material_VT/Functions/MF_Fuzz.uasset" 1378
"C:/Users/user/Documents/Unreal Projects/AdvancedCombatDemo/Content/MSPresets/M_MS_Default_Fuzz_Material_VT/Functions/MF_Fuzz.uexp" 1379
"C:/Users/user/Documents/Unreal Projects/AdvancedCombatDemo/Content/MSPresets/M_MS_Default_Fuzz_Material/Functions/MF_Tiling.uasset" 1380
"C:/Users/user/Documents/Unreal Projects/AdvancedCombatDemo/Content/MSPresets/M_MS_Default_Fuzz_Material/Functions/MF_Tiling.uexp" 1381
"C:/Users/user/Documents/Unreal Projects/AdvancedCombatDemo/Content/MSPresets/M_MS_Default_Fuzz_Material/Functions/MF_Fuzz.uasset" 1382
"C:/Users/user/Documents/Unreal Projects/AdvancedCombatDemo/Content/MSPresets/M_MS_Default_Fuzz_Material/Functions/MF_Fuzz.uexp" 1383
"C:/Users/user/Documents/Unreal Projects/AdvancedCombatDemo/Content/ControlRig/Props/CardBox/PA_Cardbox.uasset" 1384
"C:/Users/user/Documents/Unreal Projects/AdvancedCombatDemo/Content/ControlRig/Props/CardBox/PA_Cardbox.uexp" 1385
"C:/Users/user/Documents/Unreal Projects/AdvancedCombatDemo/Content/ControlRig/Props/CardBox/TXT_EpicLogo.ubulk" 1386
"C:/Users/user/Documents/Unreal Projects/AdvancedCombatDemo/Content/ControlRig/Props/CardBox/TXT_EpicLogo.uasset" 1387
"C:/Users/user/Documents/Unreal Projects/AdvancedCombatDemo/Content/ControlRig/Props/CardBox/TXT_EpicLogo.uexp" 1388
"C:/Users/user/Documents/Unreal Projects/AdvancedCombatDemo/Content/ControlRig/Props/CardBox/Mat_Logo.uasset" 1389
"C:/Users/user/Documents/Unreal Projects/AdvancedCombatDemo/Content/ControlRig/Props/CardBox/Mat_Logo.uexp" 1390
"C:/Users/user/Documents/Unreal Projects/AdvancedCombatDemo/Content/ControlRig/Props/CardBox/M_Inside.uasset" 1391
"C:/Users/user/Documents/Unreal Projects/AdvancedCombatDemo/Content/ControlRig/Props/CardBox/M_Inside.uexp" 1392
"C:/Users/user/Documents/Unreal Projects/AdvancedCombatDemo/Content/ControlRig/Props/CardBox/SK_Cardbox.uasset" 1393
"C:/Users/user/Documents/Unreal Projects/AdvancedCombatDemo/Content/ControlRig/Props/CardBox/SK_Cardbox.uexp" 1394
"C:/Users/user/Documents/Unreal Projects/AdvancedCombatDemo/Content/ControlRig/Props/CardBox/Mat_Outside.uasset" 1395
"C:/Users/user/Documents/Unreal Projects/AdvancedCombatDemo/Content/ControlRig/Props/CardBox/Mat_Outside.uexp" 1396
"C:/Users/user/Documents/Unreal Projects/AdvancedCombatDemo/Content/ControlRig/Props/CardBox/SKM_Cardbox.uasset" 1397
"C:/Users/user/Documents/Unreal Projects/AdvancedCombatDemo/Content/ControlRig/Props/CardBox/SKM_Cardbox.uexp" 1398
"../../../Engine/Plugins/Animation/ControlRig/Content/Controls/DefaultGizmoLibraryNormalized.uasset" 1399
"../../../Engine/Plugins/Animation/ControlRig/Content/Controls/DefaultGizmoLibraryNormalized.uexp" 1400
"C:/Users/user/Documents/Unreal Projects/AdvancedCombatDemo/Content/ControlRig/Props/CardBox/CR_Cardbox.uasset" 1401
"C:/Users/user/Documents/Unreal Projects/AdvancedCombatDemo/Content/ControlRig/Props/CardBox/CR_Cardbox.uexp" 1402
"C:/Users/user/Documents/Unreal Projects/AdvancedCombatDemo/Content/ControlRig/Characters/BungeeMan/SK_BungeeMan.uasset" 1403
"C:/Users/user/Documents/Unreal Projects/AdvancedCombatDemo/Content/ControlRig/Characters/BungeeMan/SK_BungeeMan.uexp" 1404
"C:/Users/user/Documents/Unreal Projects/AdvancedCombatDemo/Content/ControlRig/Characters/BungeeMan/Mat_BungeeMan_Rubber.uasset" 1405
"C:/Users/user/Documents/Unreal Projects/AdvancedCombatDemo/Content/ControlRig/Characters/BungeeMan/Mat_BungeeMan_Rubber.uexp" 1406
"C:/Users/user/Documents/Unreal Projects/AdvancedCombatDemo/Content/ControlRig/Characters/BungeeMan/Mat_BungeeMan_Body.uasset" 1407
"C:/Users/user/Documents/Unreal Projects/AdvancedCombatDemo/Content/ControlRig/Characters/BungeeMan/Mat_BungeeMan_Body.uexp" 1408
"C:/Users/user/Documents/Unreal Projects/AdvancedCombatDemo/Content/ControlRig/Characters/BungeeMan/SKM_BungeeMan.uasset" 1409
"C:/Users/user/Documents/Unreal Projects/AdvancedCombatDemo/Content/ControlRig/Characters/BungeeMan/SKM_BungeeMan.uexp" 1410
"C:/Users/user/Documents/Unreal Projects/AdvancedCombatDemo/Content/ControlRig/Characters/BungeeMan/CR_BungeeMan.uasset" 1411
"C:/Users/user/Documents/Unreal Projects/AdvancedCombatDemo/Content/ControlRig/Characters/BungeeMan/CR_BungeeMan.uexp" 1412
"C:/Users/user/Documents/Unreal Projects/AdvancedCombatDemo/Content/ControlRig/Characters/BungeeMan/LS_BungeeMan_Poses.uasset" 1413
"C:/Users/user/Documents/Unreal Projects/AdvancedCombatDemo/Content/ControlRig/Characters/BungeeMan/LS_BungeeMan_Poses.uexp" 1414
"C:/Users/user/Documents/Unreal Projects/AdvancedCombatDemo/Content/ControlRig/Characters/BungeeMan/LS_BungeeManCycle.uasset" 1415
"C:/Users/user/Documents/Unreal Projects/AdvancedCombatDemo/Content/ControlRig/Characters/BungeeMan/LS_BungeeManCycle.uexp" 1416
"C:/Users/user/Documents/Unreal Projects/AdvancedCombatDemo/Content/Audio/Sounds/Emotes/BI_EmoteSoundInterface.uasset" 1417
"C:/Users/user/Documents/Unreal Projects/AdvancedCombatDemo/Content/Audio/Sounds/Emotes/BI_EmoteSoundInterface.uexp" 1418
"C:/Users/user/Documents/Unreal Projects/AdvancedCombatDemo/Content/ACS_BP/Weapons/Gatling/GatlingGun.ubulk" 1419
"C:/Users/user/Documents/Unreal Projects/AdvancedCombatDemo/Content/ACS_BP/Weapons/Gatling/GatlingGun.uasset" 1420
"C:/Users/user/Documents/Unreal Projects/AdvancedCombatDemo/Content/ACS_BP/Weapons/Gatling/GatlingGun.uexp" 1421
"C:/Users/user/Documents/Unreal Projects/AdvancedCombatDemo/Content/ACS_BP/Weapons/Gatling/Gun.uasset" 1422
"C:/Users/user/Documents/Unreal Projects/AdvancedCombatDemo/Content/ACS_BP/Weapons/Gatling/Gun.uexp" 1423
"C:/Users/user/Documents/Unreal Projects/AdvancedCombatDemo/Content/ACS_BP/Weapons/Gatling/gatling-gun.ubulk" 1424
"C:/Users/user/Documents/Unreal Projects/AdvancedCombatDemo/Content/ACS_BP/Weapons/Gatling/gatling-gun.uasset" 1425
"C:/Users/user/Documents/Unreal Projects/AdvancedCombatDemo/Content/ACS_BP/Weapons/Gatling/gatling-gun.uexp" 1426
"C:/Users/user/Documents/Unreal Projects/AdvancedCombatDemo/Content/VFX/Brick/BrickHit.ubulk" 1427
"C:/Users/user/Documents/Unreal Projects/AdvancedCombatDemo/Content/VFX/Brick/BrickHit.uasset" 1428
"C:/Users/user/Documents/Unreal Projects/AdvancedCombatDemo/Content/VFX/Brick/BrickHit.uexp" 1429
"../../../Engine/Plugins/FX/Niagara/Content/VectorFields/Assets/TilingCurl32.uasset" 1430
"../../../Engine/Plugins/FX/Niagara/Content/VectorFields/Assets/TilingCurl32.uexp" 1431
"C:/Users/user/Documents/Unreal Projects/AdvancedCombatDemo/Content/VFX/Grass/grassBlade.uasset" 1432
"C:/Users/user/Documents/Unreal Projects/AdvancedCombatDemo/Content/VFX/Grass/grassBlade.uexp" 1433
"C:/Users/user/Documents/Unreal Projects/AdvancedCombatDemo/Content/VFX/Grass/M_grassBlade.uasset" 1434
"C:/Users/user/Documents/Unreal Projects/AdvancedCombatDemo/Content/VFX/Grass/M_grassBlade.uexp" 1435
"C:/Users/user/Documents/Unreal Projects/AdvancedCombatDemo/Content/VFX/Grass/NS_GrassImpact.uasset" 1436
"C:/Users/user/Documents/Unreal Projects/AdvancedCombatDemo/Content/VFX/Grass/NS_GrassImpact.uexp" 1437
"C:/Users/user/Documents/Unreal Projects/AdvancedCombatDemo/Content/Audio/AttenuationPresets/ATT_Default.uasset" 1438
"C:/Users/user/Documents/Unreal Projects/AdvancedCombatDemo/Content/Audio/AttenuationPresets/ATT_Default.uexp" 1439
"C:/Users/user/Documents/Unreal Projects/AdvancedCombatDemo/Content/VFX/Concrete/Concrete_Hit.ubulk" 1440
"C:/Users/user/Documents/Unreal Projects/AdvancedCombatDemo/Content/VFX/Concrete/Concrete_Hit.uasset" 1441
"C:/Users/user/Documents/Unreal Projects/AdvancedCombatDemo/Content/VFX/Concrete/Concrete_Hit.uexp" 1442
"C:/Users/user/Documents/Unreal Projects/AdvancedCombatDemo/Content/VFX/Brick/NS_BrickImpact.uasset" 1443
"C:/Users/user/Documents/Unreal Projects/AdvancedCombatDemo/Content/VFX/Brick/NS_BrickImpact.uexp" 1444
"C:/Users/user/Documents/Unreal Projects/AdvancedCombatDemo/Content/ACS_BP/VFX/Mat/BulletMaterial.uasset" 1445
"C:/Users/user/Documents/Unreal Projects/AdvancedCombatDemo/Content/ACS_BP/VFX/Mat/BulletMaterial.uexp" 1446
"C:/Users/user/Documents/Unreal Projects/AdvancedCombatDemo/Content/StarterContent/HDRI/HDRI_Epic_Courtyard_Daylight.uasset" 1447
"C:/Users/user/Documents/Unreal Projects/AdvancedCombatDemo/Content/StarterContent/HDRI/HDRI_Epic_Courtyard_Daylight.uexp" 1448
"../../../Engine/Content/Functions/Engine_MaterialFunctions01/Vectors/RotateVector.uasset" 1449
"../../../Engine/Content/Functions/Engine_MaterialFunctions01/Vectors/RotateVector.uexp" 1450
"C:/Users/user/Documents/Unreal Projects/AdvancedCombatDemo/Content/Megascans/Surfaces/Scratched_Polyvinyl_Carbonate_Plastic_sccnbdnp/T_Scratched_Polyvinyl_Carbonate_Plastic_sccnbdnp_8K_D.uexp" 1451
"C:/Users/user/Documents/Unreal Projects/AdvancedCombatDemo/Content/Megascans/Surfaces/Scratched_Polyvinyl_Carbonate_Plastic_sccnbdnp/T_Scratched_Polyvinyl_Carbonate_Plastic_sccnbdnp_8K_D.ubulk" 1452
"C:/Users/user/Documents/Unreal Projects/AdvancedCombatDemo/Content/Megascans/Surfaces/Scratched_Polyvinyl_Carbonate_Plastic_sccnbdnp/T_Scratched_Polyvinyl_Carbonate_Plastic_sccnbdnp_8K_D.uasset" 1453
"C:/Users/user/Documents/Unreal Projects/AdvancedCombatDemo/Content/Megascans/Surfaces/Scratched_Polyvinyl_Carbonate_Plastic_sccnbdnp/T_Scratched_Polyvinyl_Carbonate_Plastic_sccnbdnp_8K_D.uptnl" 1454
"../../../Engine/Content/Functions/Engine_MaterialFunctions02/Utility/CustomReflectionVector.uasset" 1455
"../../../Engine/Content/Functions/Engine_MaterialFunctions02/Utility/CustomReflectionVector.uexp" 1456
"C:/Users/user/Documents/Unreal Projects/AdvancedCombatDemo/Content/VFX/Glass/M_ShaterCrystal.uasset" 1457
"C:/Users/user/Documents/Unreal Projects/AdvancedCombatDemo/Content/VFX/Glass/M_ShaterCrystal.uexp" 1458
"C:/Users/user/Documents/Unreal Projects/AdvancedCombatDemo/Content/VFX/Glass/MI_ShaterCrystal.uasset" 1459
"C:/Users/user/Documents/Unreal Projects/AdvancedCombatDemo/Content/VFX/Glass/MI_ShaterCrystal.uexp" 1460
"C:/Users/user/Documents/Unreal Projects/AdvancedCombatDemo/Content/VFX/Glass/NS_GlassShater.uasset" 1461
"C:/Users/user/Documents/Unreal Projects/AdvancedCombatDemo/Content/VFX/Glass/NS_GlassShater.uexp" 1462
"../../../Engine/Plugins/FX/Niagara/Content/DefaultAssets/DefaultRIbbonMaterial.uasset" 1463
"../../../Engine/Plugins/FX/Niagara/Content/DefaultAssets/DefaultRIbbonMaterial.uexp" 1464
"C:/Users/user/Documents/Unreal Projects/AdvancedCombatDemo/Content/VFX/Electric/NS_ElectricDamage.uasset" 1465
"C:/Users/user/Documents/Unreal Projects/AdvancedCombatDemo/Content/VFX/Electric/NS_ElectricDamage.uexp" 1466
"C:/Users/user/Documents/Unreal Projects/AdvancedCombatDemo/Content/VFX/Concrete/NS_ConcreteImpact.uasset" 1467
"C:/Users/user/Documents/Unreal Projects/AdvancedCombatDemo/Content/VFX/Concrete/NS_ConcreteImpact.uexp" 1468
"C:/Users/user/Documents/Unreal Projects/AdvancedCombatDemo/Content/ACS_BP/Weapons/BI_BulletInitiation.uasset" 1469
"C:/Users/user/Documents/Unreal Projects/AdvancedCombatDemo/Content/ACS_BP/Weapons/BI_BulletInitiation.uexp" 1470
"../../../Engine/Plugins/FX/Niagara/Content/DefaultAssets/DefaultSpriteMaterial.uasset" 1471
"../../../Engine/Plugins/FX/Niagara/Content/DefaultAssets/DefaultSpriteMaterial.uexp" 1472
"C:/Users/user/Documents/Unreal Projects/AdvancedCombatDemo/Content/VFX/Metal/SM_MetalImpact.uasset" 1473
"C:/Users/user/Documents/Unreal Projects/AdvancedCombatDemo/Content/VFX/Metal/SM_MetalImpact.uexp" 1474
"C:/Users/user/Documents/Unreal Projects/AdvancedCombatDemo/Content/VFX/Textures/Decals/ActionVFX_Bullet_Hole_Textures/Asphalt_Hits/Pistol_Asphalt_Entry_1.uasset" 1475
"C:/Users/user/Documents/Unreal Projects/AdvancedCombatDemo/Content/VFX/Textures/Decals/ActionVFX_Bullet_Hole_Textures/Asphalt_Hits/Pistol_Asphalt_Entry_1.uexp" 1476
"C:/Users/user/Documents/Unreal Projects/AdvancedCombatDemo/Content/VFX/Textures/Decals/ActionVFX_Bullet_Hole_Textures/Asphalt_Hits/Pistol_Asphalt_Entry_2.uasset" 1477
"C:/Users/user/Documents/Unreal Projects/AdvancedCombatDemo/Content/VFX/Textures/Decals/ActionVFX_Bullet_Hole_Textures/Asphalt_Hits/Pistol_Asphalt_Entry_2.uexp" 1478
"C:/Users/user/Documents/Unreal Projects/AdvancedCombatDemo/Content/VFX/Textures/Decals/ActionVFX_Bullet_Hole_Textures/Asphalt_Hits/Pistol_Asphalt_Entry_3.uasset" 1479
"C:/Users/user/Documents/Unreal Projects/AdvancedCombatDemo/Content/VFX/Textures/Decals/ActionVFX_Bullet_Hole_Textures/Asphalt_Hits/Pistol_Asphalt_Entry_3.uexp" 1480
"C:/Users/user/Documents/Unreal Projects/AdvancedCombatDemo/Content/VFX/Textures/Decals/ActionVFX_Bullet_Hole_Textures/Asphalt_Hits/Pistol_Asphalt_Entry_4.uasset" 1481
"C:/Users/user/Documents/Unreal Projects/AdvancedCombatDemo/Content/VFX/Textures/Decals/ActionVFX_Bullet_Hole_Textures/Asphalt_Hits/Pistol_Asphalt_Entry_4.uexp" 1482
"C:/Users/user/Documents/Unreal Projects/AdvancedCombatDemo/Content/VFX/Textures/Decals/ActionVFX_Bullet_Hole_Textures/Asphalt_Hits/Pistol_Asphalt_Entry_6.uasset" 1483
"C:/Users/user/Documents/Unreal Projects/AdvancedCombatDemo/Content/VFX/Textures/Decals/ActionVFX_Bullet_Hole_Textures/Asphalt_Hits/Pistol_Asphalt_Entry_6.uexp" 1484
"C:/Users/user/Documents/Unreal Projects/AdvancedCombatDemo/Content/VFX/Textures/Decals/ActionVFX_Bullet_Hole_Textures/Asphalt_Hits/Pistol_Asphalt_Entry_7.uasset" 1485
"C:/Users/user/Documents/Unreal Projects/AdvancedCombatDemo/Content/VFX/Textures/Decals/ActionVFX_Bullet_Hole_Textures/Asphalt_Hits/Pistol_Asphalt_Entry_7.uexp" 1486
"C:/Users/user/Documents/Unreal Projects/AdvancedCombatDemo/Content/VFX/Textures/Decals/ActionVFX_Bullet_Hole_Textures/Asphalt_Hits/Pistol_Asphalt_Entry_8.uasset" 1487
"C:/Users/user/Documents/Unreal Projects/AdvancedCombatDemo/Content/VFX/Textures/Decals/ActionVFX_Bullet_Hole_Textures/Asphalt_Hits/Pistol_Asphalt_Entry_8.uexp" 1488
"C:/Users/user/Documents/Unreal Projects/AdvancedCombatDemo/Content/VFX/Textures/Decals/ActionVFX_Bullet_Hole_Textures/Asphalt_Hits/Pistol_Asphalt_Entry_9.uasset" 1489
"C:/Users/user/Documents/Unreal Projects/AdvancedCombatDemo/Content/VFX/Textures/Decals/ActionVFX_Bullet_Hole_Textures/Asphalt_Hits/Pistol_Asphalt_Entry_9.uexp" 1490
"C:/Users/user/Documents/Unreal Projects/AdvancedCombatDemo/Content/VFX/Textures/Decals/ActionVFX_Bullet_Hole_Textures/Asphalt_Hits/Pistol_Asphalt_Entry_10.uasset" 1491
"C:/Users/user/Documents/Unreal Projects/AdvancedCombatDemo/Content/VFX/Textures/Decals/ActionVFX_Bullet_Hole_Textures/Asphalt_Hits/Pistol_Asphalt_Entry_10.uexp" 1492
"../../../Engine/Content/EngineMaterials/RandomNormal2.uasset" 1493
"../../../Engine/Content/EngineMaterials/RandomNormal2.uexp" 1494
"C:/Users/user/Documents/Unreal Projects/AdvancedCombatDemo/Content/VFX/Flesh/M_BloodPool.uasset" 1495
"C:/Users/user/Documents/Unreal Projects/AdvancedCombatDemo/Content/VFX/Flesh/M_BloodPool.uexp" 1496
"C:/Users/user/Documents/Unreal Projects/AdvancedCombatDemo/Content/VFX/Flesh/M_BloodPool_Inst.uasset" 1497
"C:/Users/user/Documents/Unreal Projects/AdvancedCombatDemo/Content/VFX/Flesh/M_BloodPool_Inst.uexp" 1498
"C:/Users/user/Documents/Unreal Projects/AdvancedCombatDemo/Content/VFX/Flesh/NS_FleshImpact.uasset" 1499
"C:/Users/user/Documents/Unreal Projects/AdvancedCombatDemo/Content/VFX/Flesh/NS_FleshImpact.uexp" 1500
"../../../Engine/Content/EditorMeshes/EditorSphere.ubulk" 1501
"../../../Engine/Content/EditorMeshes/EditorSphere.uasset" 1502
"../../../Engine/Content/EditorMeshes/EditorSphere.uexp" 1503
"../../../Engine/Content/Functions/Engine_MaterialFunctions03/Procedurals/HeightToNormalSmooth.uasset" 1504
"../../../Engine/Content/Functions/Engine_MaterialFunctions03/Procedurals/HeightToNormalSmooth.uexp" 1505
"C:/Users/user/Documents/Unreal Projects/AdvancedCombatDemo/Content/VFX/Textures/Decals/MainDecalMaterial.uasset" 1506
"C:/Users/user/Documents/Unreal Projects/AdvancedCombatDemo/Content/VFX/Textures/Decals/MainDecalMaterial.uexp" 1507
"C:/Users/user/Documents/Unreal Projects/AdvancedCombatDemo/Content/VFX/Textures/Decals/MainDecalMaterial_Inst.uasset" 1508
"C:/Users/user/Documents/Unreal Projects/AdvancedCombatDemo/Content/VFX/Textures/Decals/MainDecalMaterial_Inst.uexp" 1509
"C:/Users/user/Documents/Unreal Projects/AdvancedCombatDemo/Content/ACS_BP/Weapons/Bullets/BP_Bullet.uasset" 1510
"C:/Users/user/Documents/Unreal Projects/AdvancedCombatDemo/Content/ACS_BP/Weapons/Bullets/BP_Bullet.uexp" 1511
"C:/Users/user/Documents/Unreal Projects/AdvancedCombatDemo/Content/ACS_BP/Weapons/Ammo/Textures/AO_ao.ubulk" 1512
"C:/Users/user/Documents/Unreal Projects/AdvancedCombatDemo/Content/ACS_BP/Weapons/Ammo/Textures/AO_ao.uasset" 1513
"C:/Users/user/Documents/Unreal Projects/AdvancedCombatDemo/Content/ACS_BP/Weapons/Ammo/Textures/AO_ao.uexp" 1514
"C:/Users/user/Documents/Unreal Projects/AdvancedCombatDemo/Content/MSPresets/M_MS_Glass_Material/Textures/Black.ubulk" 1515
"C:/Users/user/Documents/Unreal Projects/AdvancedCombatDemo/Content/MSPresets/M_MS_Glass_Material/Textures/Black.uasset" 1516
"C:/Users/user/Documents/Unreal Projects/AdvancedCombatDemo/Content/MSPresets/M_MS_Glass_Material/Textures/Black.uexp" 1517
"C:/Users/user/Documents/Unreal Projects/AdvancedCombatDemo/Content/ACS_BP/Weapons/BaseballBat/Meshes/Normal/Textures/1_DefaultMaterial_BaseColor.ubulk" 1518
"C:/Users/user/Documents/Unreal Projects/AdvancedCombatDemo/Content/ACS_BP/Weapons/BaseballBat/Meshes/Normal/Textures/1_DefaultMaterial_BaseColor.uasset" 1519
"C:/Users/user/Documents/Unreal Projects/AdvancedCombatDemo/Content/ACS_BP/Weapons/BaseballBat/Meshes/Normal/Textures/1_DefaultMaterial_BaseColor.uexp" 1520
"C:/Users/user/Documents/Unreal Projects/AdvancedCombatDemo/Content/ACS_BP/Weapons/BaseballBat/Meshes/Normal/Textures/1_DefaultMaterial_Normal.ubulk" 1521
"C:/Users/user/Documents/Unreal Projects/AdvancedCombatDemo/Content/ACS_BP/Weapons/BaseballBat/Meshes/Normal/Textures/1_DefaultMaterial_Normal.uasset" 1522
"C:/Users/user/Documents/Unreal Projects/AdvancedCombatDemo/Content/ACS_BP/Weapons/BaseballBat/Meshes/Normal/Textures/1_DefaultMaterial_Normal.uexp" 1523
"C:/Users/user/Documents/Unreal Projects/AdvancedCombatDemo/Content/ACS_BP/Weapons/BaseballBat/Meshes/Normal/Textures/1_DefaultMaterial_Roughness.ubulk" 1524
"C:/Users/user/Documents/Unreal Projects/AdvancedCombatDemo/Content/ACS_BP/Weapons/BaseballBat/Meshes/Normal/Textures/1_DefaultMaterial_Roughness.uasset" 1525
"C:/Users/user/Documents/Unreal Projects/AdvancedCombatDemo/Content/ACS_BP/Weapons/BaseballBat/Meshes/Normal/Textures/1_DefaultMaterial_Roughness.uexp" 1526
"C:/Users/user/Documents/Unreal Projects/AdvancedCombatDemo/Content/ACS_BP/Weapons/BaseballBat/Meshes/Normal/Textures/1_DefaultMaterial_Height.ubulk" 1527
"C:/Users/user/Documents/Unreal Projects/AdvancedCombatDemo/Content/ACS_BP/Weapons/BaseballBat/Meshes/Normal/Textures/1_DefaultMaterial_Height.uasset" 1528
"C:/Users/user/Documents/Unreal Projects/AdvancedCombatDemo/Content/ACS_BP/Weapons/BaseballBat/Meshes/Normal/Textures/1_DefaultMaterial_Height.uexp" 1529
"../../../Engine/Content/EngineResources/Black_Low.uasset" 1530
"../../../Engine/Content/EngineResources/Black_Low.uexp" 1531
"C:/Users/user/Documents/Unreal Projects/AdvancedCombatDemo/Content/ACS_BP/Weapons/BaseballBat/Meshes/Normal/Textures/1_DefaultMaterial_Metallic.ubulk" 1532
"C:/Users/user/Documents/Unreal Projects/AdvancedCombatDemo/Content/ACS_BP/Weapons/BaseballBat/Meshes/Normal/Textures/1_DefaultMaterial_Metallic.uasset" 1533
"C:/Users/user/Documents/Unreal Projects/AdvancedCombatDemo/Content/ACS_BP/Weapons/BaseballBat/Meshes/Normal/Textures/1_DefaultMaterial_Metallic.uexp" 1534
"C:/Users/user/Documents/Unreal Projects/AdvancedCombatDemo/Content/ACS_BP/Weapons/WeaponBaseMat.uasset" 1535
"C:/Users/user/Documents/Unreal Projects/AdvancedCombatDemo/Content/ACS_BP/Weapons/WeaponBaseMat.uexp" 1536
"C:/Users/user/Documents/Unreal Projects/AdvancedCombatDemo/Content/ACS_BP/Weapons/Ammo/Textures/BOX_full_normal.ubulk" 1537
"C:/Users/user/Documents/Unreal Projects/AdvancedCombatDemo/Content/ACS_BP/Weapons/Ammo/Textures/BOX_full_normal.uasset" 1538
"C:/Users/user/Documents/Unreal Projects/AdvancedCombatDemo/Content/ACS_BP/Weapons/Ammo/Textures/BOX_full_normal.uexp" 1539
"C:/Users/user/Documents/Unreal Projects/AdvancedCombatDemo/Content/ACS_BP/Weapons/Ammo/Textures/BOX_full_EMISS.ubulk" 1540
"C:/Users/user/Documents/Unreal Projects/AdvancedCombatDemo/Content/ACS_BP/Weapons/Ammo/Textures/BOX_full_EMISS.uasset" 1541
"C:/Users/user/Documents/Unreal Projects/AdvancedCombatDemo/Content/ACS_BP/Weapons/Ammo/Textures/BOX_full_EMISS.uexp" 1542
"C:/Users/user/Documents/Unreal Projects/AdvancedCombatDemo/Content/ACS_BP/Weapons/Ammo/Textures/BOX_full_rness.ubulk" 1543
"C:/Users/user/Documents/Unreal Projects/AdvancedCombatDemo/Content/ACS_BP/Weapons/Ammo/Textures/BOX_full_rness.uasset" 1544
"C:/Users/user/Documents/Unreal Projects/AdvancedCombatDemo/Content/ACS_BP/Weapons/Ammo/Textures/BOX_full_rness.uexp" 1545
"C:/Users/user/Documents/Unreal Projects/AdvancedCombatDemo/Content/ACS_BP/Weapons/Ammo/Textures/BOX_full_ALFA.ubulk" 1546
"C:/Users/user/Documents/Unreal Projects/AdvancedCombatDemo/Content/ACS_BP/Weapons/Ammo/Textures/BOX_full_ALFA.uasset" 1547
"C:/Users/user/Documents/Unreal Projects/AdvancedCombatDemo/Content/ACS_BP/Weapons/Ammo/Textures/BOX_full_ALFA.uexp" 1548
"C:/Users/user/Documents/Unreal Projects/AdvancedCombatDemo/Content/ACS_BP/Weapons/Ammo/Textures/BOX_full_Metall.ubulk" 1549
"C:/Users/user/Documents/Unreal Projects/AdvancedCombatDemo/Content/ACS_BP/Weapons/Ammo/Textures/BOX_full_Metall.uasset" 1550
"C:/Users/user/Documents/Unreal Projects/AdvancedCombatDemo/Content/ACS_BP/Weapons/Ammo/Textures/BOX_full_Metall.uexp" 1551
"C:/Users/user/Documents/Unreal Projects/AdvancedCombatDemo/Content/ACS_BP/Weapons/Ammo/Textures/BOX_full_albedo.ubulk" 1552
"C:/Users/user/Documents/Unreal Projects/AdvancedCombatDemo/Content/ACS_BP/Weapons/Ammo/Textures/BOX_full_albedo.uasset" 1553
"C:/Users/user/Documents/Unreal Projects/AdvancedCombatDemo/Content/ACS_BP/Weapons/Ammo/Textures/BOX_full_albedo.uexp" 1554
"C:/Users/user/Documents/Unreal Projects/AdvancedCombatDemo/Content/ACS_BP/Weapons/Ammo/MI_BoxAmmo.uasset" 1555
"C:/Users/user/Documents/Unreal Projects/AdvancedCombatDemo/Content/ACS_BP/Weapons/Ammo/MI_BoxAmmo.uexp" 1556
"C:/Users/user/Documents/Unreal Projects/AdvancedCombatDemo/Content/ACS_BP/Weapons/Ammo/Box_final.ubulk" 1557
"C:/Users/user/Documents/Unreal Projects/AdvancedCombatDemo/Content/ACS_BP/Weapons/Ammo/Box_final.uasset" 1558
"C:/Users/user/Documents/Unreal Projects/AdvancedCombatDemo/Content/ACS_BP/Weapons/Ammo/Box_final.uexp" 1559
"../../../Engine/Plugins/FX/Niagara/Content/DefaultAssets/M_Gnomon_Alpha.uasset" 1560
"../../../Engine/Plugins/FX/Niagara/Content/DefaultAssets/M_Gnomon_Alpha.uexp" 1561
"../../../Engine/Plugins/FX/Niagara/Content/DefaultAssets/M_Gnomon.uasset" 1562
"../../../Engine/Plugins/FX/Niagara/Content/DefaultAssets/M_Gnomon.uexp" 1563
"../../../Engine/Plugins/FX/Niagara/Content/DefaultAssets/S_Arrow.ubulk" 1564
"../../../Engine/Plugins/FX/Niagara/Content/DefaultAssets/S_Arrow.uasset" 1565
"../../../Engine/Plugins/FX/Niagara/Content/DefaultAssets/S_Arrow.uexp" 1566
"C:/Users/user/Documents/Unreal Projects/AdvancedCombatDemo/Content/ACS_BP/VFX/Niagara/Impacto.uasset" 1567
"C:/Users/user/Documents/Unreal Projects/AdvancedCombatDemo/Content/ACS_BP/VFX/Niagara/Impacto.uexp" 1568
"../../../Engine/Content/MobileResources/HUD/MobileHUDButtonFire.uasset" 1569
"../../../Engine/Content/MobileResources/HUD/MobileHUDButtonFire.uexp" 1570
"C:/Users/user/Documents/Unreal Projects/AdvancedCombatDemo/Content/ACS_BP/VFX/Decals/MainDecal.uasset" 1571
"C:/Users/user/Documents/Unreal Projects/AdvancedCombatDemo/Content/ACS_BP/VFX/Decals/MainDecal.uexp" 1572
"C:/Users/user/Documents/Unreal Projects/AdvancedCombatDemo/Content/ACS_BP/VFX/Decals/ExplosionDecal.uasset" 1573
"C:/Users/user/Documents/Unreal Projects/AdvancedCombatDemo/Content/ACS_BP/VFX/Decals/ExplosionDecal.uexp" 1574
"../../../Engine/Content/EngineMaterials/Substrate/GLints2/AGlintTex2dArray2.uasset" 1575
"../../../Engine/Content/EngineMaterials/Substrate/GLints2/AGlintTex2dArray2.uexp" 1576
"../../../Engine/Content/EngineMaterials/Substrate/GLints/AGlintTex2dArray.uasset" 1577
"../../../Engine/Content/EngineMaterials/Substrate/GLints/AGlintTex2dArray.uexp" 1578
"C:/Users/user/Documents/Unreal Projects/AdvancedCombatDemo/Content/Characters/Heroes/Mannequin/Meshes/SK_Mannequin.uasset" 1579
"C:/Users/user/Documents/Unreal Projects/AdvancedCombatDemo/Content/Characters/Heroes/Mannequin/Meshes/SK_Mannequin.uexp" 1580
"../../../Engine/Content/Animation/DefaultAnimCurveCompressionSettings.uasset" 1581
"../../../Engine/Content/Animation/DefaultAnimCurveCompressionSettings.uexp" 1582
"../../../Engine/Content/Animation/DefaultAnimBoneCompressionSettings.uasset" 1583
"../../../Engine/Content/Animation/DefaultAnimBoneCompressionSettings.uexp" 1584
"C:/Users/user/Documents/Unreal Projects/AdvancedCombatDemo/Content/Characters/Heroes/Mannequin/Animations/Actions/MM_Pistol_Fire.uasset" 1585
"C:/Users/user/Documents/Unreal Projects/AdvancedCombatDemo/Content/Characters/Heroes/Mannequin/Animations/Actions/MM_Pistol_Fire.uexp" 1586
"C:/Users/user/Documents/Unreal Projects/AdvancedCombatDemo/Content/Characters/Heroes/Mannequin/Animations/Actions/MM_Pistol_Fire_Montage.uasset" 1587
"C:/Users/user/Documents/Unreal Projects/AdvancedCombatDemo/Content/Characters/Heroes/Mannequin/Animations/Actions/MM_Pistol_Fire_Montage.uexp" 1588
"C:/Users/user/Documents/Unreal Projects/AdvancedCombatDemo/Content/Characters/Heroes/Mannequin/Animations/Actions/MM_Shotgun_Reload_Additive_End.uasset" 1589
"C:/Users/user/Documents/Unreal Projects/AdvancedCombatDemo/Content/Characters/Heroes/Mannequin/Animations/Actions/MM_Shotgun_Reload_Additive_End.uexp" 1590
"C:/Users/user/Documents/Unreal Projects/AdvancedCombatDemo/Content/Characters/Heroes/Mannequin/Animations/Actions/MM_Shotgun_Reload_Additive_End_Montage.uasset" 1591
"C:/Users/user/Documents/Unreal Projects/AdvancedCombatDemo/Content/Characters/Heroes/Mannequin/Animations/Actions/MM_Shotgun_Reload_Additive_End_Montage.uexp" 1592
"C:/Users/user/Documents/Unreal Projects/AdvancedCombatDemo/Content/Characters/Heroes/Mannequin/Animations/Actions/MM_Pistol_Equip_Additive.uasset" 1593
"C:/Users/user/Documents/Unreal Projects/AdvancedCombatDemo/Content/Characters/Heroes/Mannequin/Animations/Actions/MM_Pistol_Equip_Additive.uexp" 1594
"C:/Users/user/Documents/Unreal Projects/AdvancedCombatDemo/Content/Characters/Heroes/Mannequin/Animations/Actions/MM_Pistol_Equip.uasset" 1595
"C:/Users/user/Documents/Unreal Projects/AdvancedCombatDemo/Content/Characters/Heroes/Mannequin/Animations/Actions/MM_Pistol_Equip.uexp" 1596
"C:/Users/user/Documents/Unreal Projects/AdvancedCombatDemo/Content/Characters/Heroes/Mannequin/Animations/Actions/AM_MM_Generic_Unequip.uasset" 1597
"C:/Users/user/Documents/Unreal Projects/AdvancedCombatDemo/Content/Characters/Heroes/Mannequin/Animations/Actions/AM_MM_Generic_Unequip.uexp" 1598
"C:/Users/user/Documents/Unreal Projects/AdvancedCombatDemo/Content/ACS_BP/Weapons/WeaponsInterface.uasset" 1599
"C:/Users/user/Documents/Unreal Projects/AdvancedCombatDemo/Content/ACS_BP/Weapons/WeaponsInterface.uexp" 1600
"C:/Users/user/Documents/Unreal Projects/AdvancedCombatDemo/Content/Characters/Heroes/Mannequin/Animations/Actions/MM_Shotgun_Fire.uasset" 1601
"C:/Users/user/Documents/Unreal Projects/AdvancedCombatDemo/Content/Characters/Heroes/Mannequin/Animations/Actions/MM_Shotgun_Fire.uexp" 1602
"C:/Users/user/Documents/Unreal Projects/AdvancedCombatDemo/Content/Characters/Heroes/Mannequin/Animations/Actions/MM_Shotgun_Fire_Montage.uasset" 1603
"C:/Users/user/Documents/Unreal Projects/AdvancedCombatDemo/Content/Characters/Heroes/Mannequin/Animations/Actions/MM_Shotgun_Fire_Montage.uexp" 1604
"C:/Users/user/Documents/Unreal Projects/AdvancedCombatDemo/Content/Characters/Heroes/Mannequin/Animations/Actions/MM_Pistol_DryFire.uasset" 1605
"C:/Users/user/Documents/Unreal Projects/AdvancedCombatDemo/Content/Characters/Heroes/Mannequin/Animations/Actions/MM_Pistol_DryFire.uexp" 1606
"C:/Users/user/Documents/Unreal Projects/AdvancedCombatDemo/Content/Characters/Heroes/Mannequin/Animations/Actions/MM_Pistol_DryFire_Montage.uasset" 1607
"C:/Users/user/Documents/Unreal Projects/AdvancedCombatDemo/Content/Characters/Heroes/Mannequin/Animations/Actions/MM_Pistol_DryFire_Montage.uexp" 1608
"C:/Users/user/Documents/Unreal Projects/AdvancedCombatDemo/Content/Characters/Heroes/Mannequin/Animations/AnimModifiers/FootFXAnimModifier_FootDefinition.uasset" 1609
"C:/Users/user/Documents/Unreal Projects/AdvancedCombatDemo/Content/Characters/Heroes/Mannequin/Animations/AnimModifiers/FootFXAnimModifier_FootDefinition.uexp" 1610
"C:/Users/user/Documents/Unreal Projects/AdvancedCombatDemo/Content/Effects/AnimationNotifies/AN_FootPlant_Left.uasset" 1611
"C:/Users/user/Documents/Unreal Projects/AdvancedCombatDemo/Content/Effects/AnimationNotifies/AN_FootPlant_Left.uexp" 1612
"C:/Users/user/Documents/Unreal Projects/AdvancedCombatDemo/Content/Effects/AnimationNotifies/AN_FootPlant_Right.uasset" 1613
"C:/Users/user/Documents/Unreal Projects/AdvancedCombatDemo/Content/Effects/AnimationNotifies/AN_FootPlant_Right.uexp" 1614
"../../../Engine/Content/EditorBlueprintResources/StandardMacros.uasset" 1615
"../../../Engine/Content/EditorBlueprintResources/StandardMacros.uexp" 1616
"C:/Users/user/Documents/Unreal Projects/AdvancedCombatDemo/Content/Characters/Heroes/Mannequin/Animations/Locomotion/Rifle/MF_Rifle_Idle_ADS.uasset" 1617
"C:/Users/user/Documents/Unreal Projects/AdvancedCombatDemo/Content/Characters/Heroes/Mannequin/Animations/Locomotion/Rifle/MF_Rifle_Idle_ADS.uexp" 1618
"C:/Users/user/Documents/Unreal Projects/AdvancedCombatDemo/Content/Characters/Heroes/Mannequin/Animations/AimOffsets/MM_Rifle_Idle_Hipfire_AO_CC.uasset" 1619
"C:/Users/user/Documents/Unreal Projects/AdvancedCombatDemo/Content/Characters/Heroes/Mannequin/Animations/AimOffsets/MM_Rifle_Idle_Hipfire_AO_CC.uexp" 1620
"C:/Users/user/Documents/Unreal Projects/AdvancedCombatDemo/Content/Characters/Heroes/Mannequin/Animations/AimOffsets/MM_Rifle_Idle_Hipfire_AO_RD.uasset" 1621
"C:/Users/user/Documents/Unreal Projects/AdvancedCombatDemo/Content/Characters/Heroes/Mannequin/Animations/AimOffsets/MM_Rifle_Idle_Hipfire_AO_RD.uexp" 1622
"C:/Users/user/Documents/Unreal Projects/AdvancedCombatDemo/Content/Characters/Heroes/Mannequin/Animations/AimOffsets/MM_Rifle_Idle_Hipfire_AO_RBC.uasset" 1623
"C:/Users/user/Documents/Unreal Projects/AdvancedCombatDemo/Content/Characters/Heroes/Mannequin/Animations/AimOffsets/MM_Rifle_Idle_Hipfire_AO_RBC.uexp" 1624
"C:/Users/user/Documents/Unreal Projects/AdvancedCombatDemo/Content/Characters/Heroes/Mannequin/Animations/AimOffsets/MM_Rifle_Idle_Hipfire_AO_LU.uasset" 1625
"C:/Users/user/Documents/Unreal Projects/AdvancedCombatDemo/Content/Characters/Heroes/Mannequin/Animations/AimOffsets/MM_Rifle_Idle_Hipfire_AO_LU.uexp" 1626
"C:/Users/user/Documents/Unreal Projects/AdvancedCombatDemo/Content/Characters/Heroes/Mannequin/Animations/AimOffsets/MM_Rifle_Idle_Hipfire_AO_CD.uasset" 1627
"C:/Users/user/Documents/Unreal Projects/AdvancedCombatDemo/Content/Characters/Heroes/Mannequin/Animations/AimOffsets/MM_Rifle_Idle_Hipfire_AO_CD.uexp" 1628
"C:/Users/user/Documents/Unreal Projects/AdvancedCombatDemo/Content/Characters/Heroes/Mannequin/Animations/AimOffsets/MM_Rifle_Idle_Hipfire_AO_LBD.uasset" 1629
"C:/Users/user/Documents/Unreal Projects/AdvancedCombatDemo/Content/Characters/Heroes/Mannequin/Animations/AimOffsets/MM_Rifle_Idle_Hipfire_AO_LBD.uexp" 1630
"C:/Users/user/Documents/Unreal Projects/AdvancedCombatDemo/Content/Characters/Heroes/Mannequin/Animations/AimOffsets/MM_Rifle_Idle_Hipfire_AO_LC.uasset" 1631
"C:/Users/user/Documents/Unreal Projects/AdvancedCombatDemo/Content/Characters/Heroes/Mannequin/Animations/AimOffsets/MM_Rifle_Idle_Hipfire_AO_LC.uexp" 1632
"C:/Users/user/Documents/Unreal Projects/AdvancedCombatDemo/Content/Characters/Heroes/Mannequin/Animations/AimOffsets/MM_Rifle_Idle_Hipfire_AO_LBC.uasset" 1633
"C:/Users/user/Documents/Unreal Projects/AdvancedCombatDemo/Content/Characters/Heroes/Mannequin/Animations/AimOffsets/MM_Rifle_Idle_Hipfire_AO_LBC.uexp" 1634
"C:/Users/user/Documents/Unreal Projects/AdvancedCombatDemo/Content/Characters/Heroes/Mannequin/Animations/AimOffsets/MM_Rifle_Idle_Hipfire_AO_RBU.uasset" 1635
"C:/Users/user/Documents/Unreal Projects/AdvancedCombatDemo/Content/Characters/Heroes/Mannequin/Animations/AimOffsets/MM_Rifle_Idle_Hipfire_AO_RBU.uexp" 1636
"C:/Users/user/Documents/Unreal Projects/AdvancedCombatDemo/Content/Characters/Heroes/Mannequin/Animations/AimOffsets/MM_Rifle_Idle_Hipfire_AO_LBU.uasset" 1637
"C:/Users/user/Documents/Unreal Projects/AdvancedCombatDemo/Content/Characters/Heroes/Mannequin/Animations/AimOffsets/MM_Rifle_Idle_Hipfire_AO_LBU.uexp" 1638
"C:/Users/user/Documents/Unreal Projects/AdvancedCombatDemo/Content/Characters/Heroes/Mannequin/Animations/AimOffsets/MM_Rifle_Idle_Hipfire_AO_RC.uasset" 1639
"C:/Users/user/Documents/Unreal Projects/AdvancedCombatDemo/Content/Characters/Heroes/Mannequin/Animations/AimOffsets/MM_Rifle_Idle_Hipfire_AO_RC.uexp" 1640
"C:/Users/user/Documents/Unreal Projects/AdvancedCombatDemo/Content/Characters/Heroes/Mannequin/Animations/Locomotion/Rifle/MM_Rifle_Idle_ADS.uasset" 1641
"C:/Users/user/Documents/Unreal Projects/AdvancedCombatDemo/Content/Characters/Heroes/Mannequin/Animations/Locomotion/Rifle/MM_Rifle_Idle_ADS.uexp" 1642
"C:/Users/user/Documents/Unreal Projects/AdvancedCombatDemo/Content/Characters/Heroes/Mannequin/Animations/AimOffsets/MM_Rifle_Idle_Hipfire_AO_RBD.uasset" 1643
"C:/Users/user/Documents/Unreal Projects/AdvancedCombatDemo/Content/Characters/Heroes/Mannequin/Animations/AimOffsets/MM_Rifle_Idle_Hipfire_AO_RBD.uexp" 1644
"C:/Users/user/Documents/Unreal Projects/AdvancedCombatDemo/Content/Characters/Heroes/Mannequin/Animations/AimOffsets/MM_Rifle_Idle_Hipfire_AO_LD.uasset" 1645
"C:/Users/user/Documents/Unreal Projects/AdvancedCombatDemo/Content/Characters/Heroes/Mannequin/Animations/AimOffsets/MM_Rifle_Idle_Hipfire_AO_LD.uexp" 1646
"C:/Users/user/Documents/Unreal Projects/AdvancedCombatDemo/Content/Characters/Heroes/Mannequin/Animations/AimOffsets/MM_Rifle_Idle_Hipfire_AO_RU.uasset" 1647
"C:/Users/user/Documents/Unreal Projects/AdvancedCombatDemo/Content/Characters/Heroes/Mannequin/Animations/AimOffsets/MM_Rifle_Idle_Hipfire_AO_RU.uexp" 1648
"C:/Users/user/Documents/Unreal Projects/AdvancedCombatDemo/Content/Characters/Heroes/Mannequin/Animations/AimOffsets/MM_Rifle_Idle_Hipfire_AO_CU.uasset" 1649
"C:/Users/user/Documents/Unreal Projects/AdvancedCombatDemo/Content/Characters/Heroes/Mannequin/Animations/AimOffsets/MM_Rifle_Idle_Hipfire_AO_CU.uexp" 1650
"C:/Users/user/Documents/Unreal Projects/AdvancedCombatDemo/Content/Characters/Heroes/Mannequin/Animations/AimOffsets/AO_MM_Rifle_Idle_Hipfire.uasset" 1651
"C:/Users/user/Documents/Unreal Projects/AdvancedCombatDemo/Content/Characters/Heroes/Mannequin/Animations/AimOffsets/AO_MM_Rifle_Idle_Hipfire.uexp" 1652
"C:/Users/user/Documents/Unreal Projects/AdvancedCombatDemo/Content/Characters/Heroes/Mannequin/Animations/Locomotion/Unarmed/MF_Unarmed_Idle_Ready.uasset" 1653
"C:/Users/user/Documents/Unreal Projects/AdvancedCombatDemo/Content/Characters/Heroes/Mannequin/Animations/Locomotion/Unarmed/MF_Unarmed_Idle_Ready.uexp" 1654
"C:/Users/user/Documents/Unreal Projects/AdvancedCombatDemo/Content/Characters/Heroes/Mannequin/Animations/Locomotion/Pistol/MF_Pistol_Hipfire_OverridePose.uasset" 1655
"C:/Users/user/Documents/Unreal Projects/AdvancedCombatDemo/Content/Characters/Heroes/Mannequin/Animations/Locomotion/Pistol/MF_Pistol_Hipfire_OverridePose.uexp" 1656
"C:/Users/user/Documents/Unreal Projects/AdvancedCombatDemo/Content/Characters/Heroes/Mannequin/Animations/AimOffsets/MM_Unarmed_Idle_Ready_AO_CC.uasset" 1657
"C:/Users/user/Documents/Unreal Projects/AdvancedCombatDemo/Content/Characters/Heroes/Mannequin/Animations/AimOffsets/MM_Unarmed_Idle_Ready_AO_CC.uexp" 1658
"C:/Users/user/Documents/Unreal Projects/AdvancedCombatDemo/Content/Characters/Heroes/Mannequin/Animations/AimOffsets/MM_Unarmed_Idle_Ready_AO_LU.uasset" 1659
"C:/Users/user/Documents/Unreal Projects/AdvancedCombatDemo/Content/Characters/Heroes/Mannequin/Animations/AimOffsets/MM_Unarmed_Idle_Ready_AO_LU.uexp" 1660
"C:/Users/user/Documents/Unreal Projects/AdvancedCombatDemo/Content/Characters/Heroes/Mannequin/Animations/AimOffsets/MM_Unarmed_Idle_Ready_AO_RBD.uasset" 1661
"C:/Users/user/Documents/Unreal Projects/AdvancedCombatDemo/Content/Characters/Heroes/Mannequin/Animations/AimOffsets/MM_Unarmed_Idle_Ready_AO_RBD.uexp" 1662
"C:/Users/user/Documents/Unreal Projects/AdvancedCombatDemo/Content/Characters/Heroes/Mannequin/Animations/AimOffsets/MM_Unarmed_Idle_Ready_AO_RU.uasset" 1663
"C:/Users/user/Documents/Unreal Projects/AdvancedCombatDemo/Content/Characters/Heroes/Mannequin/Animations/AimOffsets/MM_Unarmed_Idle_Ready_AO_RU.uexp" 1664
"C:/Users/user/Documents/Unreal Projects/AdvancedCombatDemo/Content/Characters/Heroes/Mannequin/Animations/Locomotion/Unarmed/MM_Unarmed_Idle_Ready.uasset" 1665
"C:/Users/user/Documents/Unreal Projects/AdvancedCombatDemo/Content/Characters/Heroes/Mannequin/Animations/Locomotion/Unarmed/MM_Unarmed_Idle_Ready.uexp" 1666
"C:/Users/user/Documents/Unreal Projects/AdvancedCombatDemo/Content/Characters/Heroes/Mannequin/Animations/AimOffsets/MM_Unarmed_Idle_Ready_AO_RD.uasset" 1667
"C:/Users/user/Documents/Unreal Projects/AdvancedCombatDemo/Content/Characters/Heroes/Mannequin/Animations/AimOffsets/MM_Unarmed_Idle_Ready_AO_RD.uexp" 1668
"C:/Users/user/Documents/Unreal Projects/AdvancedCombatDemo/Content/Characters/Heroes/Mannequin/Animations/AimOffsets/MM_Unarmed_Idle_Ready_AO_LBC.uasset" 1669
"C:/Users/user/Documents/Unreal Projects/AdvancedCombatDemo/Content/Characters/Heroes/Mannequin/Animations/AimOffsets/MM_Unarmed_Idle_Ready_AO_LBC.uexp" 1670
"C:/Users/user/Documents/Unreal Projects/AdvancedCombatDemo/Content/Characters/Heroes/Mannequin/Animations/AimOffsets/MM_Unarmed_Idle_Ready_AO_LC.uasset" 1671
"C:/Users/user/Documents/Unreal Projects/AdvancedCombatDemo/Content/Characters/Heroes/Mannequin/Animations/AimOffsets/MM_Unarmed_Idle_Ready_AO_LC.uexp" 1672
"C:/Users/user/Documents/Unreal Projects/AdvancedCombatDemo/Content/Characters/Heroes/Mannequin/Animations/AimOffsets/MM_Unarmed_Idle_Ready_AO_RBU.uasset" 1673
"C:/Users/user/Documents/Unreal Projects/AdvancedCombatDemo/Content/Characters/Heroes/Mannequin/Animations/AimOffsets/MM_Unarmed_Idle_Ready_AO_RBU.uexp" 1674
"C:/Users/user/Documents/Unreal Projects/AdvancedCombatDemo/Content/Characters/Heroes/Mannequin/Animations/AimOffsets/MM_Unarmed_Idle_Ready_AO_CD.uasset" 1675
"C:/Users/user/Documents/Unreal Projects/AdvancedCombatDemo/Content/Characters/Heroes/Mannequin/Animations/AimOffsets/MM_Unarmed_Idle_Ready_AO_CD.uexp" 1676
"C:/Users/user/Documents/Unreal Projects/AdvancedCombatDemo/Content/Characters/Heroes/Mannequin/Animations/AimOffsets/MM_Unarmed_Idle_Ready_AO_LBD.uasset" 1677
"C:/Users/user/Documents/Unreal Projects/AdvancedCombatDemo/Content/Characters/Heroes/Mannequin/Animations/AimOffsets/MM_Unarmed_Idle_Ready_AO_LBD.uexp" 1678
"C:/Users/user/Documents/Unreal Projects/AdvancedCombatDemo/Content/Characters/Heroes/Mannequin/Animations/AimOffsets/MM_Unarmed_Idle_Ready_AO_LBU.uasset" 1679
"C:/Users/user/Documents/Unreal Projects/AdvancedCombatDemo/Content/Characters/Heroes/Mannequin/Animations/AimOffsets/MM_Unarmed_Idle_Ready_AO_LBU.uexp" 1680
"C:/Users/user/Documents/Unreal Projects/AdvancedCombatDemo/Content/Characters/Heroes/Mannequin/Animations/AimOffsets/MM_Unarmed_Idle_Ready_AO_CU.uasset" 1681
"C:/Users/user/Documents/Unreal Projects/AdvancedCombatDemo/Content/Characters/Heroes/Mannequin/Animations/AimOffsets/MM_Unarmed_Idle_Ready_AO_CU.uexp" 1682
"C:/Users/user/Documents/Unreal Projects/AdvancedCombatDemo/Content/Characters/Heroes/Mannequin/Animations/AimOffsets/MM_Unarmed_Idle_Ready_AO_RBC.uasset" 1683
"C:/Users/user/Documents/Unreal Projects/AdvancedCombatDemo/Content/Characters/Heroes/Mannequin/Animations/AimOffsets/MM_Unarmed_Idle_Ready_AO_RBC.uexp" 1684
"C:/Users/user/Documents/Unreal Projects/AdvancedCombatDemo/Content/Characters/Heroes/Mannequin/Animations/AimOffsets/MM_Unarmed_Idle_Ready_AO_RC.uasset" 1685
"C:/Users/user/Documents/Unreal Projects/AdvancedCombatDemo/Content/Characters/Heroes/Mannequin/Animations/AimOffsets/MM_Unarmed_Idle_Ready_AO_RC.uexp" 1686
"C:/Users/user/Documents/Unreal Projects/AdvancedCombatDemo/Content/Characters/Heroes/Mannequin/Animations/AimOffsets/MM_Unarmed_Idle_Ready_AO_LD.uasset" 1687
"C:/Users/user/Documents/Unreal Projects/AdvancedCombatDemo/Content/Characters/Heroes/Mannequin/Animations/AimOffsets/MM_Unarmed_Idle_Ready_AO_LD.uexp" 1688
"C:/Users/user/Documents/Unreal Projects/AdvancedCombatDemo/Content/Characters/Heroes/Mannequin/Animations/AimOffsets/AO_MM_Unarmed_Idle_Ready.uasset" 1689
"C:/Users/user/Documents/Unreal Projects/AdvancedCombatDemo/Content/Characters/Heroes/Mannequin/Animations/AimOffsets/AO_MM_Unarmed_Idle_Ready.uexp" 1690
"C:/Users/user/Documents/Unreal Projects/AdvancedCombatDemo/Content/Characters/Heroes/Mannequin/Animations/AimOffsets/MM_Pistol_Idle_ADS_AO_CC.uasset" 1691
"C:/Users/user/Documents/Unreal Projects/AdvancedCombatDemo/Content/Characters/Heroes/Mannequin/Animations/AimOffsets/MM_Pistol_Idle_ADS_AO_CC.uexp" 1692
"C:/Users/user/Documents/Unreal Projects/AdvancedCombatDemo/Content/Characters/Heroes/Mannequin/Animations/AimOffsets/MM_Pistol_Idle_ADS_AO_RD.uasset" 1693
"C:/Users/user/Documents/Unreal Projects/AdvancedCombatDemo/Content/Characters/Heroes/Mannequin/Animations/AimOffsets/MM_Pistol_Idle_ADS_AO_RD.uexp" 1694
"C:/Users/user/Documents/Unreal Projects/AdvancedCombatDemo/Content/Characters/Heroes/Mannequin/Animations/AimOffsets/MM_Pistol_Idle_ADS_AO_LBU.uasset" 1695
"C:/Users/user/Documents/Unreal Projects/AdvancedCombatDemo/Content/Characters/Heroes/Mannequin/Animations/AimOffsets/MM_Pistol_Idle_ADS_AO_LBU.uexp" 1696
"C:/Users/user/Documents/Unreal Projects/AdvancedCombatDemo/Content/Characters/Heroes/Mannequin/Animations/AimOffsets/MM_Pistol_Idle_ADS_AO_LBD.uasset" 1697
"C:/Users/user/Documents/Unreal Projects/AdvancedCombatDemo/Content/Characters/Heroes/Mannequin/Animations/AimOffsets/MM_Pistol_Idle_ADS_AO_LBD.uexp" 1698
"C:/Users/user/Documents/Unreal Projects/AdvancedCombatDemo/Content/Characters/Heroes/Mannequin/Animations/AimOffsets/MM_Pistol_Idle_ADS_AO_CU.uasset" 1699
"C:/Users/user/Documents/Unreal Projects/AdvancedCombatDemo/Content/Characters/Heroes/Mannequin/Animations/AimOffsets/MM_Pistol_Idle_ADS_AO_CU.uexp" 1700
"C:/Users/user/Documents/Unreal Projects/AdvancedCombatDemo/Content/Characters/Heroes/Mannequin/Animations/AimOffsets/MM_Pistol_Idle_ADS_AO_RC.uasset" 1701
"C:/Users/user/Documents/Unreal Projects/AdvancedCombatDemo/Content/Characters/Heroes/Mannequin/Animations/AimOffsets/MM_Pistol_Idle_ADS_AO_RC.uexp" 1702
"C:/Users/user/Documents/Unreal Projects/AdvancedCombatDemo/Content/Characters/Heroes/Mannequin/Animations/AimOffsets/MM_Pistol_Idle_ADS_AO_CD.uasset" 1703
"C:/Users/user/Documents/Unreal Projects/AdvancedCombatDemo/Content/Characters/Heroes/Mannequin/Animations/AimOffsets/MM_Pistol_Idle_ADS_AO_CD.uexp" 1704
"C:/Users/user/Documents/Unreal Projects/AdvancedCombatDemo/Content/Characters/Heroes/Mannequin/Animations/AimOffsets/MM_Pistol_Idle_ADS_AO_RBD.uasset" 1705
"C:/Users/user/Documents/Unreal Projects/AdvancedCombatDemo/Content/Characters/Heroes/Mannequin/Animations/AimOffsets/MM_Pistol_Idle_ADS_AO_RBD.uexp" 1706
"C:/Users/user/Documents/Unreal Projects/AdvancedCombatDemo/Content/Characters/Heroes/Mannequin/Animations/AimOffsets/MM_Pistol_Idle_ADS_AO_RBU.uasset" 1707
"C:/Users/user/Documents/Unreal Projects/AdvancedCombatDemo/Content/Characters/Heroes/Mannequin/Animations/AimOffsets/MM_Pistol_Idle_ADS_AO_RBU.uexp" 1708
"C:/Users/user/Documents/Unreal Projects/AdvancedCombatDemo/Content/Characters/Heroes/Mannequin/Animations/Locomotion/Pistol/MM_Pistol_Idle_ADS.uasset" 1709
"C:/Users/user/Documents/Unreal Projects/AdvancedCombatDemo/Content/Characters/Heroes/Mannequin/Animations/Locomotion/Pistol/MM_Pistol_Idle_ADS.uexp" 1710
"C:/Users/user/Documents/Unreal Projects/AdvancedCombatDemo/Content/Characters/Heroes/Mannequin/Animations/AimOffsets/MM_Pistol_Idle_ADS_AO_RBC.uasset" 1711
"C:/Users/user/Documents/Unreal Projects/AdvancedCombatDemo/Content/Characters/Heroes/Mannequin/Animations/AimOffsets/MM_Pistol_Idle_ADS_AO_RBC.uexp" 1712
"C:/Users/user/Documents/Unreal Projects/AdvancedCombatDemo/Content/Characters/Heroes/Mannequin/Animations/AimOffsets/MM_Pistol_Idle_ADS_AO_LC.uasset" 1713
"C:/Users/user/Documents/Unreal Projects/AdvancedCombatDemo/Content/Characters/Heroes/Mannequin/Animations/AimOffsets/MM_Pistol_Idle_ADS_AO_LC.uexp" 1714
"C:/Users/user/Documents/Unreal Projects/AdvancedCombatDemo/Content/Characters/Heroes/Mannequin/Animations/AimOffsets/MM_Pistol_Idle_ADS_AO_LBC.uasset" 1715
"C:/Users/user/Documents/Unreal Projects/AdvancedCombatDemo/Content/Characters/Heroes/Mannequin/Animations/AimOffsets/MM_Pistol_Idle_ADS_AO_LBC.uexp" 1716
"C:/Users/user/Documents/Unreal Projects/AdvancedCombatDemo/Content/Characters/Heroes/Mannequin/Animations/AimOffsets/MM_Pistol_Idle_ADS_AO_LD.uasset" 1717
"C:/Users/user/Documents/Unreal Projects/AdvancedCombatDemo/Content/Characters/Heroes/Mannequin/Animations/AimOffsets/MM_Pistol_Idle_ADS_AO_LD.uexp" 1718
"C:/Users/user/Documents/Unreal Projects/AdvancedCombatDemo/Content/Characters/Heroes/Mannequin/Animations/AimOffsets/MM_Pistol_Idle_ADS_AO_LU.uasset" 1719
"C:/Users/user/Documents/Unreal Projects/AdvancedCombatDemo/Content/Characters/Heroes/Mannequin/Animations/AimOffsets/MM_Pistol_Idle_ADS_AO_LU.uexp" 1720
"C:/Users/user/Documents/Unreal Projects/AdvancedCombatDemo/Content/Characters/Heroes/Mannequin/Animations/AimOffsets/MM_Pistol_Idle_ADS_AO_RU.uasset" 1721
"C:/Users/user/Documents/Unreal Projects/AdvancedCombatDemo/Content/Characters/Heroes/Mannequin/Animations/AimOffsets/MM_Pistol_Idle_ADS_AO_RU.uexp" 1722
"C:/Users/user/Documents/Unreal Projects/AdvancedCombatDemo/Content/Characters/Heroes/Mannequin/Animations/AimOffsets/AO_MM_Pistol_Idle_ADS.uasset" 1723
"C:/Users/user/Documents/Unreal Projects/AdvancedCombatDemo/Content/Characters/Heroes/Mannequin/Animations/AimOffsets/AO_MM_Pistol_Idle_ADS.uexp" 1724
"C:/Users/user/Documents/Unreal Projects/AdvancedCombatDemo/Content/Characters/Heroes/Mannequin/Animations/AnimEnum_RootYawOffsetMode.uasset" 1725
"C:/Users/user/Documents/Unreal Projects/AdvancedCombatDemo/Content/Characters/Heroes/Mannequin/Animations/AnimEnum_RootYawOffsetMode.uexp" 1726
"C:/Users/user/Documents/Unreal Projects/AdvancedCombatDemo/Content/Characters/Heroes/Mannequin/Animations/Locomotion/Shotgun/MF_Shotgun_Idle_Hipfire.uasset" 1727
"C:/Users/user/Documents/Unreal Projects/AdvancedCombatDemo/Content/Characters/Heroes/Mannequin/Animations/Locomotion/Shotgun/MF_Shotgun_Idle_Hipfire.uexp" 1728
"C:/Users/user/Documents/Unreal Projects/AdvancedCombatDemo/Content/Characters/Heroes/Mannequin/Animations/AnimEnum_CardinalDirection.uasset" 1729
"C:/Users/user/Documents/Unreal Projects/AdvancedCombatDemo/Content/Characters/Heroes/Mannequin/Animations/AnimEnum_CardinalDirection.uexp" 1730
"C:/Users/user/Documents/Unreal Projects/AdvancedCombatDemo/Content/Characters/AnimBP/ABPMannequin.uasset" 1731
"C:/Users/user/Documents/Unreal Projects/AdvancedCombatDemo/Content/Characters/AnimBP/ABPMannequin.uexp" 1732
"C:/Users/user/Documents/Unreal Projects/AdvancedCombatDemo/Content/Weapons/Shotgun/Mesh/SK_Shotgun_Skeleton.uasset" 1733
"C:/Users/user/Documents/Unreal Projects/AdvancedCombatDemo/Content/Weapons/Shotgun/Mesh/SK_Shotgun_Skeleton.uexp" 1734
"C:/Users/user/Documents/Unreal Projects/AdvancedCombatDemo/Content/Weapons/Shotgun/Animations/Weap_Shotgun_Reload_End.uasset" 1735
"C:/Users/user/Documents/Unreal Projects/AdvancedCombatDemo/Content/Weapons/Shotgun/Animations/Weap_Shotgun_Reload_End.uexp" 1736
"C:/Users/user/Documents/Unreal Projects/AdvancedCombatDemo/Content/Weapons/Shotgun/Animations/Weap_Shotgun_Reload_Loop.uasset" 1737
"C:/Users/user/Documents/Unreal Projects/AdvancedCombatDemo/Content/Weapons/Shotgun/Animations/Weap_Shotgun_Reload_Loop.uexp" 1738
"C:/Users/user/Documents/Unreal Projects/AdvancedCombatDemo/Content/Characters/Heroes/Mannequin/Animations/Actions/MM_Shotgun_Reload_Additive_Loop.uasset" 1739
"C:/Users/user/Documents/Unreal Projects/AdvancedCombatDemo/Content/Characters/Heroes/Mannequin/Animations/Actions/MM_Shotgun_Reload_Additive_Loop.uexp" 1740
"C:/Users/user/Documents/Unreal Projects/AdvancedCombatDemo/Content/Characters/Heroes/Mannequin/Animations/Actions/MM_Shotgun_Reload_Additive_Loop_Montage.uasset" 1741
"C:/Users/user/Documents/Unreal Projects/AdvancedCombatDemo/Content/Characters/Heroes/Mannequin/Animations/Actions/MM_Shotgun_Reload_Additive_Loop_Montage.uexp" 1742
"C:/Users/user/Documents/Unreal Projects/AdvancedCombatDemo/Content/Weapons/Shotgun/Animations/Weap_Shotgun_Fire.uasset" 1743
"C:/Users/user/Documents/Unreal Projects/AdvancedCombatDemo/Content/Weapons/Shotgun/Animations/Weap_Shotgun_Fire.uexp" 1744
"C:/Users/user/Documents/Unreal Projects/AdvancedCombatDemo/Content/Characters/Heroes/Mannequin/Animations/Actions/MM_Shotgun_Melee_Additive.uasset" 1745
"C:/Users/user/Documents/Unreal Projects/AdvancedCombatDemo/Content/Characters/Heroes/Mannequin/Animations/Actions/MM_Shotgun_Melee_Additive.uexp" 1746
"C:/Users/user/Documents/Unreal Projects/AdvancedCombatDemo/Content/Characters/Heroes/Abilities/AN_Melee.uasset" 1747
"C:/Users/user/Documents/Unreal Projects/AdvancedCombatDemo/Content/Characters/Heroes/Abilities/AN_Melee.uexp" 1748
"C:/Users/user/Documents/Unreal Projects/AdvancedCombatDemo/Content/Characters/Heroes/Mannequin/Animations/Actions/MM_Shotgun_Melee.uasset" 1749
"C:/Users/user/Documents/Unreal Projects/AdvancedCombatDemo/Content/Characters/Heroes/Mannequin/Animations/Actions/MM_Shotgun_Melee.uexp" 1750
"C:/Users/user/Documents/Unreal Projects/AdvancedCombatDemo/Content/Audio/SoundWaves/Foley/SFX_Footstep_BaseLayer_09.ubulk" 1751
"C:/Users/user/Documents/Unreal Projects/AdvancedCombatDemo/Content/Audio/SoundWaves/Foley/SFX_Footstep_BaseLayer_09.uasset" 1752
"C:/Users/user/Documents/Unreal Projects/AdvancedCombatDemo/Content/Audio/SoundWaves/Foley/SFX_Footstep_BaseLayer_09.uexp" 1753
"C:/Users/user/Documents/Unreal Projects/AdvancedCombatDemo/Content/Audio/SoundWaves/Foley/SFX_Footstep_BaseLayer_05.ubulk" 1754
"C:/Users/user/Documents/Unreal Projects/AdvancedCombatDemo/Content/Audio/SoundWaves/Foley/SFX_Footstep_BaseLayer_05.uasset" 1755
"C:/Users/user/Documents/Unreal Projects/AdvancedCombatDemo/Content/Audio/SoundWaves/Foley/SFX_Footstep_BaseLayer_05.uexp" 1756
"C:/Users/user/Documents/Unreal Projects/AdvancedCombatDemo/Content/Audio/SoundWaves/Foley/SFX_Footstep_BaseLayer_07.ubulk" 1757
"C:/Users/user/Documents/Unreal Projects/AdvancedCombatDemo/Content/Audio/SoundWaves/Foley/SFX_Footstep_BaseLayer_07.uasset" 1758
"C:/Users/user/Documents/Unreal Projects/AdvancedCombatDemo/Content/Audio/SoundWaves/Foley/SFX_Footstep_BaseLayer_07.uexp" 1759
"C:/Users/user/Documents/Unreal Projects/AdvancedCombatDemo/Content/Audio/Sounds/SFX/Lyra_MeleeWhoosh_02.ubulk" 1760
"C:/Users/user/Documents/Unreal Projects/AdvancedCombatDemo/Content/Audio/Sounds/SFX/Lyra_MeleeWhoosh_02.uasset" 1761
"C:/Users/user/Documents/Unreal Projects/AdvancedCombatDemo/Content/Audio/Sounds/SFX/Lyra_MeleeWhoosh_02.uexp" 1762
"C:/Users/user/Documents/Unreal Projects/AdvancedCombatDemo/Content/Audio/SoundWaves/Foley/SFX_Footstep_BaseLayer_06.ubulk" 1763
"C:/Users/user/Documents/Unreal Projects/AdvancedCombatDemo/Content/Audio/SoundWaves/Foley/SFX_Footstep_BaseLayer_06.uasset" 1764
"C:/Users/user/Documents/Unreal Projects/AdvancedCombatDemo/Content/Audio/SoundWaves/Foley/SFX_Footstep_BaseLayer_06.uexp" 1765
"C:/Users/user/Documents/Unreal Projects/AdvancedCombatDemo/Content/Audio/SoundWaves/Foley/SFX_Footstep_BaseLayer_04.ubulk" 1766
"C:/Users/user/Documents/Unreal Projects/AdvancedCombatDemo/Content/Audio/SoundWaves/Foley/SFX_Footstep_BaseLayer_04.uasset" 1767
"C:/Users/user/Documents/Unreal Projects/AdvancedCombatDemo/Content/Audio/SoundWaves/Foley/SFX_Footstep_BaseLayer_04.uexp" 1768
"C:/Users/user/Documents/Unreal Projects/AdvancedCombatDemo/Content/Audio/SoundWaves/Foley/SFX_Footstep_BaseLayer_08.ubulk" 1769
"C:/Users/user/Documents/Unreal Projects/AdvancedCombatDemo/Content/Audio/SoundWaves/Foley/SFX_Footstep_BaseLayer_08.uasset" 1770
"C:/Users/user/Documents/Unreal Projects/AdvancedCombatDemo/Content/Audio/SoundWaves/Foley/SFX_Footstep_BaseLayer_08.uexp" 1771
"C:/Users/user/Documents/Unreal Projects/AdvancedCombatDemo/Content/Audio/SoundWaves/Foley/SFX_Footstep_BaseLayer_02.ubulk" 1772
"C:/Users/user/Documents/Unreal Projects/AdvancedCombatDemo/Content/Audio/SoundWaves/Foley/SFX_Footstep_BaseLayer_02.uasset" 1773
"C:/Users/user/Documents/Unreal Projects/AdvancedCombatDemo/Content/Audio/SoundWaves/Foley/SFX_Footstep_BaseLayer_02.uexp" 1774
"C:/Users/user/Documents/Unreal Projects/AdvancedCombatDemo/Content/Audio/SoundWaves/Foley/SFX_Footstep_BaseLayer_03.ubulk" 1775
"C:/Users/user/Documents/Unreal Projects/AdvancedCombatDemo/Content/Audio/SoundWaves/Foley/SFX_Footstep_BaseLayer_03.uasset" 1776
"C:/Users/user/Documents/Unreal Projects/AdvancedCombatDemo/Content/Audio/SoundWaves/Foley/SFX_Footstep_BaseLayer_03.uexp" 1777
"C:/Users/user/Documents/Unreal Projects/AdvancedCombatDemo/Content/Audio/SoundWaves/Foley/SFX_Footstep_BaseLayer_01.ubulk" 1778
"C:/Users/user/Documents/Unreal Projects/AdvancedCombatDemo/Content/Audio/SoundWaves/Foley/SFX_Footstep_BaseLayer_01.uasset" 1779
"C:/Users/user/Documents/Unreal Projects/AdvancedCombatDemo/Content/Audio/SoundWaves/Foley/SFX_Footstep_BaseLayer_01.uexp" 1780
"C:/Users/user/Documents/Unreal Projects/AdvancedCombatDemo/Content/Audio/SoundWaves/Foley/SFX_Footstep_BaseLayer_10.ubulk" 1781
"C:/Users/user/Documents/Unreal Projects/AdvancedCombatDemo/Content/Audio/SoundWaves/Foley/SFX_Footstep_BaseLayer_10.uasset" 1782
"C:/Users/user/Documents/Unreal Projects/AdvancedCombatDemo/Content/Audio/SoundWaves/Foley/SFX_Footstep_BaseLayer_10.uexp" 1783
"C:/Users/user/Documents/Unreal Projects/AdvancedCombatDemo/Content/Audio/SoundWaves/Foley/SFX_Footstep_BaseLayer_11.ubulk" 1784
"C:/Users/user/Documents/Unreal Projects/AdvancedCombatDemo/Content/Audio/SoundWaves/Foley/SFX_Footstep_BaseLayer_11.uasset" 1785
"C:/Users/user/Documents/Unreal Projects/AdvancedCombatDemo/Content/Audio/SoundWaves/Foley/SFX_Footstep_BaseLayer_11.uexp" 1786
"C:/Users/user/Documents/Unreal Projects/AdvancedCombatDemo/Content/Audio/Sounds/SFX/Lyra_MeleeWhoosh_01.ubulk" 1787
"C:/Users/user/Documents/Unreal Projects/AdvancedCombatDemo/Content/Audio/Sounds/SFX/Lyra_MeleeWhoosh_01.uasset" 1788
"C:/Users/user/Documents/Unreal Projects/AdvancedCombatDemo/Content/Audio/Sounds/SFX/Lyra_MeleeWhoosh_01.uexp" 1789
"C:/Users/user/Documents/Unreal Projects/AdvancedCombatDemo/Content/Audio/Sounds/SFX/Lyra_MeleeWhoosh_03.ubulk" 1790
"C:/Users/user/Documents/Unreal Projects/AdvancedCombatDemo/Content/Audio/Sounds/SFX/Lyra_MeleeWhoosh_03.uasset" 1791
"C:/Users/user/Documents/Unreal Projects/AdvancedCombatDemo/Content/Audio/Sounds/SFX/Lyra_MeleeWhoosh_03.uexp" 1792
"C:/Users/user/Documents/Unreal Projects/AdvancedCombatDemo/Content/Audio/Submixes/VoiceSubmix.uasset" 1793
"C:/Users/user/Documents/Unreal Projects/AdvancedCombatDemo/Content/Audio/Submixes/VoiceSubmix.uexp" 1794
"C:/Users/user/Documents/Unreal Projects/AdvancedCombatDemo/Content/Audio/Submixes/EarlyReflectionsSubmix.uasset" 1795
"C:/Users/user/Documents/Unreal Projects/AdvancedCombatDemo/Content/Audio/Submixes/EarlyReflectionsSubmix.uexp" 1796
"C:/Users/user/Documents/Unreal Projects/AdvancedCombatDemo/Content/Audio/Submixes/ReverbSubmix.uasset" 1797
"C:/Users/user/Documents/Unreal Projects/AdvancedCombatDemo/Content/Audio/Submixes/ReverbSubmix.uexp" 1798
"C:/Users/user/Documents/Unreal Projects/AdvancedCombatDemo/Content/Audio/Submixes/SendEffectSubmix.uasset" 1799
"C:/Users/user/Documents/Unreal Projects/AdvancedCombatDemo/Content/Audio/Submixes/SendEffectSubmix.uexp" 1800
"C:/Users/user/Documents/Unreal Projects/AdvancedCombatDemo/Content/Audio/Submixes/MusicSubmix.uasset" 1801
"C:/Users/user/Documents/Unreal Projects/AdvancedCombatDemo/Content/Audio/Submixes/MusicSubmix.uexp" 1802
"C:/Users/user/Documents/Unreal Projects/AdvancedCombatDemo/Content/Audio/Submixes/MainSubmix.uasset" 1803
"C:/Users/user/Documents/Unreal Projects/AdvancedCombatDemo/Content/Audio/Submixes/MainSubmix.uexp" 1804
"C:/Users/user/Documents/Unreal Projects/AdvancedCombatDemo/Content/Audio/Submixes/UISubmix.uasset" 1805
"C:/Users/user/Documents/Unreal Projects/AdvancedCombatDemo/Content/Audio/Submixes/UISubmix.uexp" 1806
"C:/Users/user/Documents/Unreal Projects/AdvancedCombatDemo/Content/Audio/Submixes/SFXSubmix.uasset" 1807
"C:/Users/user/Documents/Unreal Projects/AdvancedCombatDemo/Content/Audio/Submixes/SFXSubmix.uexp" 1808
"C:/Users/user/Documents/Unreal Projects/AdvancedCombatDemo/Content/Audio/Classes/RenderedCinematics.uasset" 1809
"C:/Users/user/Documents/Unreal Projects/AdvancedCombatDemo/Content/Audio/Classes/RenderedCinematics.uexp" 1810
"C:/Users/user/Documents/Unreal Projects/AdvancedCombatDemo/Content/Audio/Classes/VoiceChat.uasset" 1811
"C:/Users/user/Documents/Unreal Projects/AdvancedCombatDemo/Content/Audio/Classes/VoiceChat.uexp" 1812
"C:/Users/user/Documents/Unreal Projects/AdvancedCombatDemo/Content/Audio/Classes/Overall.uasset" 1813
"C:/Users/user/Documents/Unreal Projects/AdvancedCombatDemo/Content/Audio/Classes/Overall.uexp" 1814
"C:/Users/user/Documents/Unreal Projects/AdvancedCombatDemo/Content/Audio/Classes/UI.uasset" 1815
"C:/Users/user/Documents/Unreal Projects/AdvancedCombatDemo/Content/Audio/Classes/UI.uexp" 1816
"C:/Users/user/Documents/Unreal Projects/AdvancedCombatDemo/Content/Audio/Classes/Music.uasset" 1817
"C:/Users/user/Documents/Unreal Projects/AdvancedCombatDemo/Content/Audio/Classes/Music.uexp" 1818
"C:/Users/user/Documents/Unreal Projects/AdvancedCombatDemo/Content/Audio/Classes/Application_Focused.uasset" 1819
"C:/Users/user/Documents/Unreal Projects/AdvancedCombatDemo/Content/Audio/Classes/Application_Focused.uexp" 1820
"C:/Users/user/Documents/Unreal Projects/AdvancedCombatDemo/Content/Audio/Classes/SFX.uasset" 1821
"C:/Users/user/Documents/Unreal Projects/AdvancedCombatDemo/Content/Audio/Classes/SFX.uexp" 1822
"C:/Users/user/Documents/Unreal Projects/AdvancedCombatDemo/Content/Characters/Heroes/Mannequin/Animations/Actions/AM_MM_Shotgun_Melee.uasset" 1823
"C:/Users/user/Documents/Unreal Projects/AdvancedCombatDemo/Content/Characters/Heroes/Mannequin/Animations/Actions/AM_MM_Shotgun_Melee.uexp" 1824
"C:/Users/user/Documents/Unreal Projects/AdvancedCombatDemo/Content/ACS_BP/VFX/Niagara/TriangleMat.uasset" 1825
"C:/Users/user/Documents/Unreal Projects/AdvancedCombatDemo/Content/ACS_BP/VFX/Niagara/TriangleMat.uexp" 1826
"C:/Users/user/Documents/Unreal Projects/AdvancedCombatDemo/Content/ACS_BP/VFX/Niagara/ArmorDestroyed.uasset" 1827
"C:/Users/user/Documents/Unreal Projects/AdvancedCombatDemo/Content/ACS_BP/VFX/Niagara/ArmorDestroyed.uexp" 1828
"C:/Users/user/Documents/Unreal Projects/AdvancedCombatDemo/Content/Weapons/Rifle/Mesh/SK_Rifle_Skeleton.uasset" 1829
"C:/Users/user/Documents/Unreal Projects/AdvancedCombatDemo/Content/Weapons/Rifle/Mesh/SK_Rifle_Skeleton.uexp" 1830
"C:/Users/user/Documents/Unreal Projects/AdvancedCombatDemo/Content/Weapons/Rifle/Animations/Weap_Rifle_Fire.uasset" 1831
"C:/Users/user/Documents/Unreal Projects/AdvancedCombatDemo/Content/Weapons/Rifle/Animations/Weap_Rifle_Fire.uexp" 1832
"C:/Users/user/Documents/Unreal Projects/AdvancedCombatDemo/Content/Weapons/Pistol/Mesh/SK_Pistol_Skeleton.uasset" 1833
"C:/Users/user/Documents/Unreal Projects/AdvancedCombatDemo/Content/Weapons/Pistol/Mesh/SK_Pistol_Skeleton.uexp" 1834
"C:/Users/user/Documents/Unreal Projects/AdvancedCombatDemo/Content/Weapons/Pistol/Animations/Weap_Pistol_Fire.uasset" 1835
"C:/Users/user/Documents/Unreal Projects/AdvancedCombatDemo/Content/Weapons/Pistol/Animations/Weap_Pistol_Fire.uexp" 1836
"C:/Users/user/Documents/Unreal Projects/AdvancedCombatDemo/Content/Characters/Heroes/Mannequin/Animations/Actions/MM_Shotgun_Reload_Additive_Start.uasset" 1837
"C:/Users/user/Documents/Unreal Projects/AdvancedCombatDemo/Content/Characters/Heroes/Mannequin/Animations/Actions/MM_Shotgun_Reload_Additive_Start.uexp" 1838
"C:/Users/user/Documents/Unreal Projects/AdvancedCombatDemo/Content/Characters/Heroes/Mannequin/Animations/Actions/MM_Shotgun_Reload_Additive_Start_Montage.uasset" 1839
"C:/Users/user/Documents/Unreal Projects/AdvancedCombatDemo/Content/Characters/Heroes/Mannequin/Animations/Actions/MM_Shotgun_Reload_Additive_Start_Montage.uexp" 1840
"../../../Engine/Content/Animation/DefaultRecorderBoneCompression.uasset" 1841
"../../../Engine/Content/Animation/DefaultRecorderBoneCompression.uexp" 1842
"C:/Users/user/Documents/Unreal Projects/AdvancedCombatDemo/Content/Characters/Heroes/Mannequin/Meshes/Attack.uasset" 1843
"C:/Users/user/Documents/Unreal Projects/AdvancedCombatDemo/Content/Characters/Heroes/Mannequin/Meshes/Attack.uexp" 1844
"C:/Users/user/Documents/Unreal Projects/AdvancedCombatDemo/Content/Characters/Heroes/Mannequin/Meshes/Attack_Montage.uasset" 1845
"C:/Users/user/Documents/Unreal Projects/AdvancedCombatDemo/Content/Characters/Heroes/Mannequin/Meshes/Attack_Montage.uexp" 1846
"C:/Users/user/Documents/Unreal Projects/AdvancedCombatDemo/Content/Characters/Heroes/Mannequin/Textures/Manny/T_Manny_01_N.ubulk" 1847
"C:/Users/user/Documents/Unreal Projects/AdvancedCombatDemo/Content/Characters/Heroes/Mannequin/Textures/Manny/T_Manny_01_N.uasset" 1848
"C:/Users/user/Documents/Unreal Projects/AdvancedCombatDemo/Content/Characters/Heroes/Mannequin/Textures/Manny/T_Manny_01_N.uexp" 1849
"C:/Users/user/Documents/Unreal Projects/AdvancedCombatDemo/Content/Characters/Heroes/Mannequin/Textures/Manny/T_Manny_01_MSK1.ubulk" 1850
"C:/Users/user/Documents/Unreal Projects/AdvancedCombatDemo/Content/Characters/Heroes/Mannequin/Textures/Manny/T_Manny_01_MSK1.uasset" 1851
"C:/Users/user/Documents/Unreal Projects/AdvancedCombatDemo/Content/Characters/Heroes/Mannequin/Textures/Manny/T_Manny_01_MSK1.uexp" 1852
"C:/Users/user/Documents/Unreal Projects/AdvancedCombatDemo/Content/Characters/Heroes/Mannequin/Textures/Manny/T_Manny_01_D.ubulk" 1853
"C:/Users/user/Documents/Unreal Projects/AdvancedCombatDemo/Content/Characters/Heroes/Mannequin/Textures/Manny/T_Manny_01_D.uasset" 1854
"C:/Users/user/Documents/Unreal Projects/AdvancedCombatDemo/Content/Characters/Heroes/Mannequin/Textures/Manny/T_Manny_01_D.uexp" 1855
"C:/Users/user/Documents/Unreal Projects/AdvancedCombatDemo/Content/Characters/Heroes/Mannequin/Textures/Manny/T_Manny_01_MSK3.ubulk" 1856
"C:/Users/user/Documents/Unreal Projects/AdvancedCombatDemo/Content/Characters/Heroes/Mannequin/Textures/Manny/T_Manny_01_MSK3.uasset" 1857
"C:/Users/user/Documents/Unreal Projects/AdvancedCombatDemo/Content/Characters/Heroes/Mannequin/Textures/Manny/T_Manny_01_MSK3.uexp" 1858
"C:/Users/user/Documents/Unreal Projects/AdvancedCombatDemo/Content/Characters/Heroes/Mannequin/Textures/Shared/T_Detail_Normal.ubulk" 1859
"C:/Users/user/Documents/Unreal Projects/AdvancedCombatDemo/Content/Characters/Heroes/Mannequin/Textures/Shared/T_Detail_Normal.uasset" 1860
"C:/Users/user/Documents/Unreal Projects/AdvancedCombatDemo/Content/Characters/Heroes/Mannequin/Textures/Shared/T_Detail_Normal.uexp" 1861
"C:/Users/user/Documents/Unreal Projects/AdvancedCombatDemo/Content/Characters/Heroes/Mannequin/Textures/Shared/T_OrangePeel_N.ubulk" 1862
"C:/Users/user/Documents/Unreal Projects/AdvancedCombatDemo/Content/Characters/Heroes/Mannequin/Textures/Shared/T_OrangePeel_N.uasset" 1863
"C:/Users/user/Documents/Unreal Projects/AdvancedCombatDemo/Content/Characters/Heroes/Mannequin/Textures/Shared/T_OrangePeel_N.uexp" 1864
"C:/Users/user/Documents/Unreal Projects/AdvancedCombatDemo/Content/Effects/MaterialFunctions/MF_MannequinHitMacro.uasset" 1865
"C:/Users/user/Documents/Unreal Projects/AdvancedCombatDemo/Content/Effects/MaterialFunctions/MF_MannequinHitMacro.uexp" 1866
"../../../Engine/Content/Functions/Engine_MaterialFunctions02/Utility/AppendMany.uasset" 1867
"../../../Engine/Content/Functions/Engine_MaterialFunctions02/Utility/AppendMany.uexp" 1868
"../../../Engine/Content/Functions/Engine_MaterialFunctions02/Utility/DitherTemporalAA.uasset" 1869
"../../../Engine/Content/Functions/Engine_MaterialFunctions02/Utility/DitherTemporalAA.uexp" 1870
"C:/Users/user/Documents/Unreal Projects/AdvancedCombatDemo/Content/Effects/Textures/General/squares.ubulk" 1871
"C:/Users/user/Documents/Unreal Projects/AdvancedCombatDemo/Content/Effects/Textures/General/squares.uasset" 1872
"C:/Users/user/Documents/Unreal Projects/AdvancedCombatDemo/Content/Effects/Textures/General/squares.uexp" 1873
"C:/Users/user/Documents/Unreal Projects/AdvancedCombatDemo/Content/Effects/MaterialFunctions/MF_MannequinEdge.uasset" 1874
"C:/Users/user/Documents/Unreal Projects/AdvancedCombatDemo/Content/Effects/MaterialFunctions/MF_MannequinEdge.uexp" 1875
"C:/Users/user/Documents/Unreal Projects/AdvancedCombatDemo/Content/Characters/Heroes/Mannequin/Textures/Manny/T_Manny_01_MSK.ubulk" 1876
"C:/Users/user/Documents/Unreal Projects/AdvancedCombatDemo/Content/Characters/Heroes/Mannequin/Textures/Manny/T_Manny_01_MSK.uasset" 1877
"C:/Users/user/Documents/Unreal Projects/AdvancedCombatDemo/Content/Characters/Heroes/Mannequin/Textures/Manny/T_Manny_01_MSK.uexp" 1878
"C:/Users/user/Documents/Unreal Projects/AdvancedCombatDemo/Content/Characters/Heroes/Mannequin/Materials/Functions/ChromaticCurve2.uasset" 1879
"C:/Users/user/Documents/Unreal Projects/AdvancedCombatDemo/Content/Characters/Heroes/Mannequin/Materials/Functions/ChromaticCurve2.uexp" 1880
"C:/Users/user/Documents/Unreal Projects/AdvancedCombatDemo/Content/Characters/Heroes/Mannequin/Materials/Functions/CA_Mannequin_new.uasset" 1881
"C:/Users/user/Documents/Unreal Projects/AdvancedCombatDemo/Content/Characters/Heroes/Mannequin/Materials/Functions/CA_Mannequin_new.uexp" 1882
"C:/Users/user/Documents/Unreal Projects/AdvancedCombatDemo/Content/Characters/Heroes/Mannequin/Materials/Functions/MF_Diffraction.uasset" 1883
"C:/Users/user/Documents/Unreal Projects/AdvancedCombatDemo/Content/Characters/Heroes/Mannequin/Materials/Functions/MF_Diffraction.uexp" 1884
"C:/Users/user/Documents/Unreal Projects/AdvancedCombatDemo/Content/PhysicsMaterials/PM_Character.uasset" 1885
"C:/Users/user/Documents/Unreal Projects/AdvancedCombatDemo/Content/PhysicsMaterials/PM_Character.uexp" 1886
"C:/Users/user/Documents/Unreal Projects/AdvancedCombatDemo/Content/Characters/Heroes/Mannequin/Materials/Functions/MF_BaseColorFallOff.uasset" 1887
"C:/Users/user/Documents/Unreal Projects/AdvancedCombatDemo/Content/Characters/Heroes/Mannequin/Materials/Functions/MF_BaseColorFallOff.uexp" 1888
"C:/Users/user/Documents/Unreal Projects/AdvancedCombatDemo/Content/Characters/Heroes/Mannequin/Textures/Manny/T_Manny_01_MSK2.ubulk" 1889
"C:/Users/user/Documents/Unreal Projects/AdvancedCombatDemo/Content/Characters/Heroes/Mannequin/Textures/Manny/T_Manny_01_MSK2.uasset" 1890
"C:/Users/user/Documents/Unreal Projects/AdvancedCombatDemo/Content/Characters/Heroes/Mannequin/Textures/Manny/T_Manny_01_MSK2.uexp" 1891
"C:/Users/user/Documents/Unreal Projects/AdvancedCombatDemo/Content/Effects/MaterialFunctions/MF_MannequinLaunchEdgeGlow.uasset" 1892
"C:/Users/user/Documents/Unreal Projects/AdvancedCombatDemo/Content/Effects/MaterialFunctions/MF_MannequinLaunchEdgeGlow.uexp" 1893
"../../../Engine/Content/Functions/Engine_MaterialFunctions01/Texturing/ScaleUVsByCenter.uasset" 1894
"../../../Engine/Content/Functions/Engine_MaterialFunctions01/Texturing/ScaleUVsByCenter.uexp" 1895
"C:/Users/user/Documents/Unreal Projects/AdvancedCombatDemo/Content/Characters/Heroes/Mannequin/Textures/Shared/T_UE_Logo_V2.uasset" 1896
"C:/Users/user/Documents/Unreal Projects/AdvancedCombatDemo/Content/Characters/Heroes/Mannequin/Textures/Shared/T_UE_Logo_V2.uexp" 1897
"C:/Users/user/Documents/Unreal Projects/AdvancedCombatDemo/Content/Characters/Heroes/Mannequin/Materials/Functions/MF_logo.uasset" 1898
"C:/Users/user/Documents/Unreal Projects/AdvancedCombatDemo/Content/Characters/Heroes/Mannequin/Materials/Functions/MF_logo.uexp" 1899
"C:/Users/user/Documents/Unreal Projects/AdvancedCombatDemo/Content/Characters/Heroes/Mannequin/Materials/M_Mannequin.uasset" 1900
"C:/Users/user/Documents/Unreal Projects/AdvancedCombatDemo/Content/Characters/Heroes/Mannequin/Materials/M_Mannequin.uexp" 1901
"C:/Users/user/Documents/Unreal Projects/AdvancedCombatDemo/Content/Characters/Heroes/Mannequin/Materials/Instances/Manny/MI_Manny_01_Blue.uasset" 1902
"C:/Users/user/Documents/Unreal Projects/AdvancedCombatDemo/Content/Characters/Heroes/Mannequin/Materials/Instances/Manny/MI_Manny_01_Blue.uexp" 1903
"C:/Users/user/Documents/Unreal Projects/AdvancedCombatDemo/Content/Characters/Heroes/Mannequin/Rig/PA_Mannequin.uasset" 1904
"C:/Users/user/Documents/Unreal Projects/AdvancedCombatDemo/Content/Characters/Heroes/Mannequin/Rig/PA_Mannequin.uexp" 1905
"C:/Users/user/Documents/Unreal Projects/AdvancedCombatDemo/Content/Characters/Heroes/Mannequin/Rig/Poses/Manny/Manny_foot_l_anim.uasset" 1906
"C:/Users/user/Documents/Unreal Projects/AdvancedCombatDemo/Content/Characters/Heroes/Mannequin/Rig/Poses/Manny/Manny_foot_l_anim.uexp" 1907
"C:/Users/user/Documents/Unreal Projects/AdvancedCombatDemo/Content/Characters/Heroes/Mannequin/Rig/Poses/Manny/Manny_foot_l_pose.uasset" 1908
"C:/Users/user/Documents/Unreal Projects/AdvancedCombatDemo/Content/Characters/Heroes/Mannequin/Rig/Poses/Manny/Manny_foot_l_pose.uexp" 1909
"C:/Users/user/Documents/Unreal Projects/AdvancedCombatDemo/Content/Characters/Heroes/Mannequin/Rig/Poses/Manny/Manny_clavicle_l_anim.uasset" 1910
"C:/Users/user/Documents/Unreal Projects/AdvancedCombatDemo/Content/Characters/Heroes/Mannequin/Rig/Poses/Manny/Manny_clavicle_l_anim.uexp" 1911
"C:/Users/user/Documents/Unreal Projects/AdvancedCombatDemo/Content/Characters/Heroes/Mannequin/Rig/Poses/Manny/Manny_clavicle_l_pose.uasset" 1912
"C:/Users/user/Documents/Unreal Projects/AdvancedCombatDemo/Content/Characters/Heroes/Mannequin/Rig/Poses/Manny/Manny_clavicle_l_pose.uexp" 1913
"C:/Users/user/Documents/Unreal Projects/AdvancedCombatDemo/Content/Characters/Heroes/Mannequin/Rig/Poses/Manny/Manny_lowerarm_l_anim.uasset" 1914
"C:/Users/user/Documents/Unreal Projects/AdvancedCombatDemo/Content/Characters/Heroes/Mannequin/Rig/Poses/Manny/Manny_lowerarm_l_anim.uexp" 1915
"C:/Users/user/Documents/Unreal Projects/AdvancedCombatDemo/Content/Characters/Heroes/Mannequin/Rig/Poses/Manny/Manny_lowerarm_l_pose.uasset" 1916
"C:/Users/user/Documents/Unreal Projects/AdvancedCombatDemo/Content/Characters/Heroes/Mannequin/Rig/Poses/Manny/Manny_lowerarm_l_pose.uexp" 1917
"C:/Users/user/Documents/Unreal Projects/AdvancedCombatDemo/Content/Characters/Heroes/Mannequin/Rig/Poses/Manny/Manny_hand_r_anim.uasset" 1918
"C:/Users/user/Documents/Unreal Projects/AdvancedCombatDemo/Content/Characters/Heroes/Mannequin/Rig/Poses/Manny/Manny_hand_r_anim.uexp" 1919
"C:/Users/user/Documents/Unreal Projects/AdvancedCombatDemo/Content/Characters/Heroes/Mannequin/Rig/Poses/Manny/Manny_hand_r_pose.uasset" 1920
"C:/Users/user/Documents/Unreal Projects/AdvancedCombatDemo/Content/Characters/Heroes/Mannequin/Rig/Poses/Manny/Manny_hand_r_pose.uexp" 1921
"C:/Users/user/Documents/Unreal Projects/AdvancedCombatDemo/Content/Characters/Heroes/Mannequin/Rig/Poses/Manny/Manny_calf_r_anim.uasset" 1922
"C:/Users/user/Documents/Unreal Projects/AdvancedCombatDemo/Content/Characters/Heroes/Mannequin/Rig/Poses/Manny/Manny_calf_r_anim.uexp" 1923
"C:/Users/user/Documents/Unreal Projects/AdvancedCombatDemo/Content/Characters/Heroes/Mannequin/Rig/Poses/Manny/Manny_calf_r_pose.uasset" 1924
"C:/Users/user/Documents/Unreal Projects/AdvancedCombatDemo/Content/Characters/Heroes/Mannequin/Rig/Poses/Manny/Manny_calf_r_pose.uexp" 1925
"C:/Users/user/Documents/Unreal Projects/AdvancedCombatDemo/Content/Characters/Heroes/Mannequin/Rig/Poses/Manny/Manny_hand_l_anim.uasset" 1926
"C:/Users/user/Documents/Unreal Projects/AdvancedCombatDemo/Content/Characters/Heroes/Mannequin/Rig/Poses/Manny/Manny_hand_l_anim.uexp" 1927
"C:/Users/user/Documents/Unreal Projects/AdvancedCombatDemo/Content/Characters/Heroes/Mannequin/Rig/Poses/Manny/Manny_hand_l_pose.uasset" 1928
"C:/Users/user/Documents/Unreal Projects/AdvancedCombatDemo/Content/Characters/Heroes/Mannequin/Rig/Poses/Manny/Manny_hand_l_pose.uexp" 1929
"C:/Users/user/Documents/Unreal Projects/AdvancedCombatDemo/Content/Characters/Heroes/Mannequin/Rig/Poses/Manny/Manny_clavicle_r_anim.uasset" 1930
"C:/Users/user/Documents/Unreal Projects/AdvancedCombatDemo/Content/Characters/Heroes/Mannequin/Rig/Poses/Manny/Manny_clavicle_r_anim.uexp" 1931
"C:/Users/user/Documents/Unreal Projects/AdvancedCombatDemo/Content/Characters/Heroes/Mannequin/Rig/Poses/Manny/Manny_clavicle_r_pose.uasset" 1932
"C:/Users/user/Documents/Unreal Projects/AdvancedCombatDemo/Content/Characters/Heroes/Mannequin/Rig/Poses/Manny/Manny_clavicle_r_pose.uexp" 1933
"C:/Users/user/Documents/Unreal Projects/AdvancedCombatDemo/Content/Characters/Heroes/Mannequin/Rig/Poses/Manny/Manny_upperarm_r_anim.uasset" 1934
"C:/Users/user/Documents/Unreal Projects/AdvancedCombatDemo/Content/Characters/Heroes/Mannequin/Rig/Poses/Manny/Manny_upperarm_r_anim.uexp" 1935
"C:/Users/user/Documents/Unreal Projects/AdvancedCombatDemo/Content/Characters/Heroes/Mannequin/Rig/Poses/Manny/Manny_upperarm_r_pose.uasset" 1936
"C:/Users/user/Documents/Unreal Projects/AdvancedCombatDemo/Content/Characters/Heroes/Mannequin/Rig/Poses/Manny/Manny_upperarm_r_pose.uexp" 1937
"C:/Users/user/Documents/Unreal Projects/AdvancedCombatDemo/Content/Characters/Heroes/Mannequin/Rig/Poses/Manny/Manny_thigh_l_anim.uasset" 1938
"C:/Users/user/Documents/Unreal Projects/AdvancedCombatDemo/Content/Characters/Heroes/Mannequin/Rig/Poses/Manny/Manny_thigh_l_anim.uexp" 1939
"C:/Users/user/Documents/Unreal Projects/AdvancedCombatDemo/Content/Characters/Heroes/Mannequin/Rig/Poses/Manny/Manny_thigh_l_pose.uasset" 1940
"C:/Users/user/Documents/Unreal Projects/AdvancedCombatDemo/Content/Characters/Heroes/Mannequin/Rig/Poses/Manny/Manny_thigh_l_pose.uexp" 1941
"C:/Users/user/Documents/Unreal Projects/AdvancedCombatDemo/Content/Characters/Heroes/Mannequin/Rig/Poses/Manny/Manny_upperarm_l_anim.uasset" 1942
"C:/Users/user/Documents/Unreal Projects/AdvancedCombatDemo/Content/Characters/Heroes/Mannequin/Rig/Poses/Manny/Manny_upperarm_l_anim.uexp" 1943
"C:/Users/user/Documents/Unreal Projects/AdvancedCombatDemo/Content/Characters/Heroes/Mannequin/Rig/Poses/Manny/Manny_upperarm_l_pose.uasset" 1944
"C:/Users/user/Documents/Unreal Projects/AdvancedCombatDemo/Content/Characters/Heroes/Mannequin/Rig/Poses/Manny/Manny_upperarm_l_pose.uexp" 1945
"C:/Users/user/Documents/Unreal Projects/AdvancedCombatDemo/Content/Characters/Heroes/Mannequin/Rig/Poses/Manny/Manny_foot_r_anim.uasset" 1946
"C:/Users/user/Documents/Unreal Projects/AdvancedCombatDemo/Content/Characters/Heroes/Mannequin/Rig/Poses/Manny/Manny_foot_r_anim.uexp" 1947
"C:/Users/user/Documents/Unreal Projects/AdvancedCombatDemo/Content/Characters/Heroes/Mannequin/Rig/Poses/Manny/Manny_foot_r_pose.uasset" 1948
"C:/Users/user/Documents/Unreal Projects/AdvancedCombatDemo/Content/Characters/Heroes/Mannequin/Rig/Poses/Manny/Manny_foot_r_pose.uexp" 1949
"C:/Users/user/Documents/Unreal Projects/AdvancedCombatDemo/Content/Characters/Heroes/Mannequin/Rig/Poses/Manny/Manny_calf_l_anim.uasset" 1950
"C:/Users/user/Documents/Unreal Projects/AdvancedCombatDemo/Content/Characters/Heroes/Mannequin/Rig/Poses/Manny/Manny_calf_l_anim.uexp" 1951
"C:/Users/user/Documents/Unreal Projects/AdvancedCombatDemo/Content/Characters/Heroes/Mannequin/Rig/Poses/Manny/Manny_calf_l_pose.uasset" 1952
"C:/Users/user/Documents/Unreal Projects/AdvancedCombatDemo/Content/Characters/Heroes/Mannequin/Rig/Poses/Manny/Manny_calf_l_pose.uexp" 1953
"../../../Engine/Plugins/Animation/ControlRig/Content/Controls/DefaultGizmoLibrary.uasset" 1954
"../../../Engine/Plugins/Animation/ControlRig/Content/Controls/DefaultGizmoLibrary.uexp" 1955
"C:/Users/user/Documents/Unreal Projects/AdvancedCombatDemo/Content/Characters/Heroes/Mannequin/Rig/CR_Mannequin_Procedural.uasset" 1956
"C:/Users/user/Documents/Unreal Projects/AdvancedCombatDemo/Content/Characters/Heroes/Mannequin/Rig/CR_Mannequin_Procedural.uexp" 1957
"C:/Users/user/Documents/Unreal Projects/AdvancedCombatDemo/Content/Characters/Heroes/Mannequin/Rig/Poses/Manny/Manny_thigh_r_anim.uasset" 1958
"C:/Users/user/Documents/Unreal Projects/AdvancedCombatDemo/Content/Characters/Heroes/Mannequin/Rig/Poses/Manny/Manny_thigh_r_anim.uexp" 1959
"C:/Users/user/Documents/Unreal Projects/AdvancedCombatDemo/Content/Characters/Heroes/Mannequin/Rig/Poses/Manny/Manny_thigh_r_pose.uasset" 1960
"C:/Users/user/Documents/Unreal Projects/AdvancedCombatDemo/Content/Characters/Heroes/Mannequin/Rig/Poses/Manny/Manny_thigh_r_pose.uexp" 1961
"C:/Users/user/Documents/Unreal Projects/AdvancedCombatDemo/Content/Characters/Heroes/Mannequin/Rig/Poses/Manny/Manny_lowerarm_r_anim.uasset" 1962
"C:/Users/user/Documents/Unreal Projects/AdvancedCombatDemo/Content/Characters/Heroes/Mannequin/Rig/Poses/Manny/Manny_lowerarm_r_anim.uexp" 1963
"C:/Users/user/Documents/Unreal Projects/AdvancedCombatDemo/Content/Characters/Heroes/Mannequin/Rig/Poses/Manny/Manny_lowerarm_r_pose.uasset" 1964
"C:/Users/user/Documents/Unreal Projects/AdvancedCombatDemo/Content/Characters/Heroes/Mannequin/Rig/Poses/Manny/Manny_lowerarm_r_pose.uexp" 1965
"C:/Users/user/Documents/Unreal Projects/AdvancedCombatDemo/Content/Characters/Heroes/Mannequin/Rig/ABP_Manny_PostProcess.uasset" 1966
"C:/Users/user/Documents/Unreal Projects/AdvancedCombatDemo/Content/Characters/Heroes/Mannequin/Rig/ABP_Manny_PostProcess.uexp" 1967
"C:/Users/user/Documents/Unreal Projects/AdvancedCombatDemo/Content/Characters/Heroes/Mannequin/Textures/Manny/T_Manny_02_N.ubulk" 1968
"C:/Users/user/Documents/Unreal Projects/AdvancedCombatDemo/Content/Characters/Heroes/Mannequin/Textures/Manny/T_Manny_02_N.uasset" 1969
"C:/Users/user/Documents/Unreal Projects/AdvancedCombatDemo/Content/Characters/Heroes/Mannequin/Textures/Manny/T_Manny_02_N.uexp" 1970
"C:/Users/user/Documents/Unreal Projects/AdvancedCombatDemo/Content/Characters/Heroes/Mannequin/Textures/Manny/T_Manny_02_MSK1.ubulk" 1971
"C:/Users/user/Documents/Unreal Projects/AdvancedCombatDemo/Content/Characters/Heroes/Mannequin/Textures/Manny/T_Manny_02_MSK1.uasset" 1972
"C:/Users/user/Documents/Unreal Projects/AdvancedCombatDemo/Content/Characters/Heroes/Mannequin/Textures/Manny/T_Manny_02_MSK1.uexp" 1973
"C:/Users/user/Documents/Unreal Projects/AdvancedCombatDemo/Content/Characters/Heroes/Mannequin/Textures/Manny/T_Manny_02_MSK.ubulk" 1974
"C:/Users/user/Documents/Unreal Projects/AdvancedCombatDemo/Content/Characters/Heroes/Mannequin/Textures/Manny/T_Manny_02_MSK.uasset" 1975
"C:/Users/user/Documents/Unreal Projects/AdvancedCombatDemo/Content/Characters/Heroes/Mannequin/Textures/Manny/T_Manny_02_MSK.uexp" 1976
"C:/Users/user/Documents/Unreal Projects/AdvancedCombatDemo/Content/Characters/Heroes/Mannequin/Textures/Manny/T_Manny_02_MSK2.ubulk" 1977
"C:/Users/user/Documents/Unreal Projects/AdvancedCombatDemo/Content/Characters/Heroes/Mannequin/Textures/Manny/T_Manny_02_MSK2.uasset" 1978
"C:/Users/user/Documents/Unreal Projects/AdvancedCombatDemo/Content/Characters/Heroes/Mannequin/Textures/Manny/T_Manny_02_MSK2.uexp" 1979
"C:/Users/user/Documents/Unreal Projects/AdvancedCombatDemo/Content/Characters/Heroes/Mannequin/Textures/Manny/T_Manny_02_D.ubulk" 1980
"C:/Users/user/Documents/Unreal Projects/AdvancedCombatDemo/Content/Characters/Heroes/Mannequin/Textures/Manny/T_Manny_02_D.uasset" 1981
"C:/Users/user/Documents/Unreal Projects/AdvancedCombatDemo/Content/Characters/Heroes/Mannequin/Textures/Manny/T_Manny_02_D.uexp" 1982
"C:/Users/user/Documents/Unreal Projects/AdvancedCombatDemo/Content/Characters/Heroes/Mannequin/Textures/Manny/T_Manny_02_MSK3.ubulk" 1983
"C:/Users/user/Documents/Unreal Projects/AdvancedCombatDemo/Content/Characters/Heroes/Mannequin/Textures/Manny/T_Manny_02_MSK3.uasset" 1984
"C:/Users/user/Documents/Unreal Projects/AdvancedCombatDemo/Content/Characters/Heroes/Mannequin/Textures/Manny/T_Manny_02_MSK3.uexp" 1985
"C:/Users/user/Documents/Unreal Projects/AdvancedCombatDemo/Content/Characters/Heroes/Mannequin/Materials/Instances/Manny/MI_Manny_02_Blue.uasset" 1986
"C:/Users/user/Documents/Unreal Projects/AdvancedCombatDemo/Content/Characters/Heroes/Mannequin/Materials/Instances/Manny/MI_Manny_02_Blue.uexp" 1987
"C:/Users/user/Documents/Unreal Projects/AdvancedCombatDemo/Content/Characters/Heroes/Mannequin/Meshes/SKM_Manny.uasset" 1988
"C:/Users/user/Documents/Unreal Projects/AdvancedCombatDemo/Content/Characters/Heroes/Mannequin/Meshes/SKM_Manny.uexp" 1989
"C:/Users/user/Documents/Unreal Projects/AdvancedCombatDemo/Content/Characters/Heroes/Mannequin/Animations/Actions/MM_Pistol_Equip_Montage.uasset" 1990
"C:/Users/user/Documents/Unreal Projects/AdvancedCombatDemo/Content/Characters/Heroes/Mannequin/Animations/Actions/MM_Pistol_Equip_Montage.uexp" 1991
"C:/Users/user/Documents/Unreal Projects/AdvancedCombatDemo/Content/Characters/Heroes/Mannequin/Animations/Actions/MM_Rifle_DryFire.uasset" 1992
"C:/Users/user/Documents/Unreal Projects/AdvancedCombatDemo/Content/Characters/Heroes/Mannequin/Animations/Actions/MM_Rifle_DryFire.uexp" 1993
"C:/Users/user/Documents/Unreal Projects/AdvancedCombatDemo/Content/Characters/Heroes/Mannequin/Animations/Actions/MM_Rifle_DryFire_Montage.uasset" 1994
"C:/Users/user/Documents/Unreal Projects/AdvancedCombatDemo/Content/Characters/Heroes/Mannequin/Animations/Actions/MM_Rifle_DryFire_Montage.uexp" 1995
"C:/Users/user/Documents/Unreal Projects/AdvancedCombatDemo/Content/Characters/Heroes/Mannequin/Animations/Actions/MM_Rifle_Equip_Additive.uasset" 1996
"C:/Users/user/Documents/Unreal Projects/AdvancedCombatDemo/Content/Characters/Heroes/Mannequin/Animations/Actions/MM_Rifle_Equip_Additive.uexp" 1997
"C:/Users/user/Documents/Unreal Projects/AdvancedCombatDemo/Content/Characters/Heroes/Mannequin/Animations/Actions/MM_Rifle_Equip_Montage.uasset" 1998
"C:/Users/user/Documents/Unreal Projects/AdvancedCombatDemo/Content/Characters/Heroes/Mannequin/Animations/Actions/MM_Rifle_Equip_Montage.uexp" 1999
"C:/Users/user/Documents/Unreal Projects/AdvancedCombatDemo/Content/Weapons/Shotgun/Animations/Weap_Shotgun_Reload_Start.uasset" 2000
"C:/Users/user/Documents/Unreal Projects/AdvancedCombatDemo/Content/Weapons/Shotgun/Animations/Weap_Shotgun_Reload_Start.uexp" 2001
"C:/Users/user/Documents/Unreal Projects/AdvancedCombatDemo/Content/VFX/M_OverlayTargetConfirm.uasset" 2002
"C:/Users/user/Documents/Unreal Projects/AdvancedCombatDemo/Content/VFX/M_OverlayTargetConfirm.uexp" 2003
"C:/Users/user/Documents/Unreal Projects/AdvancedCombatDemo/Content/ACS_BP/Weapons/Bazooka/Mesh/Textures/1001_AO.ubulk" 2004
"C:/Users/user/Documents/Unreal Projects/AdvancedCombatDemo/Content/ACS_BP/Weapons/Bazooka/Mesh/Textures/1001_AO.uasset" 2005
"C:/Users/user/Documents/Unreal Projects/AdvancedCombatDemo/Content/ACS_BP/Weapons/Bazooka/Mesh/Textures/1001_AO.uexp" 2006
"C:/Users/user/Documents/Unreal Projects/AdvancedCombatDemo/Content/ACS_BP/Weapons/Bazooka/Mesh/Textures/1001_emissive.ubulk" 2007
"C:/Users/user/Documents/Unreal Projects/AdvancedCombatDemo/Content/ACS_BP/Weapons/Bazooka/Mesh/Textures/1001_emissive.uasset" 2008
"C:/Users/user/Documents/Unreal Projects/AdvancedCombatDemo/Content/ACS_BP/Weapons/Bazooka/Mesh/Textures/1001_emissive.uexp" 2009
"C:/Users/user/Documents/Unreal Projects/AdvancedCombatDemo/Content/ACS_BP/Weapons/Bazooka/Mesh/Textures/1001_albedo.ubulk" 2010
"C:/Users/user/Documents/Unreal Projects/AdvancedCombatDemo/Content/ACS_BP/Weapons/Bazooka/Mesh/Textures/1001_albedo.uasset" 2011
"C:/Users/user/Documents/Unreal Projects/AdvancedCombatDemo/Content/ACS_BP/Weapons/Bazooka/Mesh/Textures/1001_albedo.uexp" 2012
"C:/Users/user/Documents/Unreal Projects/AdvancedCombatDemo/Content/ACS_BP/Weapons/Bazooka/Mesh/Textures/1001_metallic.ubulk" 2013
"C:/Users/user/Documents/Unreal Projects/AdvancedCombatDemo/Content/ACS_BP/Weapons/Bazooka/Mesh/Textures/1001_metallic.uasset" 2014
"C:/Users/user/Documents/Unreal Projects/AdvancedCombatDemo/Content/ACS_BP/Weapons/Bazooka/Mesh/Textures/1001_metallic.uexp" 2015
"C:/Users/user/Documents/Unreal Projects/AdvancedCombatDemo/Content/ACS_BP/Weapons/Bazooka/Mesh/Textures/1001_normal.ubulk" 2016
"C:/Users/user/Documents/Unreal Projects/AdvancedCombatDemo/Content/ACS_BP/Weapons/Bazooka/Mesh/Textures/1001_normal.uasset" 2017
"C:/Users/user/Documents/Unreal Projects/AdvancedCombatDemo/Content/ACS_BP/Weapons/Bazooka/Mesh/Textures/1001_normal.uexp" 2018
"C:/Users/user/Documents/Unreal Projects/AdvancedCombatDemo/Content/ACS_BP/Weapons/Bazooka/Mesh/Textures/1001_roughness.ubulk" 2019
"C:/Users/user/Documents/Unreal Projects/AdvancedCombatDemo/Content/ACS_BP/Weapons/Bazooka/Mesh/Textures/1001_roughness.uasset" 2020
"C:/Users/user/Documents/Unreal Projects/AdvancedCombatDemo/Content/ACS_BP/Weapons/Bazooka/Mesh/Textures/1001_roughness.uexp" 2021
"C:/Users/user/Documents/Unreal Projects/AdvancedCombatDemo/Content/ACS_BP/Weapons/Bazooka/MI_Bazooka.uasset" 2022
"C:/Users/user/Documents/Unreal Projects/AdvancedCombatDemo/Content/ACS_BP/Weapons/Bazooka/MI_Bazooka.uexp" 2023
"C:/Users/user/Documents/Unreal Projects/AdvancedCombatDemo/Content/ACS_BP/Weapons/Bazooka/Mesh/Bazooka_lepestok_l_2_002.ubulk" 2024
"C:/Users/user/Documents/Unreal Projects/AdvancedCombatDemo/Content/ACS_BP/Weapons/Bazooka/Mesh/Bazooka_lepestok_l_2_002.uasset" 2025
"C:/Users/user/Documents/Unreal Projects/AdvancedCombatDemo/Content/ACS_BP/Weapons/Bazooka/Mesh/Bazooka_lepestok_l_2_002.uexp" 2026
"C:/Users/user/Documents/Unreal Projects/AdvancedCombatDemo/Content/ACS_BP/Weapons/Bazooka/Mesh/Bazooka_lepestok_l_3_002.ubulk" 2027
"C:/Users/user/Documents/Unreal Projects/AdvancedCombatDemo/Content/ACS_BP/Weapons/Bazooka/Mesh/Bazooka_lepestok_l_3_002.uasset" 2028
"C:/Users/user/Documents/Unreal Projects/AdvancedCombatDemo/Content/ACS_BP/Weapons/Bazooka/Mesh/Bazooka_lepestok_l_3_002.uexp" 2029
"C:/Users/user/Documents/Unreal Projects/AdvancedCombatDemo/Content/ACS_BP/Weapons/Bazooka/Mesh/Bazooka_lepestok_l_1_002.ubulk" 2030
"C:/Users/user/Documents/Unreal Projects/AdvancedCombatDemo/Content/ACS_BP/Weapons/Bazooka/Mesh/Bazooka_lepestok_l_1_002.uasset" 2031
"C:/Users/user/Documents/Unreal Projects/AdvancedCombatDemo/Content/ACS_BP/Weapons/Bazooka/Mesh/Bazooka_lepestok_l_1_002.uexp" 2032
"../../../Engine/Content/VREditor/Sounds/UI/Teleport_Committed.ubulk" 2033
"../../../Engine/Content/VREditor/Sounds/UI/Teleport_Committed.uasset" 2034
"../../../Engine/Content/VREditor/Sounds/UI/Teleport_Committed.uexp" 2035
"C:/Users/user/Documents/Unreal Projects/AdvancedCombatDemo/Content/ACS_BP/Weapons/Bazooka/Mesh/Bazooka_raketa-krilo-1.ubulk" 2036
"C:/Users/user/Documents/Unreal Projects/AdvancedCombatDemo/Content/ACS_BP/Weapons/Bazooka/Mesh/Bazooka_raketa-krilo-1.uasset" 2037
"C:/Users/user/Documents/Unreal Projects/AdvancedCombatDemo/Content/ACS_BP/Weapons/Bazooka/Mesh/Bazooka_raketa-krilo-1.uexp" 2038
"C:/Users/user/Documents/Unreal Projects/AdvancedCombatDemo/Content/ACS_BP/Weapons/Bazooka/Mesh/Bazooka_raketa-krilo-3.ubulk" 2039
"C:/Users/user/Documents/Unreal Projects/AdvancedCombatDemo/Content/ACS_BP/Weapons/Bazooka/Mesh/Bazooka_raketa-krilo-3.uasset" 2040
"C:/Users/user/Documents/Unreal Projects/AdvancedCombatDemo/Content/ACS_BP/Weapons/Bazooka/Mesh/Bazooka_raketa-krilo-3.uexp" 2041
"C:/Users/user/Documents/Unreal Projects/AdvancedCombatDemo/Content/ACS_BP/Weapons/Bazooka/BI_BazookaBulletInitiation.uasset" 2042
"C:/Users/user/Documents/Unreal Projects/AdvancedCombatDemo/Content/ACS_BP/Weapons/Bazooka/BI_BazookaBulletInitiation.uexp" 2043
"C:/Users/user/Documents/Unreal Projects/AdvancedCombatDemo/Content/ACS_BP/Weapons/Bazooka/Mesh/Bazooka_raketa.ubulk" 2044
"C:/Users/user/Documents/Unreal Projects/AdvancedCombatDemo/Content/ACS_BP/Weapons/Bazooka/Mesh/Bazooka_raketa.uasset" 2045
"C:/Users/user/Documents/Unreal Projects/AdvancedCombatDemo/Content/ACS_BP/Weapons/Bazooka/Mesh/Bazooka_raketa.uexp" 2046
"C:/Users/user/Documents/Unreal Projects/AdvancedCombatDemo/Content/ACS_BP/Weapons/Bazooka/Mesh/Bazooka_raketa-krilo-4.ubulk" 2047
"C:/Users/user/Documents/Unreal Projects/AdvancedCombatDemo/Content/ACS_BP/Weapons/Bazooka/Mesh/Bazooka_raketa-krilo-4.uasset" 2048
"C:/Users/user/Documents/Unreal Projects/AdvancedCombatDemo/Content/ACS_BP/Weapons/Bazooka/Mesh/Bazooka_raketa-krilo-4.uexp" 2049
"C:/Users/user/Documents/Unreal Projects/AdvancedCombatDemo/Content/ACS_BP/Weapons/Bazooka/Mesh/Bazooka_raketa-krilo-2.ubulk" 2050
"C:/Users/user/Documents/Unreal Projects/AdvancedCombatDemo/Content/ACS_BP/Weapons/Bazooka/Mesh/Bazooka_raketa-krilo-2.uasset" 2051
"C:/Users/user/Documents/Unreal Projects/AdvancedCombatDemo/Content/ACS_BP/Weapons/Bazooka/Mesh/Bazooka_raketa-krilo-2.uexp" 2052
"C:/Users/user/Documents/Unreal Projects/AdvancedCombatDemo/Content/ACS_BP/Weapons/Bullets/BP_Missile_Bullet.uasset" 2053
"C:/Users/user/Documents/Unreal Projects/AdvancedCombatDemo/Content/ACS_BP/Weapons/Bullets/BP_Missile_Bullet.uexp" 2054
"C:/Users/user/Documents/Unreal Projects/AdvancedCombatDemo/Content/VFX/M_OverlayTargetPendent.uasset" 2055
"C:/Users/user/Documents/Unreal Projects/AdvancedCombatDemo/Content/VFX/M_OverlayTargetPendent.uexp" 2056
"C:/Users/user/Documents/Unreal Projects/AdvancedCombatDemo/Content/ACS_BP/Weapons/Bazooka/Mesh/Bazooka_Cylinder_018.ubulk" 2057
"C:/Users/user/Documents/Unreal Projects/AdvancedCombatDemo/Content/ACS_BP/Weapons/Bazooka/Mesh/Bazooka_Cylinder_018.uasset" 2058
"C:/Users/user/Documents/Unreal Projects/AdvancedCombatDemo/Content/ACS_BP/Weapons/Bazooka/Mesh/Bazooka_Cylinder_018.uexp" 2059
"C:/Users/user/Documents/Unreal Projects/AdvancedCombatDemo/Content/ACS_BP/Weapons/Bazooka/Mesh/Bazooka_Cube_003.ubulk" 2060
"C:/Users/user/Documents/Unreal Projects/AdvancedCombatDemo/Content/ACS_BP/Weapons/Bazooka/Mesh/Bazooka_Cube_003.uasset" 2061
"C:/Users/user/Documents/Unreal Projects/AdvancedCombatDemo/Content/ACS_BP/Weapons/Bazooka/Mesh/Bazooka_Cube_003.uexp" 2062
"C:/Users/user/Documents/Unreal Projects/AdvancedCombatDemo/Content/ACS_BP/VFX/Niagara/M_SimpleNiagara.uasset" 2063
"C:/Users/user/Documents/Unreal Projects/AdvancedCombatDemo/Content/ACS_BP/VFX/Niagara/M_SimpleNiagara.uexp" 2064
"C:/Users/user/Documents/Unreal Projects/AdvancedCombatDemo/Content/ACS_BP/VFX/Niagara/NS_Laser.uasset" 2065
"C:/Users/user/Documents/Unreal Projects/AdvancedCombatDemo/Content/ACS_BP/VFX/Niagara/NS_Laser.uexp" 2066
"C:/Users/user/Documents/Unreal Projects/AdvancedCombatDemo/Content/ACS_BP/Weapons/Bazooka/CS_Bazooka.uasset" 2067
"C:/Users/user/Documents/Unreal Projects/AdvancedCombatDemo/Content/ACS_BP/Weapons/Bazooka/CS_Bazooka.uexp" 2068
"C:/Users/user/Documents/Unreal Projects/AdvancedCombatDemo/Content/ACS_BP/Weapons/Bazooka/Mesh/Bazooka_Cube_002.ubulk" 2069
"C:/Users/user/Documents/Unreal Projects/AdvancedCombatDemo/Content/ACS_BP/Weapons/Bazooka/Mesh/Bazooka_Cube_002.uasset" 2070
"C:/Users/user/Documents/Unreal Projects/AdvancedCombatDemo/Content/ACS_BP/Weapons/Bazooka/Mesh/Bazooka_Cube_002.uexp" 2071
"C:/Users/user/Documents/Unreal Projects/AdvancedCombatDemo/Content/ACS_BP/Weapons/Bazooka/Mesh/Bazooka_pCube28.ubulk" 2072
"C:/Users/user/Documents/Unreal Projects/AdvancedCombatDemo/Content/ACS_BP/Weapons/Bazooka/Mesh/Bazooka_pCube28.uasset" 2073
"C:/Users/user/Documents/Unreal Projects/AdvancedCombatDemo/Content/ACS_BP/Weapons/Bazooka/Mesh/Bazooka_pCube28.uexp" 2074
"C:/Users/user/Documents/Unreal Projects/AdvancedCombatDemo/Content/ACS_BP/Weapons/Bazooka/Mesh/Bazooka_Cube_004.ubulk" 2075
"C:/Users/user/Documents/Unreal Projects/AdvancedCombatDemo/Content/ACS_BP/Weapons/Bazooka/Mesh/Bazooka_Cube_004.uasset" 2076
"C:/Users/user/Documents/Unreal Projects/AdvancedCombatDemo/Content/ACS_BP/Weapons/Bazooka/Mesh/Bazooka_Cube_004.uexp" 2077
"C:/Users/user/Documents/Unreal Projects/AdvancedCombatDemo/Content/ACS_BP/Weapons/Bazooka/Mesh/Bazooka_Cylinder_003.ubulk" 2078
"C:/Users/user/Documents/Unreal Projects/AdvancedCombatDemo/Content/ACS_BP/Weapons/Bazooka/Mesh/Bazooka_Cylinder_003.uasset" 2079
"C:/Users/user/Documents/Unreal Projects/AdvancedCombatDemo/Content/ACS_BP/Weapons/Bazooka/Mesh/Bazooka_Cylinder_003.uexp" 2080
"C:/Users/user/Documents/Unreal Projects/AdvancedCombatDemo/Content/ACS_BP/Weapons/Bazooka/Mesh/Bazooka_Cylinder.ubulk" 2081
"C:/Users/user/Documents/Unreal Projects/AdvancedCombatDemo/Content/ACS_BP/Weapons/Bazooka/Mesh/Bazooka_Cylinder.uasset" 2082
"C:/Users/user/Documents/Unreal Projects/AdvancedCombatDemo/Content/ACS_BP/Weapons/Bazooka/Mesh/Bazooka_Cylinder.uexp" 2083
"C:/Users/user/Documents/Unreal Projects/AdvancedCombatDemo/Content/ACS_BP/Weapons/Bazooka/Mesh/Bazooka_Cube_001.ubulk" 2084
"C:/Users/user/Documents/Unreal Projects/AdvancedCombatDemo/Content/ACS_BP/Weapons/Bazooka/Mesh/Bazooka_Cube_001.uasset" 2085
"C:/Users/user/Documents/Unreal Projects/AdvancedCombatDemo/Content/ACS_BP/Weapons/Bazooka/Mesh/Bazooka_Cube_001.uexp" 2086
"C:/Users/user/Documents/Unreal Projects/AdvancedCombatDemo/Content/ACS_BP/Weapons/Bazooka/Mesh/Bazooka_Cylinder_016.ubulk" 2087
"C:/Users/user/Documents/Unreal Projects/AdvancedCombatDemo/Content/ACS_BP/Weapons/Bazooka/Mesh/Bazooka_Cylinder_016.uasset" 2088
"C:/Users/user/Documents/Unreal Projects/AdvancedCombatDemo/Content/ACS_BP/Weapons/Bazooka/Mesh/Bazooka_Cylinder_016.uexp" 2089
"../../../Engine/Content/VREditor/Sounds/UI/Click_on_Button.ubulk" 2090
"../../../Engine/Content/VREditor/Sounds/UI/Click_on_Button.uasset" 2091
"../../../Engine/Content/VREditor/Sounds/UI/Click_on_Button.uexp" 2092
"../../../Engine/Content/VREditor/Sounds/UI/Click_on_Button_Cue.uasset" 2093
"../../../Engine/Content/VREditor/Sounds/UI/Click_on_Button_Cue.uexp" 2094
"C:/Users/user/Documents/Unreal Projects/AdvancedCombatDemo/Content/ACS_BP/Weapons/BP_WeaponFire.uasset" 2095
"C:/Users/user/Documents/Unreal Projects/AdvancedCombatDemo/Content/ACS_BP/Weapons/BP_WeaponFire.uexp" 2096
"C:/Users/user/Documents/Unreal Projects/AdvancedCombatDemo/Content/ACS_BP/Weapons/Bazooka/BazookaDamageArea.uasset" 2097
"C:/Users/user/Documents/Unreal Projects/AdvancedCombatDemo/Content/ACS_BP/Weapons/Bazooka/BazookaDamageArea.uexp" 2098
"C:/Users/user/Documents/Unreal Projects/AdvancedCombatDemo/Content/ACS_BP/Weapons/Bazooka/Mesh/Bazooka_Cylinder_017.ubulk" 2099
"C:/Users/user/Documents/Unreal Projects/AdvancedCombatDemo/Content/ACS_BP/Weapons/Bazooka/Mesh/Bazooka_Cylinder_017.uasset" 2100
"C:/Users/user/Documents/Unreal Projects/AdvancedCombatDemo/Content/ACS_BP/Weapons/Bazooka/Mesh/Bazooka_Cylinder_017.uexp" 2101
"C:/Users/user/Documents/Unreal Projects/AdvancedCombatDemo/Content/ACS_BP/Weapons/Bazooka/Mesh/Bazooka_Cylinder_013.ubulk" 2102
"C:/Users/user/Documents/Unreal Projects/AdvancedCombatDemo/Content/ACS_BP/Weapons/Bazooka/Mesh/Bazooka_Cylinder_013.uasset" 2103
"C:/Users/user/Documents/Unreal Projects/AdvancedCombatDemo/Content/ACS_BP/Weapons/Bazooka/Mesh/Bazooka_Cylinder_013.uexp" 2104
"C:/Users/user/Documents/Unreal Projects/AdvancedCombatDemo/Content/ACS_BP/Weapons/Bazooka/Mesh/Bazooka_Cylinder_005.ubulk" 2105
"C:/Users/user/Documents/Unreal Projects/AdvancedCombatDemo/Content/ACS_BP/Weapons/Bazooka/Mesh/Bazooka_Cylinder_005.uasset" 2106
"C:/Users/user/Documents/Unreal Projects/AdvancedCombatDemo/Content/ACS_BP/Weapons/Bazooka/Mesh/Bazooka_Cylinder_005.uexp" 2107
"C:/Users/user/Documents/Unreal Projects/AdvancedCombatDemo/Content/ACS_BP/Weapons/Bazooka/BazookaModSlots.uasset" 2108
"C:/Users/user/Documents/Unreal Projects/AdvancedCombatDemo/Content/ACS_BP/Weapons/Bazooka/BazookaModSlots.uexp" 2109
"C:/Users/user/Documents/Unreal Projects/AdvancedCombatDemo/Content/ACS_BP/Weapons/Bazooka/BazookaMagazine.uasset" 2110
"C:/Users/user/Documents/Unreal Projects/AdvancedCombatDemo/Content/ACS_BP/Weapons/Bazooka/BazookaMagazine.uexp" 2111
"C:/Users/user/Documents/Unreal Projects/AdvancedCombatDemo/Content/ACS_BP/Weapons/Bazooka/Mesh/Bazooka_Cube_006.ubulk" 2112
"C:/Users/user/Documents/Unreal Projects/AdvancedCombatDemo/Content/ACS_BP/Weapons/Bazooka/Mesh/Bazooka_Cube_006.uasset" 2113
"C:/Users/user/Documents/Unreal Projects/AdvancedCombatDemo/Content/ACS_BP/Weapons/Bazooka/Mesh/Bazooka_Cube_006.uexp" 2114
"C:/Users/user/Documents/Unreal Projects/AdvancedCombatDemo/Content/ACS_BP/Weapons/Bazooka/Mesh/Bazooka_plechevoy_upor.ubulk" 2115
"C:/Users/user/Documents/Unreal Projects/AdvancedCombatDemo/Content/ACS_BP/Weapons/Bazooka/Mesh/Bazooka_plechevoy_upor.uasset" 2116
"C:/Users/user/Documents/Unreal Projects/AdvancedCombatDemo/Content/ACS_BP/Weapons/Bazooka/Mesh/Bazooka_plechevoy_upor.uexp" 2117
"C:/Users/user/Documents/Unreal Projects/AdvancedCombatDemo/Content/ACS_BP/Weapons/Bazooka/Mesh/Bazooka_pikkatiny.ubulk" 2118
"C:/Users/user/Documents/Unreal Projects/AdvancedCombatDemo/Content/ACS_BP/Weapons/Bazooka/Mesh/Bazooka_pikkatiny.uasset" 2119
"C:/Users/user/Documents/Unreal Projects/AdvancedCombatDemo/Content/ACS_BP/Weapons/Bazooka/Mesh/Bazooka_pikkatiny.uexp" 2120
"C:/Users/user/Documents/Unreal Projects/AdvancedCombatDemo/Content/ACS_BP/Weapons/Bazooka/Mesh/Bazooka_Cube_014.ubulk" 2121
"C:/Users/user/Documents/Unreal Projects/AdvancedCombatDemo/Content/ACS_BP/Weapons/Bazooka/Mesh/Bazooka_Cube_014.uasset" 2122
"C:/Users/user/Documents/Unreal Projects/AdvancedCombatDemo/Content/ACS_BP/Weapons/Bazooka/Mesh/Bazooka_Cube_014.uexp" 2123
"C:/Users/user/Documents/Unreal Projects/AdvancedCombatDemo/Content/ACS_BP/Weapons/Bazooka/Mesh/Bazooka_Cylinder_002.ubulk" 2124
"C:/Users/user/Documents/Unreal Projects/AdvancedCombatDemo/Content/ACS_BP/Weapons/Bazooka/Mesh/Bazooka_Cylinder_002.uasset" 2125
"C:/Users/user/Documents/Unreal Projects/AdvancedCombatDemo/Content/ACS_BP/Weapons/Bazooka/Mesh/Bazooka_Cylinder_002.uexp" 2126
"C:/Users/user/Documents/Unreal Projects/AdvancedCombatDemo/Content/ACS_BP/Weapons/Bazooka/Mesh/Bazooka_BezierCurve_003.ubulk" 2127
"C:/Users/user/Documents/Unreal Projects/AdvancedCombatDemo/Content/ACS_BP/Weapons/Bazooka/Mesh/Bazooka_BezierCurve_003.uasset" 2128
"C:/Users/user/Documents/Unreal Projects/AdvancedCombatDemo/Content/ACS_BP/Weapons/Bazooka/Mesh/Bazooka_BezierCurve_003.uexp" 2129
"C:/Users/user/Documents/Unreal Projects/AdvancedCombatDemo/Content/ACS_BP/Weapons/Bazooka/Mesh/Bazooka_Cylinder_004.ubulk" 2130
"C:/Users/user/Documents/Unreal Projects/AdvancedCombatDemo/Content/ACS_BP/Weapons/Bazooka/Mesh/Bazooka_Cylinder_004.uasset" 2131
"C:/Users/user/Documents/Unreal Projects/AdvancedCombatDemo/Content/ACS_BP/Weapons/Bazooka/Mesh/Bazooka_Cylinder_004.uexp" 2132
"C:/Users/user/Documents/Unreal Projects/AdvancedCombatDemo/Content/ACS_BP/Weapons/Bazooka/BazookaMissileTypeMod.uasset" 2133
"C:/Users/user/Documents/Unreal Projects/AdvancedCombatDemo/Content/ACS_BP/Weapons/Bazooka/BazookaMissileTypeMod.uexp" 2134
"C:/Users/user/Documents/Unreal Projects/AdvancedCombatDemo/Content/ACS_BP/Weapons/Bazooka/Mesh/Bazooka_BezierCurve_005.ubulk" 2135
"C:/Users/user/Documents/Unreal Projects/AdvancedCombatDemo/Content/ACS_BP/Weapons/Bazooka/Mesh/Bazooka_BezierCurve_005.uasset" 2136
"C:/Users/user/Documents/Unreal Projects/AdvancedCombatDemo/Content/ACS_BP/Weapons/Bazooka/Mesh/Bazooka_BezierCurve_005.uexp" 2137
"C:/Users/user/Documents/Unreal Projects/AdvancedCombatDemo/Content/ACS_BP/Weapons/Bazooka/Mesh/Bazooka_Cylinder_001.ubulk" 2138
"C:/Users/user/Documents/Unreal Projects/AdvancedCombatDemo/Content/ACS_BP/Weapons/Bazooka/Mesh/Bazooka_Cylinder_001.uasset" 2139
"C:/Users/user/Documents/Unreal Projects/AdvancedCombatDemo/Content/ACS_BP/Weapons/Bazooka/Mesh/Bazooka_Cylinder_001.uexp" 2140
"C:/Users/user/Documents/Unreal Projects/AdvancedCombatDemo/Content/ACS_BP/Weapons/Bazooka/Mesh/Bazooka_Cube_005.ubulk" 2141
"C:/Users/user/Documents/Unreal Projects/AdvancedCombatDemo/Content/ACS_BP/Weapons/Bazooka/Mesh/Bazooka_Cube_005.uasset" 2142
"C:/Users/user/Documents/Unreal Projects/AdvancedCombatDemo/Content/ACS_BP/Weapons/Bazooka/Mesh/Bazooka_Cube_005.uexp" 2143
"C:/Users/user/Documents/Unreal Projects/AdvancedCombatDemo/Content/ACS_BP/Weapons/Bazooka/Mesh/Bazooka_BezierCurve_004.ubulk" 2144
"C:/Users/user/Documents/Unreal Projects/AdvancedCombatDemo/Content/ACS_BP/Weapons/Bazooka/Mesh/Bazooka_BezierCurve_004.uasset" 2145
"C:/Users/user/Documents/Unreal Projects/AdvancedCombatDemo/Content/ACS_BP/Weapons/Bazooka/Mesh/Bazooka_BezierCurve_004.uexp" 2146
"C:/Users/user/Documents/Unreal Projects/AdvancedCombatDemo/Content/ACS_BP/Weapons/Bazooka/BP_Bazooka.uasset" 2147
"C:/Users/user/Documents/Unreal Projects/AdvancedCombatDemo/Content/ACS_BP/Weapons/Bazooka/BP_Bazooka.uexp" 2148
"C:/Users/user/Documents/Unreal Projects/AdvancedCombatDemo/Content/ACS_BP/Weapons/BaseballBat/BatBodies.uasset" 2149
"C:/Users/user/Documents/Unreal Projects/AdvancedCombatDemo/Content/ACS_BP/Weapons/BaseballBat/BatBodies.uexp" 2150
"C:/Users/user/Documents/Unreal Projects/AdvancedCombatDemo/Content/ACS_BP/Weapons/BaseballBat/BatModSlots.uasset" 2151
"C:/Users/user/Documents/Unreal Projects/AdvancedCombatDemo/Content/ACS_BP/Weapons/BaseballBat/BatModSlots.uexp" 2152
"C:/Users/user/Documents/Unreal Projects/AdvancedCombatDemo/Content/ACS_BP/Weapons/BaseballBat/BasebalBat.uasset" 2153
"C:/Users/user/Documents/Unreal Projects/AdvancedCombatDemo/Content/ACS_BP/Weapons/BaseballBat/BasebalBat.uexp" 2154
"C:/Users/user/Documents/Unreal Projects/AdvancedCombatDemo/Content/ACS_BP/Weapons/BaseballBat/Meshes/Normal/NormalBat.ubulk" 2155
"C:/Users/user/Documents/Unreal Projects/AdvancedCombatDemo/Content/ACS_BP/Weapons/BaseballBat/Meshes/Normal/NormalBat.uasset" 2156
"C:/Users/user/Documents/Unreal Projects/AdvancedCombatDemo/Content/ACS_BP/Weapons/BaseballBat/Meshes/Normal/NormalBat.uexp" 2157
"C:/Users/user/Documents/Unreal Projects/AdvancedCombatDemo/Content/ACS_BP/Weapons/BaseballBat/Meshes/Saw/Textures/baseball_bat_1001_BaseColor.ubulk" 2158
"C:/Users/user/Documents/Unreal Projects/AdvancedCombatDemo/Content/ACS_BP/Weapons/BaseballBat/Meshes/Saw/Textures/baseball_bat_1001_BaseColor.uasset" 2159
"C:/Users/user/Documents/Unreal Projects/AdvancedCombatDemo/Content/ACS_BP/Weapons/BaseballBat/Meshes/Saw/Textures/baseball_bat_1001_BaseColor.uexp" 2160
"C:/Users/user/Documents/Unreal Projects/AdvancedCombatDemo/Content/ACS_BP/Weapons/BaseballBat/Meshes/Saw/Textures/baseball_bat_1001_Roughness.ubulk" 2161
"C:/Users/user/Documents/Unreal Projects/AdvancedCombatDemo/Content/ACS_BP/Weapons/BaseballBat/Meshes/Saw/Textures/baseball_bat_1001_Roughness.uasset" 2162
"C:/Users/user/Documents/Unreal Projects/AdvancedCombatDemo/Content/ACS_BP/Weapons/BaseballBat/Meshes/Saw/Textures/baseball_bat_1001_Roughness.uexp" 2163
"C:/Users/user/Documents/Unreal Projects/AdvancedCombatDemo/Content/ACS_BP/Weapons/BaseballBat/Meshes/Saw/Textures/baseball_bat_1001_Normal.ubulk" 2164
"C:/Users/user/Documents/Unreal Projects/AdvancedCombatDemo/Content/ACS_BP/Weapons/BaseballBat/Meshes/Saw/Textures/baseball_bat_1001_Normal.uasset" 2165
"C:/Users/user/Documents/Unreal Projects/AdvancedCombatDemo/Content/ACS_BP/Weapons/BaseballBat/Meshes/Saw/Textures/baseball_bat_1001_Normal.uexp" 2166
"C:/Users/user/Documents/Unreal Projects/AdvancedCombatDemo/Content/ACS_BP/Weapons/BaseballBat/Meshes/Saw/Textures/baseball_bat_1001_Metallic.ubulk" 2167
"C:/Users/user/Documents/Unreal Projects/AdvancedCombatDemo/Content/ACS_BP/Weapons/BaseballBat/Meshes/Saw/Textures/baseball_bat_1001_Metallic.uasset" 2168
"C:/Users/user/Documents/Unreal Projects/AdvancedCombatDemo/Content/ACS_BP/Weapons/BaseballBat/Meshes/Saw/Textures/baseball_bat_1001_Metallic.uexp" 2169
"C:/Users/user/Documents/Unreal Projects/AdvancedCombatDemo/Content/ACS_BP/Weapons/BaseballBat/Meshes/Saw/MI_Saw.uasset" 2170
"C:/Users/user/Documents/Unreal Projects/AdvancedCombatDemo/Content/ACS_BP/Weapons/BaseballBat/Meshes/Saw/MI_Saw.uexp" 2171
"C:/Users/user/Documents/Unreal Projects/AdvancedCombatDemo/Content/ACS_BP/Weapons/BaseballBat/Meshes/Saw/Saw.ubulk" 2172
"C:/Users/user/Documents/Unreal Projects/AdvancedCombatDemo/Content/ACS_BP/Weapons/BaseballBat/Meshes/Saw/Saw.uasset" 2173
"C:/Users/user/Documents/Unreal Projects/AdvancedCombatDemo/Content/ACS_BP/Weapons/BaseballBat/Meshes/Saw/Saw.uexp" 2174
"C:/Users/user/Documents/Unreal Projects/AdvancedCombatDemo/Content/ACS_BP/Weapons/BaseballBat/Meshes/Nails/Textures/BaseBallBat_Metallic.ubulk" 2175
"C:/Users/user/Documents/Unreal Projects/AdvancedCombatDemo/Content/ACS_BP/Weapons/BaseballBat/Meshes/Nails/Textures/BaseBallBat_Metallic.uasset" 2176
"C:/Users/user/Documents/Unreal Projects/AdvancedCombatDemo/Content/ACS_BP/Weapons/BaseballBat/Meshes/Nails/Textures/BaseBallBat_Metallic.uexp" 2177
"C:/Users/user/Documents/Unreal Projects/AdvancedCombatDemo/Content/ACS_BP/Weapons/BaseballBat/Meshes/Nails/Textures/BaseBallBat_Normal.ubulk" 2178
"C:/Users/user/Documents/Unreal Projects/AdvancedCombatDemo/Content/ACS_BP/Weapons/BaseballBat/Meshes/Nails/Textures/BaseBallBat_Normal.uasset" 2179
"C:/Users/user/Documents/Unreal Projects/AdvancedCombatDemo/Content/ACS_BP/Weapons/BaseballBat/Meshes/Nails/Textures/BaseBallBat_Normal.uexp" 2180
"C:/Users/user/Documents/Unreal Projects/AdvancedCombatDemo/Content/ACS_BP/Weapons/BaseballBat/Meshes/Nails/Textures/BaseBallBat_Albedo.ubulk" 2181
"C:/Users/user/Documents/Unreal Projects/AdvancedCombatDemo/Content/ACS_BP/Weapons/BaseballBat/Meshes/Nails/Textures/BaseBallBat_Albedo.uasset" 2182
"C:/Users/user/Documents/Unreal Projects/AdvancedCombatDemo/Content/ACS_BP/Weapons/BaseballBat/Meshes/Nails/Textures/BaseBallBat_Albedo.uexp" 2183
"C:/Users/user/Documents/Unreal Projects/AdvancedCombatDemo/Content/ACS_BP/Weapons/BaseballBat/Meshes/Nails/Textures/BaseBallBat_Roughness.ubulk" 2184
"C:/Users/user/Documents/Unreal Projects/AdvancedCombatDemo/Content/ACS_BP/Weapons/BaseballBat/Meshes/Nails/Textures/BaseBallBat_Roughness.uasset" 2185
"C:/Users/user/Documents/Unreal Projects/AdvancedCombatDemo/Content/ACS_BP/Weapons/BaseballBat/Meshes/Nails/Textures/BaseBallBat_Roughness.uexp" 2186
"C:/Users/user/Documents/Unreal Projects/AdvancedCombatDemo/Content/ACS_BP/Weapons/BaseballBat/Meshes/Nails/Textures/BaseBallBat_AO.ubulk" 2187
"C:/Users/user/Documents/Unreal Projects/AdvancedCombatDemo/Content/ACS_BP/Weapons/BaseballBat/Meshes/Nails/Textures/BaseBallBat_AO.uasset" 2188
"C:/Users/user/Documents/Unreal Projects/AdvancedCombatDemo/Content/ACS_BP/Weapons/BaseballBat/Meshes/Nails/Textures/BaseBallBat_AO.uexp" 2189
"C:/Users/user/Documents/Unreal Projects/AdvancedCombatDemo/Content/ACS_BP/Weapons/BaseballBat/Meshes/Nails/MI_Nails.uasset" 2190
"C:/Users/user/Documents/Unreal Projects/AdvancedCombatDemo/Content/ACS_BP/Weapons/BaseballBat/Meshes/Nails/MI_Nails.uexp" 2191
"C:/Users/user/Documents/Unreal Projects/AdvancedCombatDemo/Content/ACS_BP/Weapons/BaseballBat/Meshes/Nails/Nails.ubulk" 2192
"C:/Users/user/Documents/Unreal Projects/AdvancedCombatDemo/Content/ACS_BP/Weapons/BaseballBat/Meshes/Nails/Nails.uasset" 2193
"C:/Users/user/Documents/Unreal Projects/AdvancedCombatDemo/Content/ACS_BP/Weapons/BaseballBat/Meshes/Nails/Nails.uexp" 2194
"C:/Users/user/Documents/Unreal Projects/AdvancedCombatDemo/Content/ACS_BP/Weapons/BaseballBat/BatGrips.uasset" 2195
"C:/Users/user/Documents/Unreal Projects/AdvancedCombatDemo/Content/ACS_BP/Weapons/BaseballBat/BatGrips.uexp" 2196
"C:/Users/user/Documents/Unreal Projects/AdvancedCombatDemo/Content/ACS_BP/Weapons/BP_WeaponMelee.uasset" 2197
"C:/Users/user/Documents/Unreal Projects/AdvancedCombatDemo/Content/ACS_BP/Weapons/BP_WeaponMelee.uexp" 2198
"C:/Users/user/Documents/Unreal Projects/AdvancedCombatDemo/Content/ACS_BP/Weapons/BaseballBat/BP_BaseballBat.uasset" 2199
"C:/Users/user/Documents/Unreal Projects/AdvancedCombatDemo/Content/ACS_BP/Weapons/BaseballBat/BP_BaseballBat.uexp" 2200
"../../../Engine/Content/BasicShapes/Cube.ubulk" 2201
"../../../Engine/Content/BasicShapes/Cube.uasset" 2202
"../../../Engine/Content/BasicShapes/Cube.uexp" 2203
"C:/Users/user/Documents/Unreal Projects/AdvancedCombatDemo/Content/ACS_BP/Weapons/WeaponHelpers.uasset" 2204
"C:/Users/user/Documents/Unreal Projects/AdvancedCombatDemo/Content/ACS_BP/Weapons/WeaponHelpers.uexp" 2205
"../../../Engine/Content/EngineLightProfiles/NarrowComplex_IES.uasset" 2206
"../../../Engine/Content/EngineLightProfiles/NarrowComplex_IES.uexp" 2207
"C:/Users/user/Documents/Unreal Projects/AdvancedCombatDemo/Content/ACS_BP/Weapons/Shotgun/CS_Shotgun.uasset" 2208
"C:/Users/user/Documents/Unreal Projects/AdvancedCombatDemo/Content/ACS_BP/Weapons/Shotgun/CS_Shotgun.uexp" 2209
"C:/Users/user/Documents/Unreal Projects/AdvancedCombatDemo/Content/ACS_BP/Weapons/Shotgun/ShotgunCannon.uasset" 2210
"C:/Users/user/Documents/Unreal Projects/AdvancedCombatDemo/Content/ACS_BP/Weapons/Shotgun/ShotgunCannon.uexp" 2211
"C:/Users/user/Documents/Unreal Projects/AdvancedCombatDemo/Content/Weapons/Shotgun/Texture/T_Shotgun_AORM.ubulk" 2212
"C:/Users/user/Documents/Unreal Projects/AdvancedCombatDemo/Content/Weapons/Shotgun/Texture/T_Shotgun_AORM.uasset" 2213
"C:/Users/user/Documents/Unreal Projects/AdvancedCombatDemo/Content/Weapons/Shotgun/Texture/T_Shotgun_AORM.uexp" 2214
"C:/Users/user/Documents/Unreal Projects/AdvancedCombatDemo/Content/Weapons/Generic/Textures/T_Weapon_AORM.uasset" 2215
"C:/Users/user/Documents/Unreal Projects/AdvancedCombatDemo/Content/Weapons/Generic/Textures/T_Weapon_AORM.uexp" 2216
"C:/Users/user/Documents/Unreal Projects/AdvancedCombatDemo/Content/Weapons/Generic/Textures/T_Weapon_D.uasset" 2217
"C:/Users/user/Documents/Unreal Projects/AdvancedCombatDemo/Content/Weapons/Generic/Textures/T_Weapon_D.uexp" 2218
"C:/Users/user/Documents/Unreal Projects/AdvancedCombatDemo/Content/Weapons/Generic/Textures/T_Weapon_Mask.uasset" 2219
"C:/Users/user/Documents/Unreal Projects/AdvancedCombatDemo/Content/Weapons/Generic/Textures/T_Weapon_Mask.uexp" 2220
"C:/Users/user/Documents/Unreal Projects/AdvancedCombatDemo/Content/Weapons/Generic/Textures/T_Weapon_N.uasset" 2221
"C:/Users/user/Documents/Unreal Projects/AdvancedCombatDemo/Content/Weapons/Generic/Textures/T_Weapon_N.uexp" 2222
"C:/Users/user/Documents/Unreal Projects/AdvancedCombatDemo/Content/Weapons/Generic/Materials/M_Weapon.uasset" 2223
"C:/Users/user/Documents/Unreal Projects/AdvancedCombatDemo/Content/Weapons/Generic/Materials/M_Weapon.uexp" 2224
"C:/Users/user/Documents/Unreal Projects/AdvancedCombatDemo/Content/Weapons/Shotgun/Texture/T_Shotgun_Mask.ubulk" 2225
"C:/Users/user/Documents/Unreal Projects/AdvancedCombatDemo/Content/Weapons/Shotgun/Texture/T_Shotgun_Mask.uasset" 2226
"C:/Users/user/Documents/Unreal Projects/AdvancedCombatDemo/Content/Weapons/Shotgun/Texture/T_Shotgun_Mask.uexp" 2227
"C:/Users/user/Documents/Unreal Projects/AdvancedCombatDemo/Content/Weapons/Shotgun/Texture/T_shotgun_N.ubulk" 2228
"C:/Users/user/Documents/Unreal Projects/AdvancedCombatDemo/Content/Weapons/Shotgun/Texture/T_shotgun_N.uasset" 2229
"C:/Users/user/Documents/Unreal Projects/AdvancedCombatDemo/Content/Weapons/Shotgun/Texture/T_shotgun_N.uexp" 2230
"C:/Users/user/Documents/Unreal Projects/AdvancedCombatDemo/Content/Weapons/Shotgun/Texture/T_Shotgun_D.ubulk" 2231
"C:/Users/user/Documents/Unreal Projects/AdvancedCombatDemo/Content/Weapons/Shotgun/Texture/T_Shotgun_D.uasset" 2232
"C:/Users/user/Documents/Unreal Projects/AdvancedCombatDemo/Content/Weapons/Shotgun/Texture/T_Shotgun_D.uexp" 2233
"C:/Users/user/Documents/Unreal Projects/AdvancedCombatDemo/Content/Weapons/Shotgun/Materials/MI_Weapon_Shotgun.uasset" 2234
"C:/Users/user/Documents/Unreal Projects/AdvancedCombatDemo/Content/Weapons/Shotgun/Materials/MI_Weapon_Shotgun.uexp" 2235
"C:/Users/user/Documents/Unreal Projects/AdvancedCombatDemo/Content/Weapons/Shotgun/Mesh/SK_Shotgun_PhysicsAsset.uasset" 2236
"C:/Users/user/Documents/Unreal Projects/AdvancedCombatDemo/Content/Weapons/Shotgun/Mesh/SK_Shotgun_PhysicsAsset.uexp" 2237
"C:/Users/user/Documents/Unreal Projects/AdvancedCombatDemo/Content/Weapons/Shotgun/Mesh/SKM_Shotgun.uasset" 2238
"C:/Users/user/Documents/Unreal Projects/AdvancedCombatDemo/Content/Weapons/Shotgun/Mesh/SKM_Shotgun.uexp" 2239
"../../../Engine/Content/BasicShapes/BasicShapeMaterial.uasset" 2240
"../../../Engine/Content/BasicShapes/BasicShapeMaterial.uexp" 2241
"C:/Users/user/Documents/Unreal Projects/AdvancedCombatDemo/Content/ACS_BP/Weapons/Shotgun/ShotgunMagazine.uasset" 2242
"C:/Users/user/Documents/Unreal Projects/AdvancedCombatDemo/Content/ACS_BP/Weapons/Shotgun/ShotgunMagazine.uexp" 2243
"C:/Users/user/Documents/Unreal Projects/AdvancedCombatDemo/Content/ACS_BP/Weapons/Shotgun/ShotgunModSlots.uasset" 2244
"C:/Users/user/Documents/Unreal Projects/AdvancedCombatDemo/Content/ACS_BP/Weapons/Shotgun/ShotgunModSlots.uexp" 2245
"C:/Users/user/Documents/Unreal Projects/AdvancedCombatDemo/Content/ACS_BP/Weapons/Shotgun/BP_Shotgun.uasset" 2246
"C:/Users/user/Documents/Unreal Projects/AdvancedCombatDemo/Content/ACS_BP/Weapons/Shotgun/BP_Shotgun.uexp" 2247
"C:/Users/user/Documents/Unreal Projects/AdvancedCombatDemo/Content/ACS_BP/Weapons/Rifle/CS_RifleAssault.uasset" 2248
"C:/Users/user/Documents/Unreal Projects/AdvancedCombatDemo/Content/ACS_BP/Weapons/Rifle/CS_RifleAssault.uexp" 2249
"C:/Users/user/Documents/Unreal Projects/AdvancedCombatDemo/Content/ACS_BP/Weapons/Rifle/CS_RifleSniper.uasset" 2250
"C:/Users/user/Documents/Unreal Projects/AdvancedCombatDemo/Content/ACS_BP/Weapons/Rifle/CS_RifleSniper.uexp" 2251
"C:/Users/user/Documents/Unreal Projects/AdvancedCombatDemo/Content/ACS_BP/Weapons/Rifle/RifleModSlots.uasset" 2252
"C:/Users/user/Documents/Unreal Projects/AdvancedCombatDemo/Content/ACS_BP/Weapons/Rifle/RifleModSlots.uexp" 2253
"C:/Users/user/Documents/Unreal Projects/AdvancedCombatDemo/Content/Weapons/Rifle/Textures/T_Rifle_Masks.ubulk" 2254
"C:/Users/user/Documents/Unreal Projects/AdvancedCombatDemo/Content/Weapons/Rifle/Textures/T_Rifle_Masks.uasset" 2255
"C:/Users/user/Documents/Unreal Projects/AdvancedCombatDemo/Content/Weapons/Rifle/Textures/T_Rifle_Masks.uexp" 2256
"C:/Users/user/Documents/Unreal Projects/AdvancedCombatDemo/Content/Weapons/Rifle/Textures/T_Rifle_Combined_N.ubulk" 2257
"C:/Users/user/Documents/Unreal Projects/AdvancedCombatDemo/Content/Weapons/Rifle/Textures/T_Rifle_Combined_N.uasset" 2258
"C:/Users/user/Documents/Unreal Projects/AdvancedCombatDemo/Content/Weapons/Rifle/Textures/T_Rifle_Combined_N.uexp" 2259
"C:/Users/user/Documents/Unreal Projects/AdvancedCombatDemo/Content/Weapons/Rifle/Textures/T_Rifle_AORM.ubulk" 2260
"C:/Users/user/Documents/Unreal Projects/AdvancedCombatDemo/Content/Weapons/Rifle/Textures/T_Rifle_AORM.uasset" 2261
"C:/Users/user/Documents/Unreal Projects/AdvancedCombatDemo/Content/Weapons/Rifle/Textures/T_Rifle_AORM.uexp" 2262
"C:/Users/user/Documents/Unreal Projects/AdvancedCombatDemo/Content/Weapons/Rifle/Textures/T_Rifle_D.ubulk" 2263
"C:/Users/user/Documents/Unreal Projects/AdvancedCombatDemo/Content/Weapons/Rifle/Textures/T_Rifle_D.uasset" 2264
"C:/Users/user/Documents/Unreal Projects/AdvancedCombatDemo/Content/Weapons/Rifle/Textures/T_Rifle_D.uexp" 2265
"C:/Users/user/Documents/Unreal Projects/AdvancedCombatDemo/Content/Weapons/Rifle/Materials/MI_Weapon_Rifle.uasset" 2266
"C:/Users/user/Documents/Unreal Projects/AdvancedCombatDemo/Content/Weapons/Rifle/Materials/MI_Weapon_Rifle.uexp" 2267
"C:/Users/user/Documents/Unreal Projects/AdvancedCombatDemo/Content/Weapons/Rifle/Mesh/SK_Rifle_PhysicsAsset.uasset" 2268
"C:/Users/user/Documents/Unreal Projects/AdvancedCombatDemo/Content/Weapons/Rifle/Mesh/SK_Rifle_PhysicsAsset.uexp" 2269
"C:/Users/user/Documents/Unreal Projects/AdvancedCombatDemo/Content/Weapons/Rifle/Mesh/SK_Rifle.uasset" 2270
"C:/Users/user/Documents/Unreal Projects/AdvancedCombatDemo/Content/Weapons/Rifle/Mesh/SK_Rifle.uexp" 2271
"C:/Users/user/Documents/Unreal Projects/AdvancedCombatDemo/Content/ACS_BP/Weapons/Rifle/RifleScope.uasset" 2272
"C:/Users/user/Documents/Unreal Projects/AdvancedCombatDemo/Content/ACS_BP/Weapons/Rifle/RifleScope.uexp" 2273
"C:/Users/user/Documents/Unreal Projects/AdvancedCombatDemo/Content/ACS_BP/Weapons/Rifle/Iron_Texture/IRONSIGHTS_SIGHTS_METALLIC.ubulk" 2274
"C:/Users/user/Documents/Unreal Projects/AdvancedCombatDemo/Content/ACS_BP/Weapons/Rifle/Iron_Texture/IRONSIGHTS_SIGHTS_METALLIC.uasset" 2275
"C:/Users/user/Documents/Unreal Projects/AdvancedCombatDemo/Content/ACS_BP/Weapons/Rifle/Iron_Texture/IRONSIGHTS_SIGHTS_METALLIC.uexp" 2276
"C:/Users/user/Documents/Unreal Projects/AdvancedCombatDemo/Content/ACS_BP/Weapons/Rifle/Iron_Texture/IRONSIGHTS_SIGHTS_OPACITY.ubulk" 2277
"C:/Users/user/Documents/Unreal Projects/AdvancedCombatDemo/Content/ACS_BP/Weapons/Rifle/Iron_Texture/IRONSIGHTS_SIGHTS_OPACITY.uasset" 2278
"C:/Users/user/Documents/Unreal Projects/AdvancedCombatDemo/Content/ACS_BP/Weapons/Rifle/Iron_Texture/IRONSIGHTS_SIGHTS_OPACITY.uexp" 2279
"C:/Users/user/Documents/Unreal Projects/AdvancedCombatDemo/Content/ACS_BP/Weapons/Rifle/Iron_Texture/IRONSIGHTS_SIGHTS_EMISSION.ubulk" 2280
"C:/Users/user/Documents/Unreal Projects/AdvancedCombatDemo/Content/ACS_BP/Weapons/Rifle/Iron_Texture/IRONSIGHTS_SIGHTS_EMISSION.uasset" 2281
"C:/Users/user/Documents/Unreal Projects/AdvancedCombatDemo/Content/ACS_BP/Weapons/Rifle/Iron_Texture/IRONSIGHTS_SIGHTS_EMISSION.uexp" 2282
"C:/Users/user/Documents/Unreal Projects/AdvancedCombatDemo/Content/ACS_BP/Weapons/Rifle/Iron_Texture/IRONSIGHTS_SIGHTS_AO.ubulk" 2283
"C:/Users/user/Documents/Unreal Projects/AdvancedCombatDemo/Content/ACS_BP/Weapons/Rifle/Iron_Texture/IRONSIGHTS_SIGHTS_AO.uasset" 2284
"C:/Users/user/Documents/Unreal Projects/AdvancedCombatDemo/Content/ACS_BP/Weapons/Rifle/Iron_Texture/IRONSIGHTS_SIGHTS_AO.uexp" 2285
"C:/Users/user/Documents/Unreal Projects/AdvancedCombatDemo/Content/ACS_BP/Weapons/Rifle/Iron_Texture/SIGHTS_SIGHTS_ALBEDO.ubulk" 2286
"C:/Users/user/Documents/Unreal Projects/AdvancedCombatDemo/Content/ACS_BP/Weapons/Rifle/Iron_Texture/SIGHTS_SIGHTS_ALBEDO.uasset" 2287
"C:/Users/user/Documents/Unreal Projects/AdvancedCombatDemo/Content/ACS_BP/Weapons/Rifle/Iron_Texture/SIGHTS_SIGHTS_ALBEDO.uexp" 2288
"C:/Users/user/Documents/Unreal Projects/AdvancedCombatDemo/Content/ACS_BP/Weapons/Rifle/Iron_Texture/IRONSIGHTS_SIGHTS_NORMAL.ubulk" 2289
"C:/Users/user/Documents/Unreal Projects/AdvancedCombatDemo/Content/ACS_BP/Weapons/Rifle/Iron_Texture/IRONSIGHTS_SIGHTS_NORMAL.uasset" 2290
"C:/Users/user/Documents/Unreal Projects/AdvancedCombatDemo/Content/ACS_BP/Weapons/Rifle/Iron_Texture/IRONSIGHTS_SIGHTS_NORMAL.uexp" 2291
"C:/Users/user/Documents/Unreal Projects/AdvancedCombatDemo/Content/ACS_BP/Weapons/Rifle/Iron_Texture/IRONSIGHTS_SIGHTS_ROUGNESS.ubulk" 2292
"C:/Users/user/Documents/Unreal Projects/AdvancedCombatDemo/Content/ACS_BP/Weapons/Rifle/Iron_Texture/IRONSIGHTS_SIGHTS_ROUGNESS.uasset" 2293
"C:/Users/user/Documents/Unreal Projects/AdvancedCombatDemo/Content/ACS_BP/Weapons/Rifle/Iron_Texture/IRONSIGHTS_SIGHTS_ROUGNESS.uexp" 2294
"C:/Users/user/Documents/Unreal Projects/AdvancedCombatDemo/Content/ACS_BP/Weapons/Rifle/MI_Iron.uasset" 2295
"C:/Users/user/Documents/Unreal Projects/AdvancedCombatDemo/Content/ACS_BP/Weapons/Rifle/MI_Iron.uexp" 2296
"C:/Users/user/Documents/Unreal Projects/AdvancedCombatDemo/Content/ACS_BP/Weapons/Rifle/IRONSIGHTS.ubulk" 2297
"C:/Users/user/Documents/Unreal Projects/AdvancedCombatDemo/Content/ACS_BP/Weapons/Rifle/IRONSIGHTS.uasset" 2298
"C:/Users/user/Documents/Unreal Projects/AdvancedCombatDemo/Content/ACS_BP/Weapons/Rifle/IRONSIGHTS.uexp" 2299
"C:/Users/user/Documents/Unreal Projects/AdvancedCombatDemo/Content/ACS_BP/Weapons/Rifle/Scope_Textures/Lens_Normal.ubulk" 2300
"C:/Users/user/Documents/Unreal Projects/AdvancedCombatDemo/Content/ACS_BP/Weapons/Rifle/Scope_Textures/Lens_Normal.uasset" 2301
"C:/Users/user/Documents/Unreal Projects/AdvancedCombatDemo/Content/ACS_BP/Weapons/Rifle/Scope_Textures/Lens_Normal.uexp" 2302
"C:/Users/user/Documents/Unreal Projects/AdvancedCombatDemo/Content/ACS_BP/Weapons/Rifle/Scope_Textures/Lens_AlbedoTransparency.ubulk" 2303
"C:/Users/user/Documents/Unreal Projects/AdvancedCombatDemo/Content/ACS_BP/Weapons/Rifle/Scope_Textures/Lens_AlbedoTransparency.uasset" 2304
"C:/Users/user/Documents/Unreal Projects/AdvancedCombatDemo/Content/ACS_BP/Weapons/Rifle/Scope_Textures/Lens_AlbedoTransparency.uexp" 2305
"C:/Users/user/Documents/Unreal Projects/AdvancedCombatDemo/Content/ACS_BP/Weapons/Rifle/Scope_Textures/Lens_Metallic.ubulk" 2306
"C:/Users/user/Documents/Unreal Projects/AdvancedCombatDemo/Content/ACS_BP/Weapons/Rifle/Scope_Textures/Lens_Metallic.uasset" 2307
"C:/Users/user/Documents/Unreal Projects/AdvancedCombatDemo/Content/ACS_BP/Weapons/Rifle/Scope_Textures/Lens_Metallic.uexp" 2308
"C:/Users/user/Documents/Unreal Projects/AdvancedCombatDemo/Content/ACS_BP/Weapons/Rifle/Scope_Textures/Lens_Roughness.ubulk" 2309
"C:/Users/user/Documents/Unreal Projects/AdvancedCombatDemo/Content/ACS_BP/Weapons/Rifle/Scope_Textures/Lens_Roughness.uasset" 2310
"C:/Users/user/Documents/Unreal Projects/AdvancedCombatDemo/Content/ACS_BP/Weapons/Rifle/Scope_Textures/Lens_Roughness.uexp" 2311
"C:/Users/user/Documents/Unreal Projects/AdvancedCombatDemo/Content/ACS_BP/Weapons/Rifle/Scope_Textures/internal_ground_ao_texture.ubulk" 2312
"C:/Users/user/Documents/Unreal Projects/AdvancedCombatDemo/Content/ACS_BP/Weapons/Rifle/Scope_Textures/internal_ground_ao_texture.uasset" 2313
"C:/Users/user/Documents/Unreal Projects/AdvancedCombatDemo/Content/ACS_BP/Weapons/Rifle/Scope_Textures/internal_ground_ao_texture.uexp" 2314
"C:/Users/user/Documents/Unreal Projects/AdvancedCombatDemo/Content/ACS_BP/Weapons/Rifle/MI_Scope_Lens.uasset" 2315
"C:/Users/user/Documents/Unreal Projects/AdvancedCombatDemo/Content/ACS_BP/Weapons/Rifle/MI_Scope_Lens.uexp" 2316
"C:/Users/user/Documents/Unreal Projects/AdvancedCombatDemo/Content/ACS_BP/Weapons/Rifle/Scope_Textures/k98Scope_AO.ubulk" 2317
"C:/Users/user/Documents/Unreal Projects/AdvancedCombatDemo/Content/ACS_BP/Weapons/Rifle/Scope_Textures/k98Scope_AO.uasset" 2318
"C:/Users/user/Documents/Unreal Projects/AdvancedCombatDemo/Content/ACS_BP/Weapons/Rifle/Scope_Textures/k98Scope_AO.uexp" 2319
"C:/Users/user/Documents/Unreal Projects/AdvancedCombatDemo/Content/ACS_BP/Weapons/Rifle/Scope_Textures/k98Scope_Normal.ubulk" 2320
"C:/Users/user/Documents/Unreal Projects/AdvancedCombatDemo/Content/ACS_BP/Weapons/Rifle/Scope_Textures/k98Scope_Normal.uasset" 2321
"C:/Users/user/Documents/Unreal Projects/AdvancedCombatDemo/Content/ACS_BP/Weapons/Rifle/Scope_Textures/k98Scope_Normal.uexp" 2322
"C:/Users/user/Documents/Unreal Projects/AdvancedCombatDemo/Content/ACS_BP/Weapons/Rifle/Scope_Textures/k98Scope_Roughness.ubulk" 2323
"C:/Users/user/Documents/Unreal Projects/AdvancedCombatDemo/Content/ACS_BP/Weapons/Rifle/Scope_Textures/k98Scope_Roughness.uasset" 2324
"C:/Users/user/Documents/Unreal Projects/AdvancedCombatDemo/Content/ACS_BP/Weapons/Rifle/Scope_Textures/k98Scope_Roughness.uexp" 2325
"C:/Users/user/Documents/Unreal Projects/AdvancedCombatDemo/Content/ACS_BP/Weapons/Rifle/Scope_Textures/k98Scope_Metallic.ubulk" 2326
"C:/Users/user/Documents/Unreal Projects/AdvancedCombatDemo/Content/ACS_BP/Weapons/Rifle/Scope_Textures/k98Scope_Metallic.uasset" 2327
"C:/Users/user/Documents/Unreal Projects/AdvancedCombatDemo/Content/ACS_BP/Weapons/Rifle/Scope_Textures/k98Scope_Metallic.uexp" 2328
"C:/Users/user/Documents/Unreal Projects/AdvancedCombatDemo/Content/ACS_BP/Weapons/Rifle/Scope_Textures/k98Scope_AlbedoTransparency.ubulk" 2329
"C:/Users/user/Documents/Unreal Projects/AdvancedCombatDemo/Content/ACS_BP/Weapons/Rifle/Scope_Textures/k98Scope_AlbedoTransparency.uasset" 2330
"C:/Users/user/Documents/Unreal Projects/AdvancedCombatDemo/Content/ACS_BP/Weapons/Rifle/Scope_Textures/k98Scope_AlbedoTransparency.uexp" 2331
"C:/Users/user/Documents/Unreal Projects/AdvancedCombatDemo/Content/ACS_BP/Weapons/Rifle/MI_Scope_Body.uasset" 2332
"C:/Users/user/Documents/Unreal Projects/AdvancedCombatDemo/Content/ACS_BP/Weapons/Rifle/MI_Scope_Body.uexp" 2333
"C:/Users/user/Documents/Unreal Projects/AdvancedCombatDemo/Content/ACS_BP/Weapons/Rifle/scope.ubulk" 2334
"C:/Users/user/Documents/Unreal Projects/AdvancedCombatDemo/Content/ACS_BP/Weapons/Rifle/scope.uasset" 2335
"C:/Users/user/Documents/Unreal Projects/AdvancedCombatDemo/Content/ACS_BP/Weapons/Rifle/scope.uexp" 2336
"C:/Users/user/Documents/Unreal Projects/AdvancedCombatDemo/Content/ACS_BP/Weapons/Rifle/RifleFrameReceiver.uasset" 2337
"C:/Users/user/Documents/Unreal Projects/AdvancedCombatDemo/Content/ACS_BP/Weapons/Rifle/RifleFrameReceiver.uexp" 2338
"C:/Users/user/Documents/Unreal Projects/AdvancedCombatDemo/Content/ACS_BP/Weapons/Rifle/BP_Rifle.uasset" 2339
"C:/Users/user/Documents/Unreal Projects/AdvancedCombatDemo/Content/ACS_BP/Weapons/Rifle/BP_Rifle.uexp" 2340
"C:/Users/user/Documents/Unreal Projects/AdvancedCombatDemo/Content/ACS_BP/Weapons/Pistol/PistolModSlots.uasset" 2341
"C:/Users/user/Documents/Unreal Projects/AdvancedCombatDemo/Content/ACS_BP/Weapons/Pistol/PistolModSlots.uexp" 2342
"C:/Users/user/Documents/Unreal Projects/AdvancedCombatDemo/Content/Weapons/Pistol/Mesh/SK_Pistol_PhysicsAsset.uasset" 2343
"C:/Users/user/Documents/Unreal Projects/AdvancedCombatDemo/Content/Weapons/Pistol/Mesh/SK_Pistol_PhysicsAsset.uexp" 2344
"C:/Users/user/Documents/Unreal Projects/AdvancedCombatDemo/Content/Weapons/Pistol/Textures/T_Pistol_N.ubulk" 2345
"C:/Users/user/Documents/Unreal Projects/AdvancedCombatDemo/Content/Weapons/Pistol/Textures/T_Pistol_N.uasset" 2346
"C:/Users/user/Documents/Unreal Projects/AdvancedCombatDemo/Content/Weapons/Pistol/Textures/T_Pistol_N.uexp" 2347
"C:/Users/user/Documents/Unreal Projects/AdvancedCombatDemo/Content/Weapons/Pistol/Textures/T_Pistol_AORM.ubulk" 2348
"C:/Users/user/Documents/Unreal Projects/AdvancedCombatDemo/Content/Weapons/Pistol/Textures/T_Pistol_AORM.uasset" 2349
"C:/Users/user/Documents/Unreal Projects/AdvancedCombatDemo/Content/Weapons/Pistol/Textures/T_Pistol_AORM.uexp" 2350
"C:/Users/user/Documents/Unreal Projects/AdvancedCombatDemo/Content/Weapons/Pistol/Textures/T_Pistol_D.ubulk" 2351
"C:/Users/user/Documents/Unreal Projects/AdvancedCombatDemo/Content/Weapons/Pistol/Textures/T_Pistol_D.uasset" 2352
"C:/Users/user/Documents/Unreal Projects/AdvancedCombatDemo/Content/Weapons/Pistol/Textures/T_Pistol_D.uexp" 2353
"C:/Users/user/Documents/Unreal Projects/AdvancedCombatDemo/Content/Weapons/Pistol/Textures/T_Pistol_Masks.ubulk" 2354
"C:/Users/user/Documents/Unreal Projects/AdvancedCombatDemo/Content/Weapons/Pistol/Textures/T_Pistol_Masks.uasset" 2355
"C:/Users/user/Documents/Unreal Projects/AdvancedCombatDemo/Content/Weapons/Pistol/Textures/T_Pistol_Masks.uexp" 2356
"C:/Users/user/Documents/Unreal Projects/AdvancedCombatDemo/Content/Weapons/Pistol/Materials/MI_Weapon_Pistol.uasset" 2357
"C:/Users/user/Documents/Unreal Projects/AdvancedCombatDemo/Content/Weapons/Pistol/Materials/MI_Weapon_Pistol.uexp" 2358
"C:/Users/user/Documents/Unreal Projects/AdvancedCombatDemo/Content/Weapons/Pistol/Mesh/SK_Pistol.uasset" 2359
"C:/Users/user/Documents/Unreal Projects/AdvancedCombatDemo/Content/Weapons/Pistol/Mesh/SK_Pistol.uexp" 2360
"C:/Users/user/Documents/Unreal Projects/AdvancedCombatDemo/Content/ACS_BP/Weapons/Pistol/PistolMagazines.uasset" 2361
"C:/Users/user/Documents/Unreal Projects/AdvancedCombatDemo/Content/ACS_BP/Weapons/Pistol/PistolMagazines.uexp" 2362
"C:/Users/user/Documents/Unreal Projects/AdvancedCombatDemo/Content/ACS_BP/Weapons/Pistol/CS_Pistol.uasset" 2363
"C:/Users/user/Documents/Unreal Projects/AdvancedCombatDemo/Content/ACS_BP/Weapons/Pistol/CS_Pistol.uexp" 2364
"C:/Users/user/Documents/Unreal Projects/AdvancedCombatDemo/Content/ACS_BP/Weapons/Pistol/PistolFramesReceivers.uasset" 2365
"C:/Users/user/Documents/Unreal Projects/AdvancedCombatDemo/Content/ACS_BP/Weapons/Pistol/PistolFramesReceivers.uexp" 2366
"C:/Users/user/Documents/Unreal Projects/AdvancedCombatDemo/Content/ACS_BP/Weapons/Pistol/BP_Pistol.uasset" 2367
"C:/Users/user/Documents/Unreal Projects/AdvancedCombatDemo/Content/ACS_BP/Weapons/Pistol/BP_Pistol.uexp" 2368
"C:/Users/user/Documents/Unreal Projects/AdvancedCombatDemo/Content/ACS_BP/ACS_UtilsBP.uasset" 2369
"C:/Users/user/Documents/Unreal Projects/AdvancedCombatDemo/Content/ACS_BP/ACS_UtilsBP.uexp" 2370
"C:/Users/user/Documents/Unreal Projects/AdvancedCombatDemo/Content/ACS_BP/Characters/BaseCharacter.uasset" 2371
"C:/Users/user/Documents/Unreal Projects/AdvancedCombatDemo/Content/ACS_BP/Characters/BaseCharacter.uexp" 2372
"C:/Users/user/Documents/Unreal Projects/AdvancedCombatDemo/Content/ACS_BP/UI/Health/HealthDisplay.uasset" 2373
"C:/Users/user/Documents/Unreal Projects/AdvancedCombatDemo/Content/ACS_BP/UI/Health/HealthDisplay.uexp" 2374
"C:/Users/user/Documents/Unreal Projects/AdvancedCombatDemo/Content/ACS_BP/UI/Health/HealthGroup.uasset" 2375
"C:/Users/user/Documents/Unreal Projects/AdvancedCombatDemo/Content/ACS_BP/UI/Health/HealthGroup.uexp" 2376
"C:/Users/user/Documents/Unreal Projects/AdvancedCombatDemo/Content/ACS_BP/Characters/Enemies/BP_Enemy.uasset" 2377
"C:/Users/user/Documents/Unreal Projects/AdvancedCombatDemo/Content/ACS_BP/Characters/Enemies/BP_Enemy.uexp" 2378
"../../../Engine/Content/EngineMaterials/FlattenMaterial_WS_Normal_VT.uasset" 2379
"../../../Engine/Content/EngineMaterials/FlattenMaterial_WS_Normal_VT.uexp" 2380
"../../../Engine/Content/OpenWorldTemplate/HLOD/HLOD0_Instancing.uasset" 2381
"../../../Engine/Content/OpenWorldTemplate/HLOD/HLOD0_Instancing.uexp" 2382
"../../../Engine/Content/EngineMaterials/DefaultPhysicalMaterial.uasset" 2383
"../../../Engine/Content/EngineMaterials/DefaultPhysicalMaterial.uexp" 2384
"../../../Engine/Content/OpenWorldTemplate/LandscapeMaterial/T_GridChecker_A.ubulk" 2385
"../../../Engine/Content/OpenWorldTemplate/LandscapeMaterial/T_GridChecker_A.uasset" 2386
"../../../Engine/Content/OpenWorldTemplate/LandscapeMaterial/T_GridChecker_A.uexp" 2387
"../../../Engine/Content/OpenWorldTemplate/LandscapeMaterial/MF_ProcGrid.uasset" 2388
"../../../Engine/Content/OpenWorldTemplate/LandscapeMaterial/MF_ProcGrid.uexp" 2389
"../../../Engine/Content/OpenWorldTemplate/LandscapeMaterial/M_ProcGrid.uasset" 2390
"../../../Engine/Content/OpenWorldTemplate/LandscapeMaterial/M_ProcGrid.uexp" 2391
"../../../Engine/Content/EngineMaterials/DefaultMaterial.uasset" 2392
"../../../Engine/Content/EngineMaterials/DefaultMaterial.uexp" 2393
"../../../Engine/Content/BasicShapes/Cylinder.ubulk" 2394
"../../../Engine/Content/BasicShapes/Cylinder.uasset" 2395
"../../../Engine/Content/BasicShapes/Cylinder.uexp" 2396
"../../../Engine/Content/BasicShapes/Sphere.ubulk" 2397
"../../../Engine/Content/BasicShapes/Sphere.uasset" 2398
"../../../Engine/Content/BasicShapes/Sphere.uexp" 2399
"C:/Users/user/Documents/Unreal Projects/AdvancedCombatDemo/Content/ACS_BP/Weapons/PickUp/PickUpData.uasset" 2400
"C:/Users/user/Documents/Unreal Projects/AdvancedCombatDemo/Content/ACS_BP/Weapons/PickUp/PickUpData.uexp" 2401
"C:/Users/user/Documents/Unreal Projects/AdvancedCombatDemo/Content/ACS_BP/Weapons/PickUp/BP_PickUp.uasset" 2402
"C:/Users/user/Documents/Unreal Projects/AdvancedCombatDemo/Content/ACS_BP/Weapons/PickUp/BP_PickUp.uexp" 2403
"../../../Engine/Content/BasicShapes/Cone.ubulk" 2404
"../../../Engine/Content/BasicShapes/Cone.uasset" 2405
"../../../Engine/Content/BasicShapes/Cone.uexp" 2406
"C:/Users/user/Documents/Unreal Projects/AdvancedCombatDemo/Content/_GENERATED/user/Blended_F7CF1377.ubulk" 2407
"C:/Users/user/Documents/Unreal Projects/AdvancedCombatDemo/Content/_GENERATED/user/Blended_F7CF1377.uasset" 2408
"C:/Users/user/Documents/Unreal Projects/AdvancedCombatDemo/Content/_GENERATED/user/Blended_F7CF1377.uexp" 2409
"C:/Users/user/Documents/Unreal Projects/AdvancedCombatDemo/Content/Sequences/NewLevelSequence.uasset" 2410
"C:/Users/user/Documents/Unreal Projects/AdvancedCombatDemo/Content/Sequences/NewLevelSequence.uexp" 2411
"../../../Engine/Content/EngineSky/T_Sky_Stars.ubulk" 2412
"../../../Engine/Content/EngineSky/T_Sky_Stars.uasset" 2413
"../../../Engine/Content/EngineSky/T_Sky_Stars.uexp" 2414
"../../../Engine/Content/EngineSky/T_Sky_Clouds_M.ubulk" 2415
"../../../Engine/Content/EngineSky/T_Sky_Clouds_M.uasset" 2416
"../../../Engine/Content/EngineSky/T_Sky_Clouds_M.uexp" 2417
"../../../Engine/Content/EngineSky/T_Sky_Blue.ubulk" 2418
"../../../Engine/Content/EngineSky/T_Sky_Blue.uasset" 2419
"../../../Engine/Content/EngineSky/T_Sky_Blue.uexp" 2420
"../../../Engine/Content/EngineSky/M_Sky_Panning_Clouds2.uasset" 2421
"../../../Engine/Content/EngineSky/M_Sky_Panning_Clouds2.uexp" 2422
"../../../Engine/Content/EngineSky/SM_SkySphere.ubulk" 2423
"../../../Engine/Content/EngineSky/SM_SkySphere.uasset" 2424
"../../../Engine/Content/EngineSky/SM_SkySphere.uexp" 2425
"../../../Engine/Content/EngineSky/M_SimpleSkyDome.uasset" 2426
"../../../Engine/Content/EngineSky/M_SimpleSkyDome.uexp" 2427
"C:/Users/user/Documents/Unreal Projects/AdvancedCombatDemo/Content/ACS_BP/VFX/Decals/NormalBulletDecal.uasset" 2428
"C:/Users/user/Documents/Unreal Projects/AdvancedCombatDemo/Content/ACS_BP/VFX/Decals/NormalBulletDecal.uexp" 2429
"C:/Users/user/Documents/Unreal Projects/AdvancedCombatDemo/Content/VFX/Textures/Decals/ActionVFX_Bullet_Hole_Textures/Wood_Hits/Shotgun_Wood_Entry_4.uasset" 2430
"C:/Users/user/Documents/Unreal Projects/AdvancedCombatDemo/Content/VFX/Textures/Decals/ActionVFX_Bullet_Hole_Textures/Wood_Hits/Shotgun_Wood_Entry_4.uexp" 2431
"C:/Users/user/Documents/Unreal Projects/AdvancedCombatDemo/Content/VFX/Textures/Decals/ActionVFX_Bullet_Hole_Textures/Wood_Hits/Shotgun_Wood_Entry_3.uasset" 2432
"C:/Users/user/Documents/Unreal Projects/AdvancedCombatDemo/Content/VFX/Textures/Decals/ActionVFX_Bullet_Hole_Textures/Wood_Hits/Shotgun_Wood_Entry_3.uexp" 2433
"C:/Users/user/Documents/Unreal Projects/AdvancedCombatDemo/Content/VFX/Textures/Decals/ActionVFX_Bullet_Hole_Textures/Wood_Hits/Shotgun_Wood_Entry_2.uasset" 2434
"C:/Users/user/Documents/Unreal Projects/AdvancedCombatDemo/Content/VFX/Textures/Decals/ActionVFX_Bullet_Hole_Textures/Wood_Hits/Shotgun_Wood_Entry_2.uexp" 2435
"C:/Users/user/Documents/Unreal Projects/AdvancedCombatDemo/Content/VFX/Textures/Decals/ActionVFX_Bullet_Hole_Textures/Wood_Hits/Shotgun_Wood_Entry_1.uasset" 2436
"C:/Users/user/Documents/Unreal Projects/AdvancedCombatDemo/Content/VFX/Textures/Decals/ActionVFX_Bullet_Hole_Textures/Wood_Hits/Shotgun_Wood_Entry_1.uexp" 2437
"C:/Users/user/Documents/Unreal Projects/AdvancedCombatDemo/Content/VFX/Textures/Decals/ActionVFX_Bullet_Hole_Textures/Wood_Hits/Pistol_Wood_Exit_7.uasset" 2438
"C:/Users/user/Documents/Unreal Projects/AdvancedCombatDemo/Content/VFX/Textures/Decals/ActionVFX_Bullet_Hole_Textures/Wood_Hits/Pistol_Wood_Exit_7.uexp" 2439
"C:/Users/user/Documents/Unreal Projects/AdvancedCombatDemo/Content/VFX/Textures/Decals/ActionVFX_Bullet_Hole_Textures/Wood_Hits/Pistol_Wood_Exit_6.uasset" 2440
"C:/Users/user/Documents/Unreal Projects/AdvancedCombatDemo/Content/VFX/Textures/Decals/ActionVFX_Bullet_Hole_Textures/Wood_Hits/Pistol_Wood_Exit_6.uexp" 2441
"C:/Users/user/Documents/Unreal Projects/AdvancedCombatDemo/Content/VFX/Textures/Decals/ActionVFX_Bullet_Hole_Textures/Wood_Hits/Pistol_Wood_Exit_5.uasset" 2442
"C:/Users/user/Documents/Unreal Projects/AdvancedCombatDemo/Content/VFX/Textures/Decals/ActionVFX_Bullet_Hole_Textures/Wood_Hits/Pistol_Wood_Exit_5.uexp" 2443
"C:/Users/user/Documents/Unreal Projects/AdvancedCombatDemo/Content/VFX/Textures/Decals/ActionVFX_Bullet_Hole_Textures/Wood_Hits/Pistol_Wood_Exit_4.uasset" 2444
"C:/Users/user/Documents/Unreal Projects/AdvancedCombatDemo/Content/VFX/Textures/Decals/ActionVFX_Bullet_Hole_Textures/Wood_Hits/Pistol_Wood_Exit_4.uexp" 2445
"C:/Users/user/Documents/Unreal Projects/AdvancedCombatDemo/Content/VFX/Textures/Decals/ActionVFX_Bullet_Hole_Textures/Wood_Hits/Pistol_Wood_Exit_3.uasset" 2446
"C:/Users/user/Documents/Unreal Projects/AdvancedCombatDemo/Content/VFX/Textures/Decals/ActionVFX_Bullet_Hole_Textures/Wood_Hits/Pistol_Wood_Exit_3.uexp" 2447
"C:/Users/user/Documents/Unreal Projects/AdvancedCombatDemo/Content/VFX/Textures/Decals/ActionVFX_Bullet_Hole_Textures/Wood_Hits/Pistol_Wood_Exit_2.uasset" 2448
"C:/Users/user/Documents/Unreal Projects/AdvancedCombatDemo/Content/VFX/Textures/Decals/ActionVFX_Bullet_Hole_Textures/Wood_Hits/Pistol_Wood_Exit_2.uexp" 2449
"C:/Users/user/Documents/Unreal Projects/AdvancedCombatDemo/Content/VFX/Textures/Decals/ActionVFX_Bullet_Hole_Textures/Wood_Hits/Pistol_Wood_Exit_1.uasset" 2450
"C:/Users/user/Documents/Unreal Projects/AdvancedCombatDemo/Content/VFX/Textures/Decals/ActionVFX_Bullet_Hole_Textures/Wood_Hits/Pistol_Wood_Exit_1.uexp" 2451
"C:/Users/user/Documents/Unreal Projects/AdvancedCombatDemo/Content/VFX/Textures/Decals/ActionVFX_Bullet_Hole_Textures/Wood_Hits/Pistol_Wood_Entry_9.uasset" 2452
"C:/Users/user/Documents/Unreal Projects/AdvancedCombatDemo/Content/VFX/Textures/Decals/ActionVFX_Bullet_Hole_Textures/Wood_Hits/Pistol_Wood_Entry_9.uexp" 2453
"C:/Users/user/Documents/Unreal Projects/AdvancedCombatDemo/Content/VFX/Textures/Decals/ActionVFX_Bullet_Hole_Textures/Wood_Hits/Pistol_Wood_Entry_8.uasset" 2454
"C:/Users/user/Documents/Unreal Projects/AdvancedCombatDemo/Content/VFX/Textures/Decals/ActionVFX_Bullet_Hole_Textures/Wood_Hits/Pistol_Wood_Entry_8.uexp" 2455
"C:/Users/user/Documents/Unreal Projects/AdvancedCombatDemo/Content/VFX/Textures/Decals/ActionVFX_Bullet_Hole_Textures/Wood_Hits/Pistol_Wood_Entry_7.uasset" 2456
"C:/Users/user/Documents/Unreal Projects/AdvancedCombatDemo/Content/VFX/Textures/Decals/ActionVFX_Bullet_Hole_Textures/Wood_Hits/Pistol_Wood_Entry_7.uexp" 2457
"C:/Users/user/Documents/Unreal Projects/AdvancedCombatDemo/Content/VFX/Textures/Decals/ActionVFX_Bullet_Hole_Textures/Wood_Hits/Pistol_Wood_Entry_6.uasset" 2458
"C:/Users/user/Documents/Unreal Projects/AdvancedCombatDemo/Content/VFX/Textures/Decals/ActionVFX_Bullet_Hole_Textures/Wood_Hits/Pistol_Wood_Entry_6.uexp" 2459
"C:/Users/user/Documents/Unreal Projects/AdvancedCombatDemo/Content/VFX/Textures/Decals/ActionVFX_Bullet_Hole_Textures/Wood_Hits/Pistol_Wood_Entry_5.uasset" 2460
"C:/Users/user/Documents/Unreal Projects/AdvancedCombatDemo/Content/VFX/Textures/Decals/ActionVFX_Bullet_Hole_Textures/Wood_Hits/Pistol_Wood_Entry_5.uexp" 2461
"C:/Users/user/Documents/Unreal Projects/AdvancedCombatDemo/Content/VFX/Textures/Decals/ActionVFX_Bullet_Hole_Textures/Wood_Hits/Pistol_Wood_Entry_4.uasset" 2462
"C:/Users/user/Documents/Unreal Projects/AdvancedCombatDemo/Content/VFX/Textures/Decals/ActionVFX_Bullet_Hole_Textures/Wood_Hits/Pistol_Wood_Entry_4.uexp" 2463
"C:/Users/user/Documents/Unreal Projects/AdvancedCombatDemo/Content/VFX/Textures/Decals/ActionVFX_Bullet_Hole_Textures/Wood_Hits/Pistol_Wood_Entry_3.uasset" 2464
"C:/Users/user/Documents/Unreal Projects/AdvancedCombatDemo/Content/VFX/Textures/Decals/ActionVFX_Bullet_Hole_Textures/Wood_Hits/Pistol_Wood_Entry_3.uexp" 2465
"C:/Users/user/Documents/Unreal Projects/AdvancedCombatDemo/Content/VFX/Textures/Decals/ActionVFX_Bullet_Hole_Textures/Wood_Hits/Pistol_Wood_Entry_25.uasset" 2466
"C:/Users/user/Documents/Unreal Projects/AdvancedCombatDemo/Content/VFX/Textures/Decals/ActionVFX_Bullet_Hole_Textures/Wood_Hits/Pistol_Wood_Entry_25.uexp" 2467
"C:/Users/user/Documents/Unreal Projects/AdvancedCombatDemo/Content/VFX/Textures/Decals/ActionVFX_Bullet_Hole_Textures/Wood_Hits/Pistol_Wood_Entry_24.uasset" 2468
"C:/Users/user/Documents/Unreal Projects/AdvancedCombatDemo/Content/VFX/Textures/Decals/ActionVFX_Bullet_Hole_Textures/Wood_Hits/Pistol_Wood_Entry_24.uexp" 2469
"C:/Users/user/Documents/Unreal Projects/AdvancedCombatDemo/Content/VFX/Textures/Decals/ActionVFX_Bullet_Hole_Textures/Wood_Hits/Pistol_Wood_Entry_23.uasset" 2470
"C:/Users/user/Documents/Unreal Projects/AdvancedCombatDemo/Content/VFX/Textures/Decals/ActionVFX_Bullet_Hole_Textures/Wood_Hits/Pistol_Wood_Entry_23.uexp" 2471
"C:/Users/user/Documents/Unreal Projects/AdvancedCombatDemo/Content/VFX/Textures/Decals/ActionVFX_Bullet_Hole_Textures/Wood_Hits/Pistol_Wood_Entry_22.uasset" 2472
"C:/Users/user/Documents/Unreal Projects/AdvancedCombatDemo/Content/VFX/Textures/Decals/ActionVFX_Bullet_Hole_Textures/Wood_Hits/Pistol_Wood_Entry_22.uexp" 2473
"C:/Users/user/Documents/Unreal Projects/AdvancedCombatDemo/Content/VFX/Textures/Decals/ActionVFX_Bullet_Hole_Textures/Wood_Hits/Pistol_Wood_Entry_21.uasset" 2474
"C:/Users/user/Documents/Unreal Projects/AdvancedCombatDemo/Content/VFX/Textures/Decals/ActionVFX_Bullet_Hole_Textures/Wood_Hits/Pistol_Wood_Entry_21.uexp" 2475
"C:/Users/user/Documents/Unreal Projects/AdvancedCombatDemo/Content/VFX/Textures/Decals/ActionVFX_Bullet_Hole_Textures/Wood_Hits/Pistol_Wood_Entry_20.uasset" 2476
"C:/Users/user/Documents/Unreal Projects/AdvancedCombatDemo/Content/VFX/Textures/Decals/ActionVFX_Bullet_Hole_Textures/Wood_Hits/Pistol_Wood_Entry_20.uexp" 2477
"C:/Users/user/Documents/Unreal Projects/AdvancedCombatDemo/Content/VFX/Textures/Decals/ActionVFX_Bullet_Hole_Textures/Wood_Hits/Pistol_Wood_Entry_2.uasset" 2478
"C:/Users/user/Documents/Unreal Projects/AdvancedCombatDemo/Content/VFX/Textures/Decals/ActionVFX_Bullet_Hole_Textures/Wood_Hits/Pistol_Wood_Entry_2.uexp" 2479
"C:/Users/user/Documents/Unreal Projects/AdvancedCombatDemo/Content/VFX/Textures/Decals/ActionVFX_Bullet_Hole_Textures/Wood_Hits/Pistol_Wood_Entry_19.uasset" 2480
"C:/Users/user/Documents/Unreal Projects/AdvancedCombatDemo/Content/VFX/Textures/Decals/ActionVFX_Bullet_Hole_Textures/Wood_Hits/Pistol_Wood_Entry_19.uexp" 2481
"C:/Users/user/Documents/Unreal Projects/AdvancedCombatDemo/Content/VFX/Textures/Decals/ActionVFX_Bullet_Hole_Textures/Wood_Hits/Pistol_Wood_Entry_18.uasset" 2482
"C:/Users/user/Documents/Unreal Projects/AdvancedCombatDemo/Content/VFX/Textures/Decals/ActionVFX_Bullet_Hole_Textures/Wood_Hits/Pistol_Wood_Entry_18.uexp" 2483
"C:/Users/user/Documents/Unreal Projects/AdvancedCombatDemo/Content/VFX/Textures/Decals/ActionVFX_Bullet_Hole_Textures/Wood_Hits/Pistol_Wood_Entry_17.uasset" 2484
"C:/Users/user/Documents/Unreal Projects/AdvancedCombatDemo/Content/VFX/Textures/Decals/ActionVFX_Bullet_Hole_Textures/Wood_Hits/Pistol_Wood_Entry_17.uexp" 2485
"C:/Users/user/Documents/Unreal Projects/AdvancedCombatDemo/Content/VFX/Textures/Decals/ActionVFX_Bullet_Hole_Textures/Wood_Hits/Pistol_Wood_Entry_16.uasset" 2486
"C:/Users/user/Documents/Unreal Projects/AdvancedCombatDemo/Content/VFX/Textures/Decals/ActionVFX_Bullet_Hole_Textures/Wood_Hits/Pistol_Wood_Entry_16.uexp" 2487
"C:/Users/user/Documents/Unreal Projects/AdvancedCombatDemo/Content/VFX/Textures/Decals/ActionVFX_Bullet_Hole_Textures/Wood_Hits/Pistol_Wood_Entry_15.uasset" 2488
"C:/Users/user/Documents/Unreal Projects/AdvancedCombatDemo/Content/VFX/Textures/Decals/ActionVFX_Bullet_Hole_Textures/Wood_Hits/Pistol_Wood_Entry_15.uexp" 2489
"C:/Users/user/Documents/Unreal Projects/AdvancedCombatDemo/Content/VFX/Textures/Decals/ActionVFX_Bullet_Hole_Textures/Wood_Hits/Pistol_Wood_Entry_14.uasset" 2490
"C:/Users/user/Documents/Unreal Projects/AdvancedCombatDemo/Content/VFX/Textures/Decals/ActionVFX_Bullet_Hole_Textures/Wood_Hits/Pistol_Wood_Entry_14.uexp" 2491
"C:/Users/user/Documents/Unreal Projects/AdvancedCombatDemo/Content/VFX/Textures/Decals/ActionVFX_Bullet_Hole_Textures/Wood_Hits/Pistol_Wood_Entry_13.uasset" 2492
"C:/Users/user/Documents/Unreal Projects/AdvancedCombatDemo/Content/VFX/Textures/Decals/ActionVFX_Bullet_Hole_Textures/Wood_Hits/Pistol_Wood_Entry_13.uexp" 2493
"C:/Users/user/Documents/Unreal Projects/AdvancedCombatDemo/Content/VFX/Textures/Decals/ActionVFX_Bullet_Hole_Textures/Wood_Hits/Pistol_Wood_Entry_12.uasset" 2494
"C:/Users/user/Documents/Unreal Projects/AdvancedCombatDemo/Content/VFX/Textures/Decals/ActionVFX_Bullet_Hole_Textures/Wood_Hits/Pistol_Wood_Entry_12.uexp" 2495
"C:/Users/user/Documents/Unreal Projects/AdvancedCombatDemo/Content/VFX/Textures/Decals/ActionVFX_Bullet_Hole_Textures/Wood_Hits/Pistol_Wood_Entry_11.uasset" 2496
"C:/Users/user/Documents/Unreal Projects/AdvancedCombatDemo/Content/VFX/Textures/Decals/ActionVFX_Bullet_Hole_Textures/Wood_Hits/Pistol_Wood_Entry_11.uexp" 2497
"C:/Users/user/Documents/Unreal Projects/AdvancedCombatDemo/Content/VFX/Textures/Decals/ActionVFX_Bullet_Hole_Textures/Wood_Hits/Pistol_Wood_Entry_10.uasset" 2498
"C:/Users/user/Documents/Unreal Projects/AdvancedCombatDemo/Content/VFX/Textures/Decals/ActionVFX_Bullet_Hole_Textures/Wood_Hits/Pistol_Wood_Entry_10.uexp" 2499
"C:/Users/user/Documents/Unreal Projects/AdvancedCombatDemo/Content/VFX/Textures/Decals/ActionVFX_Bullet_Hole_Textures/Wood_Hits/Pistol_Wood_Entry_1.uasset" 2500
"C:/Users/user/Documents/Unreal Projects/AdvancedCombatDemo/Content/VFX/Textures/Decals/ActionVFX_Bullet_Hole_Textures/Wood_Hits/Pistol_Wood_Entry_1.uexp" 2501
"C:/Users/user/Documents/Unreal Projects/AdvancedCombatDemo/Content/VFX/Textures/Decals/ActionVFX_Bullet_Hole_Textures/Metal_Hits/Shotgun_Steel_Entry_2.uasset" 2502
"C:/Users/user/Documents/Unreal Projects/AdvancedCombatDemo/Content/VFX/Textures/Decals/ActionVFX_Bullet_Hole_Textures/Metal_Hits/Shotgun_Steel_Entry_2.uexp" 2503
"C:/Users/user/Documents/Unreal Projects/AdvancedCombatDemo/Content/VFX/Textures/Decals/ActionVFX_Bullet_Hole_Textures/Metal_Hits/Shotgun_Steel_Entry_1.uasset" 2504
"C:/Users/user/Documents/Unreal Projects/AdvancedCombatDemo/Content/VFX/Textures/Decals/ActionVFX_Bullet_Hole_Textures/Metal_Hits/Shotgun_Steel_Entry_1.uexp" 2505
"C:/Users/user/Documents/Unreal Projects/AdvancedCombatDemo/Content/VFX/Textures/Decals/ActionVFX_Bullet_Hole_Textures/Metal_Hits/Shotgun_Aluminum_Exit_2.uasset" 2506
"C:/Users/user/Documents/Unreal Projects/AdvancedCombatDemo/Content/VFX/Textures/Decals/ActionVFX_Bullet_Hole_Textures/Metal_Hits/Shotgun_Aluminum_Exit_2.uexp" 2507
"C:/Users/user/Documents/Unreal Projects/AdvancedCombatDemo/Content/VFX/Textures/Decals/ActionVFX_Bullet_Hole_Textures/Metal_Hits/Shotgun_Aluminum_Exit_1.uasset" 2508
"C:/Users/user/Documents/Unreal Projects/AdvancedCombatDemo/Content/VFX/Textures/Decals/ActionVFX_Bullet_Hole_Textures/Metal_Hits/Shotgun_Aluminum_Exit_1.uexp" 2509
"C:/Users/user/Documents/Unreal Projects/AdvancedCombatDemo/Content/VFX/Textures/Decals/ActionVFX_Bullet_Hole_Textures/Metal_Hits/Shotgun_Aluminum_Entry_7.uasset" 2510
"C:/Users/user/Documents/Unreal Projects/AdvancedCombatDemo/Content/VFX/Textures/Decals/ActionVFX_Bullet_Hole_Textures/Metal_Hits/Shotgun_Aluminum_Entry_7.uexp" 2511
"C:/Users/user/Documents/Unreal Projects/AdvancedCombatDemo/Content/VFX/Textures/Decals/ActionVFX_Bullet_Hole_Textures/Metal_Hits/Shotgun_Aluminum_Entry_6.uasset" 2512
"C:/Users/user/Documents/Unreal Projects/AdvancedCombatDemo/Content/VFX/Textures/Decals/ActionVFX_Bullet_Hole_Textures/Metal_Hits/Shotgun_Aluminum_Entry_6.uexp" 2513
"C:/Users/user/Documents/Unreal Projects/AdvancedCombatDemo/Content/VFX/Textures/Decals/ActionVFX_Bullet_Hole_Textures/Metal_Hits/Shotgun_Aluminum_Entry_5.uasset" 2514
"C:/Users/user/Documents/Unreal Projects/AdvancedCombatDemo/Content/VFX/Textures/Decals/ActionVFX_Bullet_Hole_Textures/Metal_Hits/Shotgun_Aluminum_Entry_5.uexp" 2515
"C:/Users/user/Documents/Unreal Projects/AdvancedCombatDemo/Content/VFX/Textures/Decals/ActionVFX_Bullet_Hole_Textures/Metal_Hits/Shotgun_Aluminum_Entry_4.uasset" 2516
"C:/Users/user/Documents/Unreal Projects/AdvancedCombatDemo/Content/VFX/Textures/Decals/ActionVFX_Bullet_Hole_Textures/Metal_Hits/Shotgun_Aluminum_Entry_4.uexp" 2517
"C:/Users/user/Documents/Unreal Projects/AdvancedCombatDemo/Content/VFX/Textures/Decals/ActionVFX_Bullet_Hole_Textures/Metal_Hits/Shotgun_Aluminum_Entry_3.uasset" 2518
"C:/Users/user/Documents/Unreal Projects/AdvancedCombatDemo/Content/VFX/Textures/Decals/ActionVFX_Bullet_Hole_Textures/Metal_Hits/Shotgun_Aluminum_Entry_3.uexp" 2519
"C:/Users/user/Documents/Unreal Projects/AdvancedCombatDemo/Content/VFX/Textures/Decals/ActionVFX_Bullet_Hole_Textures/Metal_Hits/Shotgun_Aluminum_Entry_2.uasset" 2520
"C:/Users/user/Documents/Unreal Projects/AdvancedCombatDemo/Content/VFX/Textures/Decals/ActionVFX_Bullet_Hole_Textures/Metal_Hits/Shotgun_Aluminum_Entry_2.uexp" 2521
"C:/Users/user/Documents/Unreal Projects/AdvancedCombatDemo/Content/VFX/Textures/Decals/ActionVFX_Bullet_Hole_Textures/Metal_Hits/Shotgun_Aluminum_Entry_1.uasset" 2522
"C:/Users/user/Documents/Unreal Projects/AdvancedCombatDemo/Content/VFX/Textures/Decals/ActionVFX_Bullet_Hole_Textures/Metal_Hits/Shotgun_Aluminum_Entry_1.uexp" 2523
"C:/Users/user/Documents/Unreal Projects/AdvancedCombatDemo/Content/VFX/Textures/Decals/ActionVFX_Bullet_Hole_Textures/Metal_Hits/Pistol_Steel_Exit_7.uasset" 2524
"C:/Users/user/Documents/Unreal Projects/AdvancedCombatDemo/Content/VFX/Textures/Decals/ActionVFX_Bullet_Hole_Textures/Metal_Hits/Pistol_Steel_Exit_7.uexp" 2525
"C:/Users/user/Documents/Unreal Projects/AdvancedCombatDemo/Content/VFX/Textures/Decals/ActionVFX_Bullet_Hole_Textures/Metal_Hits/Pistol_Steel_Exit_6.uasset" 2526
"C:/Users/user/Documents/Unreal Projects/AdvancedCombatDemo/Content/VFX/Textures/Decals/ActionVFX_Bullet_Hole_Textures/Metal_Hits/Pistol_Steel_Exit_6.uexp" 2527
"C:/Users/user/Documents/Unreal Projects/AdvancedCombatDemo/Content/VFX/Textures/Decals/ActionVFX_Bullet_Hole_Textures/Metal_Hits/Pistol_Steel_Exit_5.uasset" 2528
"C:/Users/user/Documents/Unreal Projects/AdvancedCombatDemo/Content/VFX/Textures/Decals/ActionVFX_Bullet_Hole_Textures/Metal_Hits/Pistol_Steel_Exit_5.uexp" 2529
"C:/Users/user/Documents/Unreal Projects/AdvancedCombatDemo/Content/VFX/Textures/Decals/ActionVFX_Bullet_Hole_Textures/Metal_Hits/Pistol_Steel_Exit_4.uasset" 2530
"C:/Users/user/Documents/Unreal Projects/AdvancedCombatDemo/Content/VFX/Textures/Decals/ActionVFX_Bullet_Hole_Textures/Metal_Hits/Pistol_Steel_Exit_4.uexp" 2531
"C:/Users/user/Documents/Unreal Projects/AdvancedCombatDemo/Content/VFX/Textures/Decals/ActionVFX_Bullet_Hole_Textures/Metal_Hits/Pistol_Steel_Exit_3.uasset" 2532
"C:/Users/user/Documents/Unreal Projects/AdvancedCombatDemo/Content/VFX/Textures/Decals/ActionVFX_Bullet_Hole_Textures/Metal_Hits/Pistol_Steel_Exit_3.uexp" 2533
"C:/Users/user/Documents/Unreal Projects/AdvancedCombatDemo/Content/VFX/Textures/Decals/ActionVFX_Bullet_Hole_Textures/Metal_Hits/Pistol_Steel_Exit_2.uasset" 2534
"C:/Users/user/Documents/Unreal Projects/AdvancedCombatDemo/Content/VFX/Textures/Decals/ActionVFX_Bullet_Hole_Textures/Metal_Hits/Pistol_Steel_Exit_2.uexp" 2535
"C:/Users/user/Documents/Unreal Projects/AdvancedCombatDemo/Content/VFX/Textures/Decals/ActionVFX_Bullet_Hole_Textures/Metal_Hits/Pistol_Steel_Exit_1.uasset" 2536
"C:/Users/user/Documents/Unreal Projects/AdvancedCombatDemo/Content/VFX/Textures/Decals/ActionVFX_Bullet_Hole_Textures/Metal_Hits/Pistol_Steel_Exit_1.uexp" 2537
"C:/Users/user/Documents/Unreal Projects/AdvancedCombatDemo/Content/VFX/Textures/Decals/ActionVFX_Bullet_Hole_Textures/Metal_Hits/Pistol_Steel_Entry_9.uasset" 2538
"C:/Users/user/Documents/Unreal Projects/AdvancedCombatDemo/Content/VFX/Textures/Decals/ActionVFX_Bullet_Hole_Textures/Metal_Hits/Pistol_Steel_Entry_9.uexp" 2539
"C:/Users/user/Documents/Unreal Projects/AdvancedCombatDemo/Content/VFX/Textures/Decals/ActionVFX_Bullet_Hole_Textures/Metal_Hits/Pistol_Steel_Entry_8.uasset" 2540
"C:/Users/user/Documents/Unreal Projects/AdvancedCombatDemo/Content/VFX/Textures/Decals/ActionVFX_Bullet_Hole_Textures/Metal_Hits/Pistol_Steel_Entry_8.uexp" 2541
"C:/Users/user/Documents/Unreal Projects/AdvancedCombatDemo/Content/VFX/Textures/Decals/ActionVFX_Bullet_Hole_Textures/Metal_Hits/Pistol_Steel_Entry_7.uasset" 2542
"C:/Users/user/Documents/Unreal Projects/AdvancedCombatDemo/Content/VFX/Textures/Decals/ActionVFX_Bullet_Hole_Textures/Metal_Hits/Pistol_Steel_Entry_7.uexp" 2543
"C:/Users/user/Documents/Unreal Projects/AdvancedCombatDemo/Content/VFX/Textures/Decals/ActionVFX_Bullet_Hole_Textures/Metal_Hits/Pistol_Steel_Entry_6.uasset" 2544
"C:/Users/user/Documents/Unreal Projects/AdvancedCombatDemo/Content/VFX/Textures/Decals/ActionVFX_Bullet_Hole_Textures/Metal_Hits/Pistol_Steel_Entry_6.uexp" 2545
"C:/Users/user/Documents/Unreal Projects/AdvancedCombatDemo/Content/VFX/Textures/Decals/ActionVFX_Bullet_Hole_Textures/Metal_Hits/Pistol_Steel_Entry_5.uasset" 2546
"C:/Users/user/Documents/Unreal Projects/AdvancedCombatDemo/Content/VFX/Textures/Decals/ActionVFX_Bullet_Hole_Textures/Metal_Hits/Pistol_Steel_Entry_5.uexp" 2547
"C:/Users/user/Documents/Unreal Projects/AdvancedCombatDemo/Content/VFX/Textures/Decals/ActionVFX_Bullet_Hole_Textures/Metal_Hits/Pistol_Steel_Entry_4.uasset" 2548
"C:/Users/user/Documents/Unreal Projects/AdvancedCombatDemo/Content/VFX/Textures/Decals/ActionVFX_Bullet_Hole_Textures/Metal_Hits/Pistol_Steel_Entry_4.uexp" 2549
"C:/Users/user/Documents/Unreal Projects/AdvancedCombatDemo/Content/VFX/Textures/Decals/ActionVFX_Bullet_Hole_Textures/Metal_Hits/Pistol_Steel_Entry_3.uasset" 2550
"C:/Users/user/Documents/Unreal Projects/AdvancedCombatDemo/Content/VFX/Textures/Decals/ActionVFX_Bullet_Hole_Textures/Metal_Hits/Pistol_Steel_Entry_3.uexp" 2551
"C:/Users/user/Documents/Unreal Projects/AdvancedCombatDemo/Content/VFX/Textures/Decals/ActionVFX_Bullet_Hole_Textures/Metal_Hits/Pistol_Steel_Entry_2.uasset" 2552
"C:/Users/user/Documents/Unreal Projects/AdvancedCombatDemo/Content/VFX/Textures/Decals/ActionVFX_Bullet_Hole_Textures/Metal_Hits/Pistol_Steel_Entry_2.uexp" 2553
"C:/Users/user/Documents/Unreal Projects/AdvancedCombatDemo/Content/VFX/Textures/Decals/ActionVFX_Bullet_Hole_Textures/Metal_Hits/Pistol_Steel_Entry_11.uasset" 2554
"C:/Users/user/Documents/Unreal Projects/AdvancedCombatDemo/Content/VFX/Textures/Decals/ActionVFX_Bullet_Hole_Textures/Metal_Hits/Pistol_Steel_Entry_11.uexp" 2555
"C:/Users/user/Documents/Unreal Projects/AdvancedCombatDemo/Content/VFX/Textures/Decals/ActionVFX_Bullet_Hole_Textures/Metal_Hits/Pistol_Steel_Entry_10.uasset" 2556
"C:/Users/user/Documents/Unreal Projects/AdvancedCombatDemo/Content/VFX/Textures/Decals/ActionVFX_Bullet_Hole_Textures/Metal_Hits/Pistol_Steel_Entry_10.uexp" 2557
"C:/Users/user/Documents/Unreal Projects/AdvancedCombatDemo/Content/VFX/Textures/Decals/ActionVFX_Bullet_Hole_Textures/Metal_Hits/Pistol_Steel_Entry_1.uasset" 2558
"C:/Users/user/Documents/Unreal Projects/AdvancedCombatDemo/Content/VFX/Textures/Decals/ActionVFX_Bullet_Hole_Textures/Metal_Hits/Pistol_Steel_Entry_1.uexp" 2559
"C:/Users/user/Documents/Unreal Projects/AdvancedCombatDemo/Content/VFX/Textures/Decals/ActionVFX_Bullet_Hole_Textures/Metal_Hits/Pistol_Aluminum_Exit_8.uasset" 2560
"C:/Users/user/Documents/Unreal Projects/AdvancedCombatDemo/Content/VFX/Textures/Decals/ActionVFX_Bullet_Hole_Textures/Metal_Hits/Pistol_Aluminum_Exit_8.uexp" 2561
"C:/Users/user/Documents/Unreal Projects/AdvancedCombatDemo/Content/VFX/Textures/Decals/ActionVFX_Bullet_Hole_Textures/Metal_Hits/Pistol_Aluminum_Exit_7.uasset" 2562
"C:/Users/user/Documents/Unreal Projects/AdvancedCombatDemo/Content/VFX/Textures/Decals/ActionVFX_Bullet_Hole_Textures/Metal_Hits/Pistol_Aluminum_Exit_7.uexp" 2563
"C:/Users/user/Documents/Unreal Projects/AdvancedCombatDemo/Content/VFX/Textures/Decals/ActionVFX_Bullet_Hole_Textures/Metal_Hits/Pistol_Aluminum_Exit_6.uasset" 2564
"C:/Users/user/Documents/Unreal Projects/AdvancedCombatDemo/Content/VFX/Textures/Decals/ActionVFX_Bullet_Hole_Textures/Metal_Hits/Pistol_Aluminum_Exit_6.uexp" 2565
"C:/Users/user/Documents/Unreal Projects/AdvancedCombatDemo/Content/VFX/Textures/Decals/ActionVFX_Bullet_Hole_Textures/Metal_Hits/Pistol_Aluminum_Exit_5.uasset" 2566
"C:/Users/user/Documents/Unreal Projects/AdvancedCombatDemo/Content/VFX/Textures/Decals/ActionVFX_Bullet_Hole_Textures/Metal_Hits/Pistol_Aluminum_Exit_5.uexp" 2567
"C:/Users/user/Documents/Unreal Projects/AdvancedCombatDemo/Content/VFX/Textures/Decals/ActionVFX_Bullet_Hole_Textures/Metal_Hits/Pistol_Aluminum_Exit_4.uasset" 2568
"C:/Users/user/Documents/Unreal Projects/AdvancedCombatDemo/Content/VFX/Textures/Decals/ActionVFX_Bullet_Hole_Textures/Metal_Hits/Pistol_Aluminum_Exit_4.uexp" 2569
"C:/Users/user/Documents/Unreal Projects/AdvancedCombatDemo/Content/VFX/Textures/Decals/ActionVFX_Bullet_Hole_Textures/Metal_Hits/Pistol_Aluminum_Exit_3.uasset" 2570
"C:/Users/user/Documents/Unreal Projects/AdvancedCombatDemo/Content/VFX/Textures/Decals/ActionVFX_Bullet_Hole_Textures/Metal_Hits/Pistol_Aluminum_Exit_3.uexp" 2571
"C:/Users/user/Documents/Unreal Projects/AdvancedCombatDemo/Content/VFX/Textures/Decals/ActionVFX_Bullet_Hole_Textures/Metal_Hits/Pistol_Aluminum_Exit_2.uasset" 2572
"C:/Users/user/Documents/Unreal Projects/AdvancedCombatDemo/Content/VFX/Textures/Decals/ActionVFX_Bullet_Hole_Textures/Metal_Hits/Pistol_Aluminum_Exit_2.uexp" 2573
"C:/Users/user/Documents/Unreal Projects/AdvancedCombatDemo/Content/VFX/Textures/Decals/ActionVFX_Bullet_Hole_Textures/Metal_Hits/Pistol_Aluminum_Exit_1.uasset" 2574
"C:/Users/user/Documents/Unreal Projects/AdvancedCombatDemo/Content/VFX/Textures/Decals/ActionVFX_Bullet_Hole_Textures/Metal_Hits/Pistol_Aluminum_Exit_1.uexp" 2575
"C:/Users/user/Documents/Unreal Projects/AdvancedCombatDemo/Content/VFX/Textures/Decals/ActionVFX_Bullet_Hole_Textures/Metal_Hits/Pistol_Aluminum_Entry_9.uasset" 2576
"C:/Users/user/Documents/Unreal Projects/AdvancedCombatDemo/Content/VFX/Textures/Decals/ActionVFX_Bullet_Hole_Textures/Metal_Hits/Pistol_Aluminum_Entry_9.uexp" 2577
"C:/Users/user/Documents/Unreal Projects/AdvancedCombatDemo/Content/VFX/Textures/Decals/ActionVFX_Bullet_Hole_Textures/Metal_Hits/Pistol_Aluminum_Entry_8.uasset" 2578
"C:/Users/user/Documents/Unreal Projects/AdvancedCombatDemo/Content/VFX/Textures/Decals/ActionVFX_Bullet_Hole_Textures/Metal_Hits/Pistol_Aluminum_Entry_8.uexp" 2579
"C:/Users/user/Documents/Unreal Projects/AdvancedCombatDemo/Content/VFX/Textures/Decals/ActionVFX_Bullet_Hole_Textures/Metal_Hits/Pistol_Aluminum_Entry_7.uasset" 2580
"C:/Users/user/Documents/Unreal Projects/AdvancedCombatDemo/Content/VFX/Textures/Decals/ActionVFX_Bullet_Hole_Textures/Metal_Hits/Pistol_Aluminum_Entry_7.uexp" 2581
"C:/Users/user/Documents/Unreal Projects/AdvancedCombatDemo/Content/VFX/Textures/Decals/ActionVFX_Bullet_Hole_Textures/Metal_Hits/Pistol_Aluminum_Entry_6.uasset" 2582
"C:/Users/user/Documents/Unreal Projects/AdvancedCombatDemo/Content/VFX/Textures/Decals/ActionVFX_Bullet_Hole_Textures/Metal_Hits/Pistol_Aluminum_Entry_6.uexp" 2583
"C:/Users/user/Documents/Unreal Projects/AdvancedCombatDemo/Content/VFX/Textures/Decals/ActionVFX_Bullet_Hole_Textures/Metal_Hits/Pistol_Aluminum_Entry_5.uasset" 2584
"C:/Users/user/Documents/Unreal Projects/AdvancedCombatDemo/Content/VFX/Textures/Decals/ActionVFX_Bullet_Hole_Textures/Metal_Hits/Pistol_Aluminum_Entry_5.uexp" 2585
"C:/Users/user/Documents/Unreal Projects/AdvancedCombatDemo/Content/VFX/Textures/Decals/ActionVFX_Bullet_Hole_Textures/Metal_Hits/Pistol_Aluminum_Entry_4.uasset" 2586
"C:/Users/user/Documents/Unreal Projects/AdvancedCombatDemo/Content/VFX/Textures/Decals/ActionVFX_Bullet_Hole_Textures/Metal_Hits/Pistol_Aluminum_Entry_4.uexp" 2587
"C:/Users/user/Documents/Unreal Projects/AdvancedCombatDemo/Content/VFX/Textures/Decals/ActionVFX_Bullet_Hole_Textures/Metal_Hits/Pistol_Aluminum_Entry_3.uasset" 2588
"C:/Users/user/Documents/Unreal Projects/AdvancedCombatDemo/Content/VFX/Textures/Decals/ActionVFX_Bullet_Hole_Textures/Metal_Hits/Pistol_Aluminum_Entry_3.uexp" 2589
"C:/Users/user/Documents/Unreal Projects/AdvancedCombatDemo/Content/VFX/Textures/Decals/ActionVFX_Bullet_Hole_Textures/Metal_Hits/Pistol_Aluminum_Entry_2.uasset" 2590
"C:/Users/user/Documents/Unreal Projects/AdvancedCombatDemo/Content/VFX/Textures/Decals/ActionVFX_Bullet_Hole_Textures/Metal_Hits/Pistol_Aluminum_Entry_2.uexp" 2591
"C:/Users/user/Documents/Unreal Projects/AdvancedCombatDemo/Content/VFX/Textures/Decals/ActionVFX_Bullet_Hole_Textures/Metal_Hits/Pistol_Aluminum_Entry_14.uasset" 2592
"C:/Users/user/Documents/Unreal Projects/AdvancedCombatDemo/Content/VFX/Textures/Decals/ActionVFX_Bullet_Hole_Textures/Metal_Hits/Pistol_Aluminum_Entry_14.uexp" 2593
"C:/Users/user/Documents/Unreal Projects/AdvancedCombatDemo/Content/VFX/Textures/Decals/ActionVFX_Bullet_Hole_Textures/Metal_Hits/Pistol_Aluminum_Entry_13.uasset" 2594
"C:/Users/user/Documents/Unreal Projects/AdvancedCombatDemo/Content/VFX/Textures/Decals/ActionVFX_Bullet_Hole_Textures/Metal_Hits/Pistol_Aluminum_Entry_13.uexp" 2595
"C:/Users/user/Documents/Unreal Projects/AdvancedCombatDemo/Content/VFX/Textures/Decals/ActionVFX_Bullet_Hole_Textures/Metal_Hits/Pistol_Aluminum_Entry_12.uasset" 2596
"C:/Users/user/Documents/Unreal Projects/AdvancedCombatDemo/Content/VFX/Textures/Decals/ActionVFX_Bullet_Hole_Textures/Metal_Hits/Pistol_Aluminum_Entry_12.uexp" 2597
"C:/Users/user/Documents/Unreal Projects/AdvancedCombatDemo/Content/VFX/Textures/Decals/ActionVFX_Bullet_Hole_Textures/Metal_Hits/Pistol_Aluminum_Entry_11.uasset" 2598
"C:/Users/user/Documents/Unreal Projects/AdvancedCombatDemo/Content/VFX/Textures/Decals/ActionVFX_Bullet_Hole_Textures/Metal_Hits/Pistol_Aluminum_Entry_11.uexp" 2599
"C:/Users/user/Documents/Unreal Projects/AdvancedCombatDemo/Content/VFX/Textures/Decals/ActionVFX_Bullet_Hole_Textures/Metal_Hits/Pistol_Aluminum_Entry_10.uasset" 2600
"C:/Users/user/Documents/Unreal Projects/AdvancedCombatDemo/Content/VFX/Textures/Decals/ActionVFX_Bullet_Hole_Textures/Metal_Hits/Pistol_Aluminum_Entry_10.uexp" 2601
"C:/Users/user/Documents/Unreal Projects/AdvancedCombatDemo/Content/VFX/Textures/Decals/ActionVFX_Bullet_Hole_Textures/Metal_Hits/Pistol_Aluminum_Entry_1.uasset" 2602
"C:/Users/user/Documents/Unreal Projects/AdvancedCombatDemo/Content/VFX/Textures/Decals/ActionVFX_Bullet_Hole_Textures/Metal_Hits/Pistol_Aluminum_Entry_1.uexp" 2603
"C:/Users/user/Documents/Unreal Projects/AdvancedCombatDemo/Content/VFX/Textures/Decals/ActionVFX_Bullet_Hole_Textures/Glass_Hits/Glass_Entry_9.uasset" 2604
"C:/Users/user/Documents/Unreal Projects/AdvancedCombatDemo/Content/VFX/Textures/Decals/ActionVFX_Bullet_Hole_Textures/Glass_Hits/Glass_Entry_9.uexp" 2605
"C:/Users/user/Documents/Unreal Projects/AdvancedCombatDemo/Content/VFX/Textures/Decals/ActionVFX_Bullet_Hole_Textures/Glass_Hits/Glass_Entry_8.uasset" 2606
"C:/Users/user/Documents/Unreal Projects/AdvancedCombatDemo/Content/VFX/Textures/Decals/ActionVFX_Bullet_Hole_Textures/Glass_Hits/Glass_Entry_8.uexp" 2607
"C:/Users/user/Documents/Unreal Projects/AdvancedCombatDemo/Content/VFX/Textures/Decals/ActionVFX_Bullet_Hole_Textures/Glass_Hits/Glass_Entry_7.uasset" 2608
"C:/Users/user/Documents/Unreal Projects/AdvancedCombatDemo/Content/VFX/Textures/Decals/ActionVFX_Bullet_Hole_Textures/Glass_Hits/Glass_Entry_7.uexp" 2609
"C:/Users/user/Documents/Unreal Projects/AdvancedCombatDemo/Content/VFX/Textures/Decals/ActionVFX_Bullet_Hole_Textures/Glass_Hits/Glass_Entry_6.uasset" 2610
"C:/Users/user/Documents/Unreal Projects/AdvancedCombatDemo/Content/VFX/Textures/Decals/ActionVFX_Bullet_Hole_Textures/Glass_Hits/Glass_Entry_6.uexp" 2611
"C:/Users/user/Documents/Unreal Projects/AdvancedCombatDemo/Content/VFX/Textures/Decals/ActionVFX_Bullet_Hole_Textures/Glass_Hits/Glass_Entry_5.uasset" 2612
"C:/Users/user/Documents/Unreal Projects/AdvancedCombatDemo/Content/VFX/Textures/Decals/ActionVFX_Bullet_Hole_Textures/Glass_Hits/Glass_Entry_5.uexp" 2613
"C:/Users/user/Documents/Unreal Projects/AdvancedCombatDemo/Content/VFX/Textures/Decals/ActionVFX_Bullet_Hole_Textures/Glass_Hits/Glass_Entry_4.uasset" 2614
"C:/Users/user/Documents/Unreal Projects/AdvancedCombatDemo/Content/VFX/Textures/Decals/ActionVFX_Bullet_Hole_Textures/Glass_Hits/Glass_Entry_4.uexp" 2615
"C:/Users/user/Documents/Unreal Projects/AdvancedCombatDemo/Content/VFX/Textures/Decals/ActionVFX_Bullet_Hole_Textures/Glass_Hits/Glass_Entry_3.uasset" 2616
"C:/Users/user/Documents/Unreal Projects/AdvancedCombatDemo/Content/VFX/Textures/Decals/ActionVFX_Bullet_Hole_Textures/Glass_Hits/Glass_Entry_3.uexp" 2617
"C:/Users/user/Documents/Unreal Projects/AdvancedCombatDemo/Content/VFX/Textures/Decals/ActionVFX_Bullet_Hole_Textures/Glass_Hits/Glass_Entry_2.uasset" 2618
"C:/Users/user/Documents/Unreal Projects/AdvancedCombatDemo/Content/VFX/Textures/Decals/ActionVFX_Bullet_Hole_Textures/Glass_Hits/Glass_Entry_2.uexp" 2619
"C:/Users/user/Documents/Unreal Projects/AdvancedCombatDemo/Content/VFX/Textures/Decals/ActionVFX_Bullet_Hole_Textures/Glass_Hits/Glass_Entry_12.uasset" 2620
"C:/Users/user/Documents/Unreal Projects/AdvancedCombatDemo/Content/VFX/Textures/Decals/ActionVFX_Bullet_Hole_Textures/Glass_Hits/Glass_Entry_12.uexp" 2621
"C:/Users/user/Documents/Unreal Projects/AdvancedCombatDemo/Content/VFX/Textures/Decals/ActionVFX_Bullet_Hole_Textures/Glass_Hits/Glass_Entry_11.uasset" 2622
"C:/Users/user/Documents/Unreal Projects/AdvancedCombatDemo/Content/VFX/Textures/Decals/ActionVFX_Bullet_Hole_Textures/Glass_Hits/Glass_Entry_11.uexp" 2623
"C:/Users/user/Documents/Unreal Projects/AdvancedCombatDemo/Content/VFX/Textures/Decals/ActionVFX_Bullet_Hole_Textures/Glass_Hits/Glass_Entry_10.uasset" 2624
"C:/Users/user/Documents/Unreal Projects/AdvancedCombatDemo/Content/VFX/Textures/Decals/ActionVFX_Bullet_Hole_Textures/Glass_Hits/Glass_Entry_10.uexp" 2625
"C:/Users/user/Documents/Unreal Projects/AdvancedCombatDemo/Content/VFX/Textures/Decals/ActionVFX_Bullet_Hole_Textures/Glass_Hits/Glass_Entry_1.uasset" 2626
"C:/Users/user/Documents/Unreal Projects/AdvancedCombatDemo/Content/VFX/Textures/Decals/ActionVFX_Bullet_Hole_Textures/Glass_Hits/Glass_Entry_1.uexp" 2627
"C:/Users/user/Documents/Unreal Projects/AdvancedCombatDemo/Content/VFX/Textures/Decals/ActionVFX_Bullet_Hole_Textures/Drywall_Hits/Shotgun_Drywall_4.uasset" 2628
"C:/Users/user/Documents/Unreal Projects/AdvancedCombatDemo/Content/VFX/Textures/Decals/ActionVFX_Bullet_Hole_Textures/Drywall_Hits/Shotgun_Drywall_4.uexp" 2629
"C:/Users/user/Documents/Unreal Projects/AdvancedCombatDemo/Content/VFX/Textures/Decals/ActionVFX_Bullet_Hole_Textures/Drywall_Hits/Shotgun_Drywall_3.uasset" 2630
"C:/Users/user/Documents/Unreal Projects/AdvancedCombatDemo/Content/VFX/Textures/Decals/ActionVFX_Bullet_Hole_Textures/Drywall_Hits/Shotgun_Drywall_3.uexp" 2631
"C:/Users/user/Documents/Unreal Projects/AdvancedCombatDemo/Content/VFX/Textures/Decals/ActionVFX_Bullet_Hole_Textures/Drywall_Hits/Shotgun_Drywall_2.uasset" 2632
"C:/Users/user/Documents/Unreal Projects/AdvancedCombatDemo/Content/VFX/Textures/Decals/ActionVFX_Bullet_Hole_Textures/Drywall_Hits/Shotgun_Drywall_2.uexp" 2633
"C:/Users/user/Documents/Unreal Projects/AdvancedCombatDemo/Content/VFX/Textures/Decals/ActionVFX_Bullet_Hole_Textures/Drywall_Hits/Shotgun_Drywall_1.uasset" 2634
"C:/Users/user/Documents/Unreal Projects/AdvancedCombatDemo/Content/VFX/Textures/Decals/ActionVFX_Bullet_Hole_Textures/Drywall_Hits/Shotgun_Drywall_1.uexp" 2635
"C:/Users/user/Documents/Unreal Projects/AdvancedCombatDemo/Content/VFX/Textures/Decals/ActionVFX_Bullet_Hole_Textures/Drywall_Hits/Pistol_Drywall_Entry_5.uasset" 2636
"C:/Users/user/Documents/Unreal Projects/AdvancedCombatDemo/Content/VFX/Textures/Decals/ActionVFX_Bullet_Hole_Textures/Drywall_Hits/Pistol_Drywall_Entry_5.uexp" 2637
"C:/Users/user/Documents/Unreal Projects/AdvancedCombatDemo/Content/VFX/Textures/Decals/ActionVFX_Bullet_Hole_Textures/Drywall_Hits/Pistol_Drywall_Entry_4.uasset" 2638
"C:/Users/user/Documents/Unreal Projects/AdvancedCombatDemo/Content/VFX/Textures/Decals/ActionVFX_Bullet_Hole_Textures/Drywall_Hits/Pistol_Drywall_Entry_4.uexp" 2639
"C:/Users/user/Documents/Unreal Projects/AdvancedCombatDemo/Content/VFX/Textures/Decals/ActionVFX_Bullet_Hole_Textures/Drywall_Hits/Pistol_Drywall_Entry_3.uasset" 2640
"C:/Users/user/Documents/Unreal Projects/AdvancedCombatDemo/Content/VFX/Textures/Decals/ActionVFX_Bullet_Hole_Textures/Drywall_Hits/Pistol_Drywall_Entry_3.uexp" 2641
"C:/Users/user/Documents/Unreal Projects/AdvancedCombatDemo/Content/VFX/Textures/Decals/ActionVFX_Bullet_Hole_Textures/Drywall_Hits/Pistol_Drywall_Entry_2.uasset" 2642
"C:/Users/user/Documents/Unreal Projects/AdvancedCombatDemo/Content/VFX/Textures/Decals/ActionVFX_Bullet_Hole_Textures/Drywall_Hits/Pistol_Drywall_Entry_2.uexp" 2643
"C:/Users/user/Documents/Unreal Projects/AdvancedCombatDemo/Content/VFX/Textures/Decals/ActionVFX_Bullet_Hole_Textures/Drywall_Hits/Pistol_Drywall_Entry_1.uasset" 2644
"C:/Users/user/Documents/Unreal Projects/AdvancedCombatDemo/Content/VFX/Textures/Decals/ActionVFX_Bullet_Hole_Textures/Drywall_Hits/Pistol_Drywall_Entry_1.uexp" 2645
"C:/Users/user/Documents/Unreal Projects/AdvancedCombatDemo/Content/VFX/Textures/Decals/ActionVFX_Bullet_Hole_Textures/Concrete_Hits/Pistol_Concrete_Entry_5.uasset" 2646
"C:/Users/user/Documents/Unreal Projects/AdvancedCombatDemo/Content/VFX/Textures/Decals/ActionVFX_Bullet_Hole_Textures/Concrete_Hits/Pistol_Concrete_Entry_5.uexp" 2647
"C:/Users/user/Documents/Unreal Projects/AdvancedCombatDemo/Content/VFX/Textures/Decals/ActionVFX_Bullet_Hole_Textures/Concrete_Hits/Pistol_Concrete_Entry_4.uasset" 2648
"C:/Users/user/Documents/Unreal Projects/AdvancedCombatDemo/Content/VFX/Textures/Decals/ActionVFX_Bullet_Hole_Textures/Concrete_Hits/Pistol_Concrete_Entry_4.uexp" 2649
"C:/Users/user/Documents/Unreal Projects/AdvancedCombatDemo/Content/VFX/Textures/Decals/ActionVFX_Bullet_Hole_Textures/Concrete_Hits/Pistol_Concrete_Entry_3.uasset" 2650
"C:/Users/user/Documents/Unreal Projects/AdvancedCombatDemo/Content/VFX/Textures/Decals/ActionVFX_Bullet_Hole_Textures/Concrete_Hits/Pistol_Concrete_Entry_3.uexp" 2651
"C:/Users/user/Documents/Unreal Projects/AdvancedCombatDemo/Content/VFX/Textures/Decals/ActionVFX_Bullet_Hole_Textures/Concrete_Hits/Pistol_Concrete_Entry_2.uasset" 2652
"C:/Users/user/Documents/Unreal Projects/AdvancedCombatDemo/Content/VFX/Textures/Decals/ActionVFX_Bullet_Hole_Textures/Concrete_Hits/Pistol_Concrete_Entry_2.uexp" 2653
"C:/Users/user/Documents/Unreal Projects/AdvancedCombatDemo/Content/VFX/Textures/Decals/ActionVFX_Bullet_Hole_Textures/Concrete_Hits/Pistol_Concrete_Entry_1.uasset" 2654
"C:/Users/user/Documents/Unreal Projects/AdvancedCombatDemo/Content/VFX/Textures/Decals/ActionVFX_Bullet_Hole_Textures/Concrete_Hits/Pistol_Concrete_Entry_1.uexp" 2655
"C:/Users/user/Documents/Unreal Projects/AdvancedCombatDemo/Content/MSPresets/M_MS_SurfaceBlend_Material/LayerFunctions/Top/MF_TopLayerTextures.uasset" 2656
"C:/Users/user/Documents/Unreal Projects/AdvancedCombatDemo/Content/MSPresets/M_MS_SurfaceBlend_Material/LayerFunctions/Top/MF_TopLayerTextures.uexp" 2657
"C:/Users/user/Documents/Unreal Projects/AdvancedCombatDemo/Content/MSPresets/M_MS_SurfaceBlend_Material/LayerFunctions/Top/MF_TopLayerTessellation.uasset" 2658
"C:/Users/user/Documents/Unreal Projects/AdvancedCombatDemo/Content/MSPresets/M_MS_SurfaceBlend_Material/LayerFunctions/Top/MF_TopLayerTessellation.uexp" 2659
"C:/Users/user/Documents/Unreal Projects/AdvancedCombatDemo/Content/MSPresets/M_MS_SurfaceBlend_Material/LayerFunctions/Top/MF_TopLayerAdjustments.uasset" 2660
"C:/Users/user/Documents/Unreal Projects/AdvancedCombatDemo/Content/MSPresets/M_MS_SurfaceBlend_Material/LayerFunctions/Top/MF_TopLayerAdjustments.uexp" 2661
"C:/Users/user/Documents/Unreal Projects/AdvancedCombatDemo/Content/MSPresets/M_MS_SurfaceBlend_Material/LayerFunctions/Puddle/MF_PuddleLayer.uasset" 2662
"C:/Users/user/Documents/Unreal Projects/AdvancedCombatDemo/Content/MSPresets/M_MS_SurfaceBlend_Material/LayerFunctions/Puddle/MF_PuddleLayer.uexp" 2663
"C:/Users/user/Documents/Unreal Projects/AdvancedCombatDemo/Content/MSPresets/M_MS_SurfaceBlend_Material/LayerFunctions/Middle/MF_MiddleLayerTextures.uasset" 2664
"C:/Users/user/Documents/Unreal Projects/AdvancedCombatDemo/Content/MSPresets/M_MS_SurfaceBlend_Material/LayerFunctions/Middle/MF_MiddleLayerTextures.uexp" 2665
"C:/Users/user/Documents/Unreal Projects/AdvancedCombatDemo/Content/MSPresets/M_MS_SurfaceBlend_Material/LayerFunctions/Middle/MF_MiddleLayerTessellation.uasset" 2666
"C:/Users/user/Documents/Unreal Projects/AdvancedCombatDemo/Content/MSPresets/M_MS_SurfaceBlend_Material/LayerFunctions/Middle/MF_MiddleLayerTessellation.uexp" 2667
"C:/Users/user/Documents/Unreal Projects/AdvancedCombatDemo/Content/MSPresets/M_MS_SurfaceBlend_Material/LayerFunctions/Middle/MF_MiddleLayerAdjustments.uasset" 2668
"C:/Users/user/Documents/Unreal Projects/AdvancedCombatDemo/Content/MSPresets/M_MS_SurfaceBlend_Material/LayerFunctions/Middle/MF_MiddleLayerAdjustments.uexp" 2669
"C:/Users/user/Documents/Unreal Projects/AdvancedCombatDemo/Content/MSPresets/M_MS_SurfaceBlend_Material/LayerFunctions/Base/MF_BaseLayerTextures.uasset" 2670
"C:/Users/user/Documents/Unreal Projects/AdvancedCombatDemo/Content/MSPresets/M_MS_SurfaceBlend_Material/LayerFunctions/Base/MF_BaseLayerTextures.uexp" 2671
"C:/Users/user/Documents/Unreal Projects/AdvancedCombatDemo/Content/MSPresets/M_MS_SurfaceBlend_Material/LayerFunctions/Base/MF_BaseLayerTessellation.uasset" 2672
"C:/Users/user/Documents/Unreal Projects/AdvancedCombatDemo/Content/MSPresets/M_MS_SurfaceBlend_Material/LayerFunctions/Base/MF_BaseLayerTessellation.uexp" 2673
"C:/Users/user/Documents/Unreal Projects/AdvancedCombatDemo/Content/MSPresets/M_MS_SurfaceBlend_Material/LayerFunctions/Base/MF_BaseLayerAdjustments.uasset" 2674
"C:/Users/user/Documents/Unreal Projects/AdvancedCombatDemo/Content/MSPresets/M_MS_SurfaceBlend_Material/LayerFunctions/Base/MF_BaseLayerAdjustments.uexp" 2675
"C:/Users/user/Documents/Unreal Projects/AdvancedCombatDemo/Content/ControlRig/Characters/Mech/Textures/Imperial-Decals.uasset" 2676
"C:/Users/user/Documents/Unreal Projects/AdvancedCombatDemo/Content/ControlRig/Characters/Mech/Textures/Imperial-Decals.uexp" 2677
"C:/Users/user/Documents/Unreal Projects/AdvancedCombatDemo/Content/ControlRig/Characters/Mech/Rigs/CR_Mech.uasset" 2678
"C:/Users/user/Documents/Unreal Projects/AdvancedCombatDemo/Content/ControlRig/Characters/Mech/Rigs/CR_Mech.uexp" 2679
"C:/Users/user/Documents/Unreal Projects/AdvancedCombatDemo/Content/ControlRig/Characters/Mech/Textures/Base_AO.ubulk" 2680
"C:/Users/user/Documents/Unreal Projects/AdvancedCombatDemo/Content/ControlRig/Characters/Mech/Textures/Base_AO.uasset" 2681
"C:/Users/user/Documents/Unreal Projects/AdvancedCombatDemo/Content/ControlRig/Characters/Mech/Textures/Base_AO.uexp" 2682
"../../../Engine/Content/Functions/Engine_MaterialFunctions03/Blends/Lerp_ScratchGrime.uasset" 2683
"../../../Engine/Content/Functions/Engine_MaterialFunctions03/Blends/Lerp_ScratchGrime.uexp" 2684
"C:/Users/user/Documents/Unreal Projects/AdvancedCombatDemo/Content/ControlRig/Characters/Mech/Textures/DarkMetal_Material.uasset" 2685
"C:/Users/user/Documents/Unreal Projects/AdvancedCombatDemo/Content/ControlRig/Characters/Mech/Textures/DarkMetal_Material.uexp" 2686
"C:/Users/user/Documents/Unreal Projects/AdvancedCombatDemo/Content/ControlRig/Characters/Mech/Textures/OldMetal_reflection.uasset" 2687
"C:/Users/user/Documents/Unreal Projects/AdvancedCombatDemo/Content/ControlRig/Characters/Mech/Textures/OldMetal_reflection.uexp" 2688
"../../../Engine/Content/EngineDebugMaterials/HeatmapGradient.ubulk" 2689
"../../../Engine/Content/EngineDebugMaterials/HeatmapGradient.uasset" 2690
"../../../Engine/Content/EngineDebugMaterials/HeatmapGradient.uexp" 2691
"../../../Engine/Content/Functions/Engine_MaterialFunctions01/ImageAdjustment/CheapContrast_RGB.uasset" 2692
"../../../Engine/Content/Functions/Engine_MaterialFunctions01/ImageAdjustment/CheapContrast_RGB.uexp" 2693
"C:/Users/user/Documents/Unreal Projects/AdvancedCombatDemo/Content/ControlRig/Characters/Mech/Textures/sfmlffqc_4K_Mask.uasset" 2694
"C:/Users/user/Documents/Unreal Projects/AdvancedCombatDemo/Content/ControlRig/Characters/Mech/Textures/sfmlffqc_4K_Mask.uexp" 2695
"../../../Engine/Content/Functions/Engine_MaterialFunctions01/Texturing/LocalAlignedTexture_TransformedWorldSpace.uasset" 2696
"../../../Engine/Content/Functions/Engine_MaterialFunctions01/Texturing/LocalAlignedTexture_TransformedWorldSpace.uexp" 2697
"C:/Users/user/Documents/Unreal Projects/AdvancedCombatDemo/Content/ControlRig/Characters/Mech/Textures/White.uasset" 2698
"C:/Users/user/Documents/Unreal Projects/AdvancedCombatDemo/Content/ControlRig/Characters/Mech/Textures/White.uexp" 2699
"../../../Engine/Content/Functions/Engine_MaterialFunctions01/Texturing/WorldAlignedTexture.uasset" 2700
"../../../Engine/Content/Functions/Engine_MaterialFunctions01/Texturing/WorldAlignedTexture.uexp" 2701
"C:/Users/user/Documents/Unreal Projects/AdvancedCombatDemo/Content/ControlRig/Characters/Mech/Textures/DarkMetal_Albedo.uasset" 2702
"C:/Users/user/Documents/Unreal Projects/AdvancedCombatDemo/Content/ControlRig/Characters/Mech/Textures/DarkMetal_Albedo.uexp" 2703
"C:/Users/user/Documents/Unreal Projects/AdvancedCombatDemo/Content/ControlRig/Characters/Mech/Textures/DarkMetal_Normal.uasset" 2704
"C:/Users/user/Documents/Unreal Projects/AdvancedCombatDemo/Content/ControlRig/Characters/Mech/Textures/DarkMetal_Normal.uexp" 2705
"C:/Users/user/Documents/Unreal Projects/AdvancedCombatDemo/Content/ControlRig/Characters/Mech/Materials/Dark_Metal.uasset" 2706
"C:/Users/user/Documents/Unreal Projects/AdvancedCombatDemo/Content/ControlRig/Characters/Mech/Materials/Dark_Metal.uexp" 2707
"C:/Users/user/Documents/Unreal Projects/AdvancedCombatDemo/Content/ControlRig/Characters/Mech/Textures/Base_EdgeMask.uasset" 2708
"C:/Users/user/Documents/Unreal Projects/AdvancedCombatDemo/Content/ControlRig/Characters/Mech/Textures/Base_EdgeMask.uexp" 2709
"C:/Users/user/Documents/Unreal Projects/AdvancedCombatDemo/Content/ControlRig/Characters/Mech/Materials/Dark_Metal_Inst_Base.uasset" 2710
"C:/Users/user/Documents/Unreal Projects/AdvancedCombatDemo/Content/ControlRig/Characters/Mech/Materials/Dark_Metal_Inst_Base.uexp" 2711
"C:/Users/user/Documents/Unreal Projects/AdvancedCombatDemo/Content/ControlRig/Characters/Mech/Textures/Base_GrimeMask.uasset" 2712
"C:/Users/user/Documents/Unreal Projects/AdvancedCombatDemo/Content/ControlRig/Characters/Mech/Textures/Base_GrimeMask.uexp" 2713
"../../../Engine/Content/Functions/Engine_MaterialFunctions03/Blends/Blend_HardLight.uasset" 2714
"../../../Engine/Content/Functions/Engine_MaterialFunctions03/Blends/Blend_HardLight.uexp" 2715
"C:/Users/user/Documents/Unreal Projects/AdvancedCombatDemo/Content/ControlRig/Characters/Mech/Textures/GrimeMask.uasset" 2716
"C:/Users/user/Documents/Unreal Projects/AdvancedCombatDemo/Content/ControlRig/Characters/Mech/Textures/GrimeMask.uexp" 2717
"C:/Users/user/Documents/Unreal Projects/AdvancedCombatDemo/Content/ControlRig/Characters/Mech/Textures/PaintedMetal_Albedo.uasset" 2718
"C:/Users/user/Documents/Unreal Projects/AdvancedCombatDemo/Content/ControlRig/Characters/Mech/Textures/PaintedMetal_Albedo.uexp" 2719
"../../../Engine/Content/Functions/Engine_MaterialFunctions03/Blends/Blend_Lighten.uasset" 2720
"../../../Engine/Content/Functions/Engine_MaterialFunctions03/Blends/Blend_Lighten.uexp" 2721
"C:/Users/user/Documents/Unreal Projects/AdvancedCombatDemo/Content/ControlRig/Characters/Mech/Textures/PaintedMetal_Normal.uasset" 2722
"C:/Users/user/Documents/Unreal Projects/AdvancedCombatDemo/Content/ControlRig/Characters/Mech/Textures/PaintedMetal_Normal.uexp" 2723
"C:/Users/user/Documents/Unreal Projects/AdvancedCombatDemo/Content/ControlRig/Characters/Mech/Textures/PaintedMetal_Material.uasset" 2724
"C:/Users/user/Documents/Unreal Projects/AdvancedCombatDemo/Content/ControlRig/Characters/Mech/Textures/PaintedMetal_Material.uexp" 2725
"C:/Users/user/Documents/Unreal Projects/AdvancedCombatDemo/Content/ControlRig/Characters/Mech/Materials/Mech_Paint.uasset" 2726
"C:/Users/user/Documents/Unreal Projects/AdvancedCombatDemo/Content/ControlRig/Characters/Mech/Materials/Mech_Paint.uexp" 2727
"C:/Users/user/Documents/Unreal Projects/AdvancedCombatDemo/Content/ControlRig/Characters/Mech/Materials/Mech_Paint_Inst_Base.uasset" 2728
"C:/Users/user/Documents/Unreal Projects/AdvancedCombatDemo/Content/ControlRig/Characters/Mech/Materials/Mech_Paint_Inst_Base.uexp" 2729
"C:/Users/user/Documents/Unreal Projects/AdvancedCombatDemo/Content/ControlRig/Characters/Mech/Meshes/SK_Mech.uasset" 2730
"C:/Users/user/Documents/Unreal Projects/AdvancedCombatDemo/Content/ControlRig/Characters/Mech/Meshes/SK_Mech.uexp" 2731
"C:/Users/user/Documents/Unreal Projects/AdvancedCombatDemo/Content/ControlRig/Characters/Mech/Materials/Mech_Lenses.uasset" 2732
"C:/Users/user/Documents/Unreal Projects/AdvancedCombatDemo/Content/ControlRig/Characters/Mech/Materials/Mech_Lenses.uexp" 2733
"C:/Users/user/Documents/Unreal Projects/AdvancedCombatDemo/Content/ControlRig/Characters/Mech/Textures/Body_GrimeMask.uasset" 2734
"C:/Users/user/Documents/Unreal Projects/AdvancedCombatDemo/Content/ControlRig/Characters/Mech/Textures/Body_GrimeMask.uexp" 2735
"C:/Users/user/Documents/Unreal Projects/AdvancedCombatDemo/Content/ControlRig/Characters/Mech/Textures/Body_EdgeMask.ubulk" 2736
"C:/Users/user/Documents/Unreal Projects/AdvancedCombatDemo/Content/ControlRig/Characters/Mech/Textures/Body_EdgeMask.uasset" 2737
"C:/Users/user/Documents/Unreal Projects/AdvancedCombatDemo/Content/ControlRig/Characters/Mech/Textures/Body_EdgeMask.uexp" 2738
"C:/Users/user/Documents/Unreal Projects/AdvancedCombatDemo/Content/ControlRig/Characters/Mech/Textures/Body_AO.ubulk" 2739
"C:/Users/user/Documents/Unreal Projects/AdvancedCombatDemo/Content/ControlRig/Characters/Mech/Textures/Body_AO.uasset" 2740
"C:/Users/user/Documents/Unreal Projects/AdvancedCombatDemo/Content/ControlRig/Characters/Mech/Textures/Body_AO.uexp" 2741
"C:/Users/user/Documents/Unreal Projects/AdvancedCombatDemo/Content/ControlRig/Characters/Mech/Materials/Mech_Paint_Inst_Body.uasset" 2742
"C:/Users/user/Documents/Unreal Projects/AdvancedCombatDemo/Content/ControlRig/Characters/Mech/Materials/Mech_Paint_Inst_Body.uexp" 2743
"C:/Users/user/Documents/Unreal Projects/AdvancedCombatDemo/Content/ControlRig/Characters/Mech/Textures/Imperial-Decals-NoStarWars.uasset" 2744
"C:/Users/user/Documents/Unreal Projects/AdvancedCombatDemo/Content/ControlRig/Characters/Mech/Textures/Imperial-Decals-NoStarWars.uexp" 2745
"C:/Users/user/Documents/Unreal Projects/AdvancedCombatDemo/Content/ControlRig/Characters/Mech/Materials/Mech_Decals.uasset" 2746
"C:/Users/user/Documents/Unreal Projects/AdvancedCombatDemo/Content/ControlRig/Characters/Mech/Materials/Mech_Decals.uexp" 2747
"C:/Users/user/Documents/Unreal Projects/AdvancedCombatDemo/Content/ControlRig/Characters/Mech/Textures/Bolts_R.ubulk" 2748
"C:/Users/user/Documents/Unreal Projects/AdvancedCombatDemo/Content/ControlRig/Characters/Mech/Textures/Bolts_R.uasset" 2749
"C:/Users/user/Documents/Unreal Projects/AdvancedCombatDemo/Content/ControlRig/Characters/Mech/Textures/Bolts_R.uexp" 2750
"C:/Users/user/Documents/Unreal Projects/AdvancedCombatDemo/Content/ControlRig/Characters/Mech/Textures/Bolts_N.uasset" 2751
"C:/Users/user/Documents/Unreal Projects/AdvancedCombatDemo/Content/ControlRig/Characters/Mech/Textures/Bolts_N.uexp" 2752
"C:/Users/user/Documents/Unreal Projects/AdvancedCombatDemo/Content/ControlRig/Characters/Mech/Textures/Bolts_A.ubulk" 2753
"C:/Users/user/Documents/Unreal Projects/AdvancedCombatDemo/Content/ControlRig/Characters/Mech/Textures/Bolts_A.uasset" 2754
"C:/Users/user/Documents/Unreal Projects/AdvancedCombatDemo/Content/ControlRig/Characters/Mech/Textures/Bolts_A.uexp" 2755
"C:/Users/user/Documents/Unreal Projects/AdvancedCombatDemo/Content/ControlRig/Characters/Mech/Materials/NormalDecals.uasset" 2756
"C:/Users/user/Documents/Unreal Projects/AdvancedCombatDemo/Content/ControlRig/Characters/Mech/Materials/NormalDecals.uexp" 2757
"C:/Users/user/Documents/Unreal Projects/AdvancedCombatDemo/Content/ControlRig/Characters/Mech/Textures/Rainbow.ubulk" 2758
"C:/Users/user/Documents/Unreal Projects/AdvancedCombatDemo/Content/ControlRig/Characters/Mech/Textures/Rainbow.uasset" 2759
"C:/Users/user/Documents/Unreal Projects/AdvancedCombatDemo/Content/ControlRig/Characters/Mech/Textures/Rainbow.uexp" 2760
"C:/Users/user/Documents/Unreal Projects/AdvancedCombatDemo/Content/ControlRig/Characters/Mech/Textures/Metal_Albedo.uasset" 2761
"C:/Users/user/Documents/Unreal Projects/AdvancedCombatDemo/Content/ControlRig/Characters/Mech/Textures/Metal_Albedo.uexp" 2762
"C:/Users/user/Documents/Unreal Projects/AdvancedCombatDemo/Content/ControlRig/Characters/Mech/Textures/Metal_Material.uasset" 2763
"C:/Users/user/Documents/Unreal Projects/AdvancedCombatDemo/Content/ControlRig/Characters/Mech/Textures/Metal_Material.uexp" 2764
"C:/Users/user/Documents/Unreal Projects/AdvancedCombatDemo/Content/ControlRig/Characters/Mech/Materials/Mech_Metal.uasset" 2765
"C:/Users/user/Documents/Unreal Projects/AdvancedCombatDemo/Content/ControlRig/Characters/Mech/Materials/Mech_Metal.uexp" 2766
"C:/Users/user/Documents/Unreal Projects/AdvancedCombatDemo/Content/ControlRig/Characters/Mech/Materials/Dark_Metal_Inst_Body.uasset" 2767
"C:/Users/user/Documents/Unreal Projects/AdvancedCombatDemo/Content/ControlRig/Characters/Mech/Materials/Dark_Metal_Inst_Body.uexp" 2768
"C:/Users/user/Documents/Unreal Projects/AdvancedCombatDemo/Content/ControlRig/Characters/Mech/Textures/Cable_normal.uasset" 2769
"C:/Users/user/Documents/Unreal Projects/AdvancedCombatDemo/Content/ControlRig/Characters/Mech/Textures/Cable_normal.uexp" 2770
"C:/Users/user/Documents/Unreal Projects/AdvancedCombatDemo/Content/ControlRig/Characters/Mech/Textures/Cable_albedo.ubulk" 2771
"C:/Users/user/Documents/Unreal Projects/AdvancedCombatDemo/Content/ControlRig/Characters/Mech/Textures/Cable_albedo.uasset" 2772
"C:/Users/user/Documents/Unreal Projects/AdvancedCombatDemo/Content/ControlRig/Characters/Mech/Textures/Cable_albedo.uexp" 2773
"C:/Users/user/Documents/Unreal Projects/AdvancedCombatDemo/Content/ControlRig/Characters/Mech/Textures/Cable_reflection.uasset" 2774
"C:/Users/user/Documents/Unreal Projects/AdvancedCombatDemo/Content/ControlRig/Characters/Mech/Textures/Cable_reflection.uexp" 2775
"C:/Users/user/Documents/Unreal Projects/AdvancedCombatDemo/Content/ControlRig/Characters/Mech/Materials/Mech_Cables.uasset" 2776
"C:/Users/user/Documents/Unreal Projects/AdvancedCombatDemo/Content/ControlRig/Characters/Mech/Materials/Mech_Cables.uexp" 2777
"C:/Users/user/Documents/Unreal Projects/AdvancedCombatDemo/Content/ControlRig/Characters/Mech/Meshes/SKM_Mech.uasset" 2778
"C:/Users/user/Documents/Unreal Projects/AdvancedCombatDemo/Content/ControlRig/Characters/Mech/Meshes/SKM_Mech.uexp" 2779
"C:/Users/user/Documents/Unreal Projects/AdvancedCombatDemo/Content/ControlRig/Characters/Mech/Animations/Mech_Walk.uasset" 2780
"C:/Users/user/Documents/Unreal Projects/AdvancedCombatDemo/Content/ControlRig/Characters/Mech/Animations/Mech_Walk.uexp" 2781
"C:/Users/user/Documents/Unreal Projects/AdvancedCombatDemo/Content/ControlRig/Characters/Mech/Animations/Mech_Idle.uasset" 2782
"C:/Users/user/Documents/Unreal Projects/AdvancedCombatDemo/Content/ControlRig/Characters/Mech/Animations/Mech_Idle.uexp" 2783
"C:/Users/user/Documents/Unreal Projects/AdvancedCombatDemo/Content/ControlRig/Characters/Mech/Animations/Mech_Deploy.uasset" 2784
"C:/Users/user/Documents/Unreal Projects/AdvancedCombatDemo/Content/ControlRig/Characters/Mech/Animations/Mech_Deploy.uexp" 2785
"C:/Users/user/Documents/Unreal Projects/AdvancedCombatDemo/Content/ControlRig/Characters/Mannequins/Rigs/RTG_Mannequin.uasset" 2786
"C:/Users/user/Documents/Unreal Projects/AdvancedCombatDemo/Content/ControlRig/Characters/Mannequins/Rigs/RTG_Mannequin.uexp" 2787
"C:/Users/user/Documents/Unreal Projects/AdvancedCombatDemo/Content/ControlRig/Characters/Mannequins/Rigs/IK_Mannequin.uasset" 2788
"C:/Users/user/Documents/Unreal Projects/AdvancedCombatDemo/Content/ControlRig/Characters/Mannequins/Rigs/IK_Mannequin.uexp" 2789
"C:/Users/user/Documents/Unreal Projects/AdvancedCombatDemo/Content/ControlRig/Characters/Mannequins/Rigs/CR_Mannequin_Body.uasset" 2790
"C:/Users/user/Documents/Unreal Projects/AdvancedCombatDemo/Content/ControlRig/Characters/Mannequins/Rigs/CR_Mannequin_Body.uexp" 2791
"../../../Engine/Plugins/Animation/ControlRig/Content/StandardFunctionLibrary/StandardFunctionLibrary.uasset" 2792
"../../../Engine/Plugins/Animation/ControlRig/Content/StandardFunctionLibrary/StandardFunctionLibrary.uexp" 2793
"../../../Engine/Plugins/Animation/ControlRigSpline/Content/SplineFunctionLibrary/SplineFunctionLibrary.uasset" 2794
"../../../Engine/Plugins/Animation/ControlRigSpline/Content/SplineFunctionLibrary/SplineFunctionLibrary.uexp" 2795
"C:/Users/user/Documents/Unreal Projects/AdvancedCombatDemo/Content/ControlRig/Characters/Mannequins/Rigs/CR_Mannequin_BasicBiped.uasset" 2796
"C:/Users/user/Documents/Unreal Projects/AdvancedCombatDemo/Content/ControlRig/Characters/Mannequins/Rigs/CR_Mannequin_BasicBiped.uexp" 2797
"C:/Users/user/Documents/Unreal Projects/AdvancedCombatDemo/Content/ControlRig/Characters/Mannequins/Materials/Functions/ChromaticCurve.uasset" 2798
"C:/Users/user/Documents/Unreal Projects/AdvancedCombatDemo/Content/ControlRig/Characters/Mannequins/Materials/Functions/ChromaticCurve.uexp" 2799
"C:/Users/user/Documents/Unreal Projects/AdvancedCombatDemo/Content/ControlRig/Characters/Mannequins/Materials/Functions/CA_Mannequin.uasset" 2800
"C:/Users/user/Documents/Unreal Projects/AdvancedCombatDemo/Content/ControlRig/Characters/Mannequins/Materials/Functions/CA_Mannequin.uexp" 2801
"C:/Users/user/Documents/Unreal Projects/AdvancedCombatDemo/Content/ControlRig/Characters/Mannequins/Materials/Functions/MF_Diffraction.uasset" 2802
"C:/Users/user/Documents/Unreal Projects/AdvancedCombatDemo/Content/ControlRig/Characters/Mannequins/Materials/Functions/MF_Diffraction.uexp" 2803
"C:/Users/user/Documents/Unreal Projects/AdvancedCombatDemo/Content/ControlRig/Characters/Mannequins/Textures/Manny/T_Manny_01_Tan.ubulk" 2804
"C:/Users/user/Documents/Unreal Projects/AdvancedCombatDemo/Content/ControlRig/Characters/Mannequins/Textures/Manny/T_Manny_01_Tan.uasset" 2805
"C:/Users/user/Documents/Unreal Projects/AdvancedCombatDemo/Content/ControlRig/Characters/Mannequins/Textures/Manny/T_Manny_01_Tan.uexp" 2806
"C:/Users/user/Documents/Unreal Projects/AdvancedCombatDemo/Content/ControlRig/Characters/Mannequins/Textures/Shared/T_UE_Logo_M.uasset" 2807
"C:/Users/user/Documents/Unreal Projects/AdvancedCombatDemo/Content/ControlRig/Characters/Mannequins/Textures/Shared/T_UE_Logo_M.uexp" 2808
"C:/Users/user/Documents/Unreal Projects/AdvancedCombatDemo/Content/ControlRig/Characters/Mannequins/Materials/Functions/MF_logo3layers.uasset" 2809
"C:/Users/user/Documents/Unreal Projects/AdvancedCombatDemo/Content/ControlRig/Characters/Mannequins/Materials/Functions/MF_logo3layers.uexp" 2810
"C:/Users/user/Documents/Unreal Projects/AdvancedCombatDemo/Content/ControlRig/Characters/Mannequins/Textures/Manny/T_Manny_01_N.ubulk" 2811
"C:/Users/user/Documents/Unreal Projects/AdvancedCombatDemo/Content/ControlRig/Characters/Mannequins/Textures/Manny/T_Manny_01_N.uasset" 2812
"C:/Users/user/Documents/Unreal Projects/AdvancedCombatDemo/Content/ControlRig/Characters/Mannequins/Textures/Manny/T_Manny_01_N.uexp" 2813
"C:/Users/user/Documents/Unreal Projects/AdvancedCombatDemo/Content/ControlRig/Characters/Mannequins/Textures/Manny/T_Manny_01_MSR_MSK.ubulk" 2814
"C:/Users/user/Documents/Unreal Projects/AdvancedCombatDemo/Content/ControlRig/Characters/Mannequins/Textures/Manny/T_Manny_01_MSR_MSK.uasset" 2815
"C:/Users/user/Documents/Unreal Projects/AdvancedCombatDemo/Content/ControlRig/Characters/Mannequins/Textures/Manny/T_Manny_01_MSR_MSK.uexp" 2816
"C:/Users/user/Documents/Unreal Projects/AdvancedCombatDemo/Content/ControlRig/Characters/Mannequins/Textures/Manny/T_Manny_01_ASAOPMASK_MSK.ubulk" 2817
"C:/Users/user/Documents/Unreal Projects/AdvancedCombatDemo/Content/ControlRig/Characters/Mannequins/Textures/Manny/T_Manny_01_ASAOPMASK_MSK.uasset" 2818
"C:/Users/user/Documents/Unreal Projects/AdvancedCombatDemo/Content/ControlRig/Characters/Mannequins/Textures/Manny/T_Manny_01_ASAOPMASK_MSK.uexp" 2819
"C:/Users/user/Documents/Unreal Projects/AdvancedCombatDemo/Content/ControlRig/Characters/Mannequins/Textures/Manny/T_Manny_01_CCRCCPlastic_MSK.ubulk" 2820
"C:/Users/user/Documents/Unreal Projects/AdvancedCombatDemo/Content/ControlRig/Characters/Mannequins/Textures/Manny/T_Manny_01_CCRCCPlastic_MSK.uasset" 2821
"C:/Users/user/Documents/Unreal Projects/AdvancedCombatDemo/Content/ControlRig/Characters/Mannequins/Textures/Manny/T_Manny_01_CCRCCPlastic_MSK.uexp" 2822
"C:/Users/user/Documents/Unreal Projects/AdvancedCombatDemo/Content/ControlRig/Characters/Mannequins/Textures/Manny/T_Manny_01_D.ubulk" 2823
"C:/Users/user/Documents/Unreal Projects/AdvancedCombatDemo/Content/ControlRig/Characters/Mannequins/Textures/Manny/T_Manny_01_D.uasset" 2824
"C:/Users/user/Documents/Unreal Projects/AdvancedCombatDemo/Content/ControlRig/Characters/Mannequins/Textures/Manny/T_Manny_01_D.uexp" 2825
"C:/Users/user/Documents/Unreal Projects/AdvancedCombatDemo/Content/ControlRig/Characters/Mannequins/Textures/Manny/T_Manny_01_BN.ubulk" 2826
"C:/Users/user/Documents/Unreal Projects/AdvancedCombatDemo/Content/ControlRig/Characters/Mannequins/Textures/Manny/T_Manny_01_BN.uasset" 2827
"C:/Users/user/Documents/Unreal Projects/AdvancedCombatDemo/Content/ControlRig/Characters/Mannequins/Textures/Manny/T_Manny_01_BN.uexp" 2828
"C:/Users/user/Documents/Unreal Projects/AdvancedCombatDemo/Content/ControlRig/Characters/Mannequins/Materials/Functions/ML_BaseColorFallOff.uasset" 2829
"C:/Users/user/Documents/Unreal Projects/AdvancedCombatDemo/Content/ControlRig/Characters/Mannequins/Materials/Functions/ML_BaseColorFallOff.uexp" 2830
"C:/Users/user/Documents/Unreal Projects/AdvancedCombatDemo/Content/ControlRig/Characters/Mannequins/Materials/M_Mannequin.uasset" 2831
"C:/Users/user/Documents/Unreal Projects/AdvancedCombatDemo/Content/ControlRig/Characters/Mannequins/Materials/M_Mannequin.uexp" 2832
"C:/Users/user/Documents/Unreal Projects/AdvancedCombatDemo/Content/ControlRig/Characters/Mannequins/Textures/Quinn/T_Quinn_01ID_BN.ubulk" 2833
"C:/Users/user/Documents/Unreal Projects/AdvancedCombatDemo/Content/ControlRig/Characters/Mannequins/Textures/Quinn/T_Quinn_01ID_BN.uasset" 2834
"C:/Users/user/Documents/Unreal Projects/AdvancedCombatDemo/Content/ControlRig/Characters/Mannequins/Textures/Quinn/T_Quinn_01ID_BN.uexp" 2835
"C:/Users/user/Documents/Unreal Projects/AdvancedCombatDemo/Content/ControlRig/Characters/Mannequins/Textures/Quinn/T_Quinn_01ID_Tan.ubulk" 2836
"C:/Users/user/Documents/Unreal Projects/AdvancedCombatDemo/Content/ControlRig/Characters/Mannequins/Textures/Quinn/T_Quinn_01ID_Tan.uasset" 2837
"C:/Users/user/Documents/Unreal Projects/AdvancedCombatDemo/Content/ControlRig/Characters/Mannequins/Textures/Quinn/T_Quinn_01ID_Tan.uexp" 2838
"C:/Users/user/Documents/Unreal Projects/AdvancedCombatDemo/Content/ControlRig/Characters/Mannequins/Textures/Quinn/T_Quinn_01_CCRCCPlastic_MSK.ubulk" 2839
"C:/Users/user/Documents/Unreal Projects/AdvancedCombatDemo/Content/ControlRig/Characters/Mannequins/Textures/Quinn/T_Quinn_01_CCRCCPlastic_MSK.uasset" 2840
"C:/Users/user/Documents/Unreal Projects/AdvancedCombatDemo/Content/ControlRig/Characters/Mannequins/Textures/Quinn/T_Quinn_01_CCRCCPlastic_MSK.uexp" 2841
"C:/Users/user/Documents/Unreal Projects/AdvancedCombatDemo/Content/ControlRig/Characters/Mannequins/Textures/Quinn/T_Quinn_01ID_N.ubulk" 2842
"C:/Users/user/Documents/Unreal Projects/AdvancedCombatDemo/Content/ControlRig/Characters/Mannequins/Textures/Quinn/T_Quinn_01ID_N.uasset" 2843
"C:/Users/user/Documents/Unreal Projects/AdvancedCombatDemo/Content/ControlRig/Characters/Mannequins/Textures/Quinn/T_Quinn_01ID_N.uexp" 2844
"C:/Users/user/Documents/Unreal Projects/AdvancedCombatDemo/Content/ControlRig/Characters/Mannequins/Textures/Quinn/T_Quinn_01_ASAOMASK_MSK.ubulk" 2845
"C:/Users/user/Documents/Unreal Projects/AdvancedCombatDemo/Content/ControlRig/Characters/Mannequins/Textures/Quinn/T_Quinn_01_ASAOMASK_MSK.uasset" 2846
"C:/Users/user/Documents/Unreal Projects/AdvancedCombatDemo/Content/ControlRig/Characters/Mannequins/Textures/Quinn/T_Quinn_01_ASAOMASK_MSK.uexp" 2847
"C:/Users/user/Documents/Unreal Projects/AdvancedCombatDemo/Content/ControlRig/Characters/Mannequins/Textures/Quinn/T_Quinn_01ID_D.ubulk" 2848
"C:/Users/user/Documents/Unreal Projects/AdvancedCombatDemo/Content/ControlRig/Characters/Mannequins/Textures/Quinn/T_Quinn_01ID_D.uasset" 2849
"C:/Users/user/Documents/Unreal Projects/AdvancedCombatDemo/Content/ControlRig/Characters/Mannequins/Textures/Quinn/T_Quinn_01ID_D.uexp" 2850
"C:/Users/user/Documents/Unreal Projects/AdvancedCombatDemo/Content/ControlRig/Characters/Mannequins/Textures/Quinn/T_Quinn_01ID_MSR_MSK.ubulk" 2851
"C:/Users/user/Documents/Unreal Projects/AdvancedCombatDemo/Content/ControlRig/Characters/Mannequins/Textures/Quinn/T_Quinn_01ID_MSR_MSK.uasset" 2852
"C:/Users/user/Documents/Unreal Projects/AdvancedCombatDemo/Content/ControlRig/Characters/Mannequins/Textures/Quinn/T_Quinn_01ID_MSR_MSK.uexp" 2853
"C:/Users/user/Documents/Unreal Projects/AdvancedCombatDemo/Content/ControlRig/Characters/Mannequins/Materials/Instances/Quinn/MI_Quinn_01.uasset" 2854
"C:/Users/user/Documents/Unreal Projects/AdvancedCombatDemo/Content/ControlRig/Characters/Mannequins/Materials/Instances/Quinn/MI_Quinn_01.uexp" 2855
"C:/Users/user/Documents/Unreal Projects/AdvancedCombatDemo/Content/ControlRig/Characters/Mannequins/Rigs/PA_Mannequin.uasset" 2856
"C:/Users/user/Documents/Unreal Projects/AdvancedCombatDemo/Content/ControlRig/Characters/Mannequins/Rigs/PA_Mannequin.uexp" 2857
"C:/Users/user/Documents/Unreal Projects/AdvancedCombatDemo/Content/ControlRig/Characters/Mannequins/Textures/Quinn/T_Quinn_02ID_BN.ubulk" 2858
"C:/Users/user/Documents/Unreal Projects/AdvancedCombatDemo/Content/ControlRig/Characters/Mannequins/Textures/Quinn/T_Quinn_02ID_BN.uasset" 2859
"C:/Users/user/Documents/Unreal Projects/AdvancedCombatDemo/Content/ControlRig/Characters/Mannequins/Textures/Quinn/T_Quinn_02ID_BN.uexp" 2860
"C:/Users/user/Documents/Unreal Projects/AdvancedCombatDemo/Content/ControlRig/Characters/Mannequins/Textures/Quinn/T_Quinn_02_CCRCCPlastic_MSK.ubulk" 2861
"C:/Users/user/Documents/Unreal Projects/AdvancedCombatDemo/Content/ControlRig/Characters/Mannequins/Textures/Quinn/T_Quinn_02_CCRCCPlastic_MSK.uasset" 2862
"C:/Users/user/Documents/Unreal Projects/AdvancedCombatDemo/Content/ControlRig/Characters/Mannequins/Textures/Quinn/T_Quinn_02_CCRCCPlastic_MSK.uexp" 2863
"C:/Users/user/Documents/Unreal Projects/AdvancedCombatDemo/Content/ControlRig/Characters/Mannequins/Textures/Quinn/T_Quinn_02ID_Tan.ubulk" 2864
"C:/Users/user/Documents/Unreal Projects/AdvancedCombatDemo/Content/ControlRig/Characters/Mannequins/Textures/Quinn/T_Quinn_02ID_Tan.uasset" 2865
"C:/Users/user/Documents/Unreal Projects/AdvancedCombatDemo/Content/ControlRig/Characters/Mannequins/Textures/Quinn/T_Quinn_02ID_Tan.uexp" 2866
"C:/Users/user/Documents/Unreal Projects/AdvancedCombatDemo/Content/ControlRig/Characters/Mannequins/Textures/Quinn/T_Quinn_02ID_D.ubulk" 2867
"C:/Users/user/Documents/Unreal Projects/AdvancedCombatDemo/Content/ControlRig/Characters/Mannequins/Textures/Quinn/T_Quinn_02ID_D.uasset" 2868
"C:/Users/user/Documents/Unreal Projects/AdvancedCombatDemo/Content/ControlRig/Characters/Mannequins/Textures/Quinn/T_Quinn_02ID_D.uexp" 2869
"C:/Users/user/Documents/Unreal Projects/AdvancedCombatDemo/Content/ControlRig/Characters/Mannequins/Textures/Quinn/T_Quinn_02_ASAOMASK_MSK.ubulk" 2870
"C:/Users/user/Documents/Unreal Projects/AdvancedCombatDemo/Content/ControlRig/Characters/Mannequins/Textures/Quinn/T_Quinn_02_ASAOMASK_MSK.uasset" 2871
"C:/Users/user/Documents/Unreal Projects/AdvancedCombatDemo/Content/ControlRig/Characters/Mannequins/Textures/Quinn/T_Quinn_02_ASAOMASK_MSK.uexp" 2872
"C:/Users/user/Documents/Unreal Projects/AdvancedCombatDemo/Content/ControlRig/Characters/Mannequins/Textures/Quinn/T_Quinn_02ID_MSR_MSK.ubulk" 2873
"C:/Users/user/Documents/Unreal Projects/AdvancedCombatDemo/Content/ControlRig/Characters/Mannequins/Textures/Quinn/T_Quinn_02ID_MSR_MSK.uasset" 2874
"C:/Users/user/Documents/Unreal Projects/AdvancedCombatDemo/Content/ControlRig/Characters/Mannequins/Textures/Quinn/T_Quinn_02ID_MSR_MSK.uexp" 2875
"C:/Users/user/Documents/Unreal Projects/AdvancedCombatDemo/Content/ControlRig/Characters/Mannequins/Textures/Quinn/T_Quinn_02ID_N.ubulk" 2876
"C:/Users/user/Documents/Unreal Projects/AdvancedCombatDemo/Content/ControlRig/Characters/Mannequins/Textures/Quinn/T_Quinn_02ID_N.uasset" 2877
"C:/Users/user/Documents/Unreal Projects/AdvancedCombatDemo/Content/ControlRig/Characters/Mannequins/Textures/Quinn/T_Quinn_02ID_N.uexp" 2878
"C:/Users/user/Documents/Unreal Projects/AdvancedCombatDemo/Content/ControlRig/Characters/Mannequins/Materials/Instances/Quinn/MI_Quinn_02.uasset" 2879
"C:/Users/user/Documents/Unreal Projects/AdvancedCombatDemo/Content/ControlRig/Characters/Mannequins/Materials/Instances/Quinn/MI_Quinn_02.uexp" 2880
"C:/Users/user/Documents/Unreal Projects/AdvancedCombatDemo/Content/ControlRig/Characters/Mannequins/Meshes/SK_Mannequin.uasset" 2881
"C:/Users/user/Documents/Unreal Projects/AdvancedCombatDemo/Content/ControlRig/Characters/Mannequins/Meshes/SK_Mannequin.uexp" 2882
"C:/Users/user/Documents/Unreal Projects/AdvancedCombatDemo/Content/ControlRig/Characters/Mannequins/Meshes/SKM_Quinn_Simple.uasset" 2883
"C:/Users/user/Documents/Unreal Projects/AdvancedCombatDemo/Content/ControlRig/Characters/Mannequins/Meshes/SKM_Quinn_Simple.uexp" 2884
"C:/Users/user/Documents/Unreal Projects/AdvancedCombatDemo/Content/ControlRig/Characters/Mannequins/Rigs/Poses/Quinn/Quinn_clavicle_r_anim.uasset" 2885
"C:/Users/user/Documents/Unreal Projects/AdvancedCombatDemo/Content/ControlRig/Characters/Mannequins/Rigs/Poses/Quinn/Quinn_clavicle_r_anim.uexp" 2886
"C:/Users/user/Documents/Unreal Projects/AdvancedCombatDemo/Content/ControlRig/Characters/Mannequins/Rigs/Poses/Quinn/Quinn_clavicle_r_pose.uasset" 2887
"C:/Users/user/Documents/Unreal Projects/AdvancedCombatDemo/Content/ControlRig/Characters/Mannequins/Rigs/Poses/Quinn/Quinn_clavicle_r_pose.uexp" 2888
"C:/Users/user/Documents/Unreal Projects/AdvancedCombatDemo/Content/ControlRig/Characters/Mannequins/Rigs/Poses/Quinn/Quinn_thigh_r_anim.uasset" 2889
"C:/Users/user/Documents/Unreal Projects/AdvancedCombatDemo/Content/ControlRig/Characters/Mannequins/Rigs/Poses/Quinn/Quinn_thigh_r_anim.uexp" 2890
"C:/Users/user/Documents/Unreal Projects/AdvancedCombatDemo/Content/ControlRig/Characters/Mannequins/Rigs/Poses/Quinn/Quinn_thigh_r_pose.uasset" 2891
"C:/Users/user/Documents/Unreal Projects/AdvancedCombatDemo/Content/ControlRig/Characters/Mannequins/Rigs/Poses/Quinn/Quinn_thigh_r_pose.uexp" 2892
"C:/Users/user/Documents/Unreal Projects/AdvancedCombatDemo/Content/ControlRig/Characters/Mannequins/Rigs/Poses/Quinn/Quinn_upperarm_l_anim.uasset" 2893
"C:/Users/user/Documents/Unreal Projects/AdvancedCombatDemo/Content/ControlRig/Characters/Mannequins/Rigs/Poses/Quinn/Quinn_upperarm_l_anim.uexp" 2894
"C:/Users/user/Documents/Unreal Projects/AdvancedCombatDemo/Content/ControlRig/Characters/Mannequins/Rigs/Poses/Quinn/Quinn_upperarm_l_pose.uasset" 2895
"C:/Users/user/Documents/Unreal Projects/AdvancedCombatDemo/Content/ControlRig/Characters/Mannequins/Rigs/Poses/Quinn/Quinn_upperarm_l_pose.uexp" 2896
"C:/Users/user/Documents/Unreal Projects/AdvancedCombatDemo/Content/ControlRig/Characters/Mannequins/Rigs/Poses/Quinn/Quinn_lowerarm_r_anim.uasset" 2897
"C:/Users/user/Documents/Unreal Projects/AdvancedCombatDemo/Content/ControlRig/Characters/Mannequins/Rigs/Poses/Quinn/Quinn_lowerarm_r_anim.uexp" 2898
"C:/Users/user/Documents/Unreal Projects/AdvancedCombatDemo/Content/ControlRig/Characters/Mannequins/Rigs/Poses/Quinn/Quinn_lowerarm_r_pose.uasset" 2899
"C:/Users/user/Documents/Unreal Projects/AdvancedCombatDemo/Content/ControlRig/Characters/Mannequins/Rigs/Poses/Quinn/Quinn_lowerarm_r_pose.uexp" 2900
"C:/Users/user/Documents/Unreal Projects/AdvancedCombatDemo/Content/ControlRig/Characters/Mannequins/Rigs/Poses/Quinn/Quinn_hand_r_anim.uasset" 2901
"C:/Users/user/Documents/Unreal Projects/AdvancedCombatDemo/Content/ControlRig/Characters/Mannequins/Rigs/Poses/Quinn/Quinn_hand_r_anim.uexp" 2902
"C:/Users/user/Documents/Unreal Projects/AdvancedCombatDemo/Content/ControlRig/Characters/Mannequins/Rigs/Poses/Quinn/Quinn_hand_r_pose.uasset" 2903
"C:/Users/user/Documents/Unreal Projects/AdvancedCombatDemo/Content/ControlRig/Characters/Mannequins/Rigs/Poses/Quinn/Quinn_hand_r_pose.uexp" 2904
"C:/Users/user/Documents/Unreal Projects/AdvancedCombatDemo/Content/ControlRig/Characters/Mannequins/Rigs/CR_Mannequin_Procedural.uasset" 2905
"C:/Users/user/Documents/Unreal Projects/AdvancedCombatDemo/Content/ControlRig/Characters/Mannequins/Rigs/CR_Mannequin_Procedural.uexp" 2906
"C:/Users/user/Documents/Unreal Projects/AdvancedCombatDemo/Content/ControlRig/Characters/Mannequins/Rigs/Poses/Quinn/Quinn_foot_r_anim.uasset" 2907
"C:/Users/user/Documents/Unreal Projects/AdvancedCombatDemo/Content/ControlRig/Characters/Mannequins/Rigs/Poses/Quinn/Quinn_foot_r_anim.uexp" 2908
"C:/Users/user/Documents/Unreal Projects/AdvancedCombatDemo/Content/ControlRig/Characters/Mannequins/Rigs/Poses/Quinn/Quinn_foot_r_pose.uasset" 2909
"C:/Users/user/Documents/Unreal Projects/AdvancedCombatDemo/Content/ControlRig/Characters/Mannequins/Rigs/Poses/Quinn/Quinn_foot_r_pose.uexp" 2910
"C:/Users/user/Documents/Unreal Projects/AdvancedCombatDemo/Content/ControlRig/Characters/Mannequins/Rigs/Poses/Quinn/Quinn_hand_l_anim.uasset" 2911
"C:/Users/user/Documents/Unreal Projects/AdvancedCombatDemo/Content/ControlRig/Characters/Mannequins/Rigs/Poses/Quinn/Quinn_hand_l_anim.uexp" 2912
"C:/Users/user/Documents/Unreal Projects/AdvancedCombatDemo/Content/ControlRig/Characters/Mannequins/Rigs/Poses/Quinn/Quinn_hand_l_pose.uasset" 2913
"C:/Users/user/Documents/Unreal Projects/AdvancedCombatDemo/Content/ControlRig/Characters/Mannequins/Rigs/Poses/Quinn/Quinn_hand_l_pose.uexp" 2914
"C:/Users/user/Documents/Unreal Projects/AdvancedCombatDemo/Content/ControlRig/Characters/Mannequins/Rigs/Poses/Quinn/Quinn_thigh_l_anim.uasset" 2915
"C:/Users/user/Documents/Unreal Projects/AdvancedCombatDemo/Content/ControlRig/Characters/Mannequins/Rigs/Poses/Quinn/Quinn_thigh_l_anim.uexp" 2916
"C:/Users/user/Documents/Unreal Projects/AdvancedCombatDemo/Content/ControlRig/Characters/Mannequins/Rigs/Poses/Quinn/Quinn_thigh_l_pose.uasset" 2917
"C:/Users/user/Documents/Unreal Projects/AdvancedCombatDemo/Content/ControlRig/Characters/Mannequins/Rigs/Poses/Quinn/Quinn_thigh_l_pose.uexp" 2918
"C:/Users/user/Documents/Unreal Projects/AdvancedCombatDemo/Content/ControlRig/Characters/Mannequins/Rigs/Poses/Quinn/Quinn_lowerarm_l_anim.uasset" 2919
"C:/Users/user/Documents/Unreal Projects/AdvancedCombatDemo/Content/ControlRig/Characters/Mannequins/Rigs/Poses/Quinn/Quinn_lowerarm_l_anim.uexp" 2920
"C:/Users/user/Documents/Unreal Projects/AdvancedCombatDemo/Content/ControlRig/Characters/Mannequins/Rigs/Poses/Quinn/Quinn_lowerarm_l_pose.uasset" 2921
"C:/Users/user/Documents/Unreal Projects/AdvancedCombatDemo/Content/ControlRig/Characters/Mannequins/Rigs/Poses/Quinn/Quinn_lowerarm_l_pose.uexp" 2922
"C:/Users/user/Documents/Unreal Projects/AdvancedCombatDemo/Content/ControlRig/Characters/Mannequins/Rigs/Poses/Quinn/Quinn_clavicle_l_anim.uasset" 2923
"C:/Users/user/Documents/Unreal Projects/AdvancedCombatDemo/Content/ControlRig/Characters/Mannequins/Rigs/Poses/Quinn/Quinn_clavicle_l_anim.uexp" 2924
"C:/Users/user/Documents/Unreal Projects/AdvancedCombatDemo/Content/ControlRig/Characters/Mannequins/Rigs/Poses/Quinn/Quinn_clavicle_l_pose.uasset" 2925
"C:/Users/user/Documents/Unreal Projects/AdvancedCombatDemo/Content/ControlRig/Characters/Mannequins/Rigs/Poses/Quinn/Quinn_clavicle_l_pose.uexp" 2926
"C:/Users/user/Documents/Unreal Projects/AdvancedCombatDemo/Content/ControlRig/Characters/Mannequins/Rigs/Poses/Quinn/Quinn_upperarm_r_anim.uasset" 2927
"C:/Users/user/Documents/Unreal Projects/AdvancedCombatDemo/Content/ControlRig/Characters/Mannequins/Rigs/Poses/Quinn/Quinn_upperarm_r_anim.uexp" 2928
"C:/Users/user/Documents/Unreal Projects/AdvancedCombatDemo/Content/ControlRig/Characters/Mannequins/Rigs/Poses/Quinn/Quinn_upperarm_r_pose.uasset" 2929
"C:/Users/user/Documents/Unreal Projects/AdvancedCombatDemo/Content/ControlRig/Characters/Mannequins/Rigs/Poses/Quinn/Quinn_upperarm_r_pose.uexp" 2930
"C:/Users/user/Documents/Unreal Projects/AdvancedCombatDemo/Content/ControlRig/Characters/Mannequins/Rigs/Poses/Quinn/Quinn_calf_l_anim.uasset" 2931
"C:/Users/user/Documents/Unreal Projects/AdvancedCombatDemo/Content/ControlRig/Characters/Mannequins/Rigs/Poses/Quinn/Quinn_calf_l_anim.uexp" 2932
"C:/Users/user/Documents/Unreal Projects/AdvancedCombatDemo/Content/ControlRig/Characters/Mannequins/Rigs/Poses/Quinn/Quinn_calf_l_pose.uasset" 2933
"C:/Users/user/Documents/Unreal Projects/AdvancedCombatDemo/Content/ControlRig/Characters/Mannequins/Rigs/Poses/Quinn/Quinn_calf_l_pose.uexp" 2934
"C:/Users/user/Documents/Unreal Projects/AdvancedCombatDemo/Content/ControlRig/Characters/Mannequins/Rigs/Poses/Quinn/Quinn_foot_l_anim.uasset" 2935
"C:/Users/user/Documents/Unreal Projects/AdvancedCombatDemo/Content/ControlRig/Characters/Mannequins/Rigs/Poses/Quinn/Quinn_foot_l_anim.uexp" 2936
"C:/Users/user/Documents/Unreal Projects/AdvancedCombatDemo/Content/ControlRig/Characters/Mannequins/Rigs/Poses/Quinn/Quinn_foot_l_pose.uasset" 2937
"C:/Users/user/Documents/Unreal Projects/AdvancedCombatDemo/Content/ControlRig/Characters/Mannequins/Rigs/Poses/Quinn/Quinn_foot_l_pose.uexp" 2938
"C:/Users/user/Documents/Unreal Projects/AdvancedCombatDemo/Content/ControlRig/Characters/Mannequins/Rigs/Poses/Quinn/Quinn_calf_r_anim.uasset" 2939
"C:/Users/user/Documents/Unreal Projects/AdvancedCombatDemo/Content/ControlRig/Characters/Mannequins/Rigs/Poses/Quinn/Quinn_calf_r_anim.uexp" 2940
"C:/Users/user/Documents/Unreal Projects/AdvancedCombatDemo/Content/ControlRig/Characters/Mannequins/Rigs/Poses/Quinn/Quinn_calf_r_pose.uasset" 2941
"C:/Users/user/Documents/Unreal Projects/AdvancedCombatDemo/Content/ControlRig/Characters/Mannequins/Rigs/Poses/Quinn/Quinn_calf_r_pose.uexp" 2942
"C:/Users/user/Documents/Unreal Projects/AdvancedCombatDemo/Content/ControlRig/Characters/Mannequins/Rigs/ABP_Quinn_PostProcess.uasset" 2943
"C:/Users/user/Documents/Unreal Projects/AdvancedCombatDemo/Content/ControlRig/Characters/Mannequins/Rigs/ABP_Quinn_PostProcess.uexp" 2944
"C:/Users/user/Documents/Unreal Projects/AdvancedCombatDemo/Content/ControlRig/Characters/Mannequins/Meshes/SKM_Quinn.uasset" 2945
"C:/Users/user/Documents/Unreal Projects/AdvancedCombatDemo/Content/ControlRig/Characters/Mannequins/Meshes/SKM_Quinn.uexp" 2946
"C:/Users/user/Documents/Unreal Projects/AdvancedCombatDemo/Content/ControlRig/Characters/Mannequins/Materials/Instances/Manny/MI_Manny_01.uasset" 2947
"C:/Users/user/Documents/Unreal Projects/AdvancedCombatDemo/Content/ControlRig/Characters/Mannequins/Materials/Instances/Manny/MI_Manny_01.uexp" 2948
"C:/Users/user/Documents/Unreal Projects/AdvancedCombatDemo/Content/ControlRig/Characters/Mannequins/Textures/Manny/T_Manny_02_MSR_MSK.ubulk" 2949
"C:/Users/user/Documents/Unreal Projects/AdvancedCombatDemo/Content/ControlRig/Characters/Mannequins/Textures/Manny/T_Manny_02_MSR_MSK.uasset" 2950
"C:/Users/user/Documents/Unreal Projects/AdvancedCombatDemo/Content/ControlRig/Characters/Mannequins/Textures/Manny/T_Manny_02_MSR_MSK.uexp" 2951
"C:/Users/user/Documents/Unreal Projects/AdvancedCombatDemo/Content/ControlRig/Characters/Mannequins/Textures/Manny/T_Manny_02_ASAOPMASK_MSK.ubulk" 2952
"C:/Users/user/Documents/Unreal Projects/AdvancedCombatDemo/Content/ControlRig/Characters/Mannequins/Textures/Manny/T_Manny_02_ASAOPMASK_MSK.uasset" 2953
"C:/Users/user/Documents/Unreal Projects/AdvancedCombatDemo/Content/ControlRig/Characters/Mannequins/Textures/Manny/T_Manny_02_ASAOPMASK_MSK.uexp" 2954
"C:/Users/user/Documents/Unreal Projects/AdvancedCombatDemo/Content/ControlRig/Characters/Mannequins/Textures/Manny/T_Manny_02_BN.ubulk" 2955
"C:/Users/user/Documents/Unreal Projects/AdvancedCombatDemo/Content/ControlRig/Characters/Mannequins/Textures/Manny/T_Manny_02_BN.uasset" 2956
"C:/Users/user/Documents/Unreal Projects/AdvancedCombatDemo/Content/ControlRig/Characters/Mannequins/Textures/Manny/T_Manny_02_BN.uexp" 2957
"C:/Users/user/Documents/Unreal Projects/AdvancedCombatDemo/Content/ControlRig/Characters/Mannequins/Textures/Manny/T_Manny_02_CCRCCPlastic_MSK.ubulk" 2958
"C:/Users/user/Documents/Unreal Projects/AdvancedCombatDemo/Content/ControlRig/Characters/Mannequins/Textures/Manny/T_Manny_02_CCRCCPlastic_MSK.uasset" 2959
"C:/Users/user/Documents/Unreal Projects/AdvancedCombatDemo/Content/ControlRig/Characters/Mannequins/Textures/Manny/T_Manny_02_CCRCCPlastic_MSK.uexp" 2960
"C:/Users/user/Documents/Unreal Projects/AdvancedCombatDemo/Content/ControlRig/Characters/Mannequins/Textures/Manny/T_Manny_02_N.ubulk" 2961
"C:/Users/user/Documents/Unreal Projects/AdvancedCombatDemo/Content/ControlRig/Characters/Mannequins/Textures/Manny/T_Manny_02_N.uasset" 2962
"C:/Users/user/Documents/Unreal Projects/AdvancedCombatDemo/Content/ControlRig/Characters/Mannequins/Textures/Manny/T_Manny_02_N.uexp" 2963
"C:/Users/user/Documents/Unreal Projects/AdvancedCombatDemo/Content/ControlRig/Characters/Mannequins/Textures/Manny/T_Manny_02_D.ubulk" 2964
"C:/Users/user/Documents/Unreal Projects/AdvancedCombatDemo/Content/ControlRig/Characters/Mannequins/Textures/Manny/T_Manny_02_D.uasset" 2965
"C:/Users/user/Documents/Unreal Projects/AdvancedCombatDemo/Content/ControlRig/Characters/Mannequins/Textures/Manny/T_Manny_02_D.uexp" 2966
"C:/Users/user/Documents/Unreal Projects/AdvancedCombatDemo/Content/ControlRig/Characters/Mannequins/Textures/Manny/T_Manny_02_Tan.ubulk" 2967
"C:/Users/user/Documents/Unreal Projects/AdvancedCombatDemo/Content/ControlRig/Characters/Mannequins/Textures/Manny/T_Manny_02_Tan.uasset" 2968
"C:/Users/user/Documents/Unreal Projects/AdvancedCombatDemo/Content/ControlRig/Characters/Mannequins/Textures/Manny/T_Manny_02_Tan.uexp" 2969
"C:/Users/user/Documents/Unreal Projects/AdvancedCombatDemo/Content/ControlRig/Characters/Mannequins/Materials/Instances/Manny/MI_Manny_02.uasset" 2970
"C:/Users/user/Documents/Unreal Projects/AdvancedCombatDemo/Content/ControlRig/Characters/Mannequins/Materials/Instances/Manny/MI_Manny_02.uexp" 2971
"C:/Users/user/Documents/Unreal Projects/AdvancedCombatDemo/Content/ControlRig/Characters/Mannequins/Meshes/SKM_Manny_Simple.uasset" 2972
"C:/Users/user/Documents/Unreal Projects/AdvancedCombatDemo/Content/ControlRig/Characters/Mannequins/Meshes/SKM_Manny_Simple.uexp" 2973
"C:/Users/user/Documents/Unreal Projects/AdvancedCombatDemo/Content/ControlRig/Characters/Mannequins/Rigs/Poses/Manny/Manny_clavicle_l_anim.uasset" 2974
"C:/Users/user/Documents/Unreal Projects/AdvancedCombatDemo/Content/ControlRig/Characters/Mannequins/Rigs/Poses/Manny/Manny_clavicle_l_anim.uexp" 2975
"C:/Users/user/Documents/Unreal Projects/AdvancedCombatDemo/Content/ControlRig/Characters/Mannequins/Rigs/Poses/Manny/Manny_clavicle_l_pose.uasset" 2976
"C:/Users/user/Documents/Unreal Projects/AdvancedCombatDemo/Content/ControlRig/Characters/Mannequins/Rigs/Poses/Manny/Manny_clavicle_l_pose.uexp" 2977
"C:/Users/user/Documents/Unreal Projects/AdvancedCombatDemo/Content/ControlRig/Characters/Mannequins/Rigs/Poses/Manny/Manny_lowerarm_r_anim.uasset" 2978
"C:/Users/user/Documents/Unreal Projects/AdvancedCombatDemo/Content/ControlRig/Characters/Mannequins/Rigs/Poses/Manny/Manny_lowerarm_r_anim.uexp" 2979
"C:/Users/user/Documents/Unreal Projects/AdvancedCombatDemo/Content/ControlRig/Characters/Mannequins/Rigs/Poses/Manny/Manny_lowerarm_r_pose.uasset" 2980
"C:/Users/user/Documents/Unreal Projects/AdvancedCombatDemo/Content/ControlRig/Characters/Mannequins/Rigs/Poses/Manny/Manny_lowerarm_r_pose.uexp" 2981
"C:/Users/user/Documents/Unreal Projects/AdvancedCombatDemo/Content/ControlRig/Characters/Mannequins/Rigs/Poses/Manny/Manny_clavicle_r_anim.uasset" 2982
"C:/Users/user/Documents/Unreal Projects/AdvancedCombatDemo/Content/ControlRig/Characters/Mannequins/Rigs/Poses/Manny/Manny_clavicle_r_anim.uexp" 2983
"C:/Users/user/Documents/Unreal Projects/AdvancedCombatDemo/Content/ControlRig/Characters/Mannequins/Rigs/Poses/Manny/Manny_clavicle_r_pose.uasset" 2984
"C:/Users/user/Documents/Unreal Projects/AdvancedCombatDemo/Content/ControlRig/Characters/Mannequins/Rigs/Poses/Manny/Manny_clavicle_r_pose.uexp" 2985
"C:/Users/user/Documents/Unreal Projects/AdvancedCombatDemo/Content/ControlRig/Characters/Mannequins/Rigs/Poses/Manny/Manny_hand_l_anim.uasset" 2986
"C:/Users/user/Documents/Unreal Projects/AdvancedCombatDemo/Content/ControlRig/Characters/Mannequins/Rigs/Poses/Manny/Manny_hand_l_anim.uexp" 2987
"C:/Users/user/Documents/Unreal Projects/AdvancedCombatDemo/Content/ControlRig/Characters/Mannequins/Rigs/Poses/Manny/Manny_hand_l_pose.uasset" 2988
"C:/Users/user/Documents/Unreal Projects/AdvancedCombatDemo/Content/ControlRig/Characters/Mannequins/Rigs/Poses/Manny/Manny_hand_l_pose.uexp" 2989
"C:/Users/user/Documents/Unreal Projects/AdvancedCombatDemo/Content/ControlRig/Characters/Mannequins/Rigs/Poses/Manny/Manny_upperarm_l_anim.uasset" 2990
"C:/Users/user/Documents/Unreal Projects/AdvancedCombatDemo/Content/ControlRig/Characters/Mannequins/Rigs/Poses/Manny/Manny_upperarm_l_anim.uexp" 2991
"C:/Users/user/Documents/Unreal Projects/AdvancedCombatDemo/Content/ControlRig/Characters/Mannequins/Rigs/Poses/Manny/Manny_upperarm_l_pose.uasset" 2992
"C:/Users/user/Documents/Unreal Projects/AdvancedCombatDemo/Content/ControlRig/Characters/Mannequins/Rigs/Poses/Manny/Manny_upperarm_l_pose.uexp" 2993
"C:/Users/user/Documents/Unreal Projects/AdvancedCombatDemo/Content/ControlRig/Characters/Mannequins/Rigs/Poses/Manny/Manny_calf_r_anim.uasset" 2994
"C:/Users/user/Documents/Unreal Projects/AdvancedCombatDemo/Content/ControlRig/Characters/Mannequins/Rigs/Poses/Manny/Manny_calf_r_anim.uexp" 2995
"C:/Users/user/Documents/Unreal Projects/AdvancedCombatDemo/Content/ControlRig/Characters/Mannequins/Rigs/Poses/Manny/Manny_calf_r_pose.uasset" 2996
"C:/Users/user/Documents/Unreal Projects/AdvancedCombatDemo/Content/ControlRig/Characters/Mannequins/Rigs/Poses/Manny/Manny_calf_r_pose.uexp" 2997
"C:/Users/user/Documents/Unreal Projects/AdvancedCombatDemo/Content/ControlRig/Characters/Mannequins/Rigs/Poses/Manny/Manny_calf_l_anim.uasset" 2998
"C:/Users/user/Documents/Unreal Projects/AdvancedCombatDemo/Content/ControlRig/Characters/Mannequins/Rigs/Poses/Manny/Manny_calf_l_anim.uexp" 2999
"C:/Users/user/Documents/Unreal Projects/AdvancedCombatDemo/Content/ControlRig/Characters/Mannequins/Rigs/Poses/Manny/Manny_calf_l_pose.uasset" 3000
"C:/Users/user/Documents/Unreal Projects/AdvancedCombatDemo/Content/ControlRig/Characters/Mannequins/Rigs/Poses/Manny/Manny_calf_l_pose.uexp" 3001
"C:/Users/user/Documents/Unreal Projects/AdvancedCombatDemo/Content/ControlRig/Characters/Mannequins/Rigs/Poses/Manny/Manny_thigh_l_anim.uasset" 3002
"C:/Users/user/Documents/Unreal Projects/AdvancedCombatDemo/Content/ControlRig/Characters/Mannequins/Rigs/Poses/Manny/Manny_thigh_l_anim.uexp" 3003
"C:/Users/user/Documents/Unreal Projects/AdvancedCombatDemo/Content/ControlRig/Characters/Mannequins/Rigs/Poses/Manny/Manny_thigh_l_pose.uasset" 3004
"C:/Users/user/Documents/Unreal Projects/AdvancedCombatDemo/Content/ControlRig/Characters/Mannequins/Rigs/Poses/Manny/Manny_thigh_l_pose.uexp" 3005
"C:/Users/user/Documents/Unreal Projects/AdvancedCombatDemo/Content/ControlRig/Characters/Mannequins/Rigs/Poses/Manny/Manny_foot_r_anim.uasset" 3006
"C:/Users/user/Documents/Unreal Projects/AdvancedCombatDemo/Content/ControlRig/Characters/Mannequins/Rigs/Poses/Manny/Manny_foot_r_anim.uexp" 3007
"C:/Users/user/Documents/Unreal Projects/AdvancedCombatDemo/Content/ControlRig/Characters/Mannequins/Rigs/Poses/Manny/Manny_foot_r_pose.uasset" 3008
"C:/Users/user/Documents/Unreal Projects/AdvancedCombatDemo/Content/ControlRig/Characters/Mannequins/Rigs/Poses/Manny/Manny_foot_r_pose.uexp" 3009
"C:/Users/user/Documents/Unreal Projects/AdvancedCombatDemo/Content/ControlRig/Characters/Mannequins/Rigs/Poses/Manny/Manny_thigh_r_anim.uasset" 3010
"C:/Users/user/Documents/Unreal Projects/AdvancedCombatDemo/Content/ControlRig/Characters/Mannequins/Rigs/Poses/Manny/Manny_thigh_r_anim.uexp" 3011
"C:/Users/user/Documents/Unreal Projects/AdvancedCombatDemo/Content/ControlRig/Characters/Mannequins/Rigs/Poses/Manny/Manny_thigh_r_pose.uasset" 3012
"C:/Users/user/Documents/Unreal Projects/AdvancedCombatDemo/Content/ControlRig/Characters/Mannequins/Rigs/Poses/Manny/Manny_thigh_r_pose.uexp" 3013
"C:/Users/user/Documents/Unreal Projects/AdvancedCombatDemo/Content/ControlRig/Characters/Mannequins/Rigs/Poses/Manny/Manny_foot_l_anim.uasset" 3014
"C:/Users/user/Documents/Unreal Projects/AdvancedCombatDemo/Content/ControlRig/Characters/Mannequins/Rigs/Poses/Manny/Manny_foot_l_anim.uexp" 3015
"C:/Users/user/Documents/Unreal Projects/AdvancedCombatDemo/Content/ControlRig/Characters/Mannequins/Rigs/Poses/Manny/Manny_foot_l_pose.uasset" 3016
"C:/Users/user/Documents/Unreal Projects/AdvancedCombatDemo/Content/ControlRig/Characters/Mannequins/Rigs/Poses/Manny/Manny_foot_l_pose.uexp" 3017
"C:/Users/user/Documents/Unreal Projects/AdvancedCombatDemo/Content/ControlRig/Characters/Mannequins/Rigs/Poses/Manny/Manny_lowerarm_l_anim.uasset" 3018
"C:/Users/user/Documents/Unreal Projects/AdvancedCombatDemo/Content/ControlRig/Characters/Mannequins/Rigs/Poses/Manny/Manny_lowerarm_l_anim.uexp" 3019
"C:/Users/user/Documents/Unreal Projects/AdvancedCombatDemo/Content/ControlRig/Characters/Mannequins/Rigs/Poses/Manny/Manny_lowerarm_l_pose.uasset" 3020
"C:/Users/user/Documents/Unreal Projects/AdvancedCombatDemo/Content/ControlRig/Characters/Mannequins/Rigs/Poses/Manny/Manny_lowerarm_l_pose.uexp" 3021
"C:/Users/user/Documents/Unreal Projects/AdvancedCombatDemo/Content/ControlRig/Characters/Mannequins/Rigs/Poses/Manny/Manny_hand_r_anim.uasset" 3022
"C:/Users/user/Documents/Unreal Projects/AdvancedCombatDemo/Content/ControlRig/Characters/Mannequins/Rigs/Poses/Manny/Manny_hand_r_anim.uexp" 3023
"C:/Users/user/Documents/Unreal Projects/AdvancedCombatDemo/Content/ControlRig/Characters/Mannequins/Rigs/Poses/Manny/Manny_hand_r_pose.uasset" 3024
"C:/Users/user/Documents/Unreal Projects/AdvancedCombatDemo/Content/ControlRig/Characters/Mannequins/Rigs/Poses/Manny/Manny_hand_r_pose.uexp" 3025
"C:/Users/user/Documents/Unreal Projects/AdvancedCombatDemo/Content/ControlRig/Characters/Mannequins/Rigs/Poses/Manny/Manny_upperarm_r_anim.uasset" 3026
"C:/Users/user/Documents/Unreal Projects/AdvancedCombatDemo/Content/ControlRig/Characters/Mannequins/Rigs/Poses/Manny/Manny_upperarm_r_anim.uexp" 3027
"C:/Users/user/Documents/Unreal Projects/AdvancedCombatDemo/Content/ControlRig/Characters/Mannequins/Rigs/Poses/Manny/Manny_upperarm_r_pose.uasset" 3028
"C:/Users/user/Documents/Unreal Projects/AdvancedCombatDemo/Content/ControlRig/Characters/Mannequins/Rigs/Poses/Manny/Manny_upperarm_r_pose.uexp" 3029
"C:/Users/user/Documents/Unreal Projects/AdvancedCombatDemo/Content/ControlRig/Characters/Mannequins/Rigs/ABP_Manny_PostProcess.uasset" 3030
"C:/Users/user/Documents/Unreal Projects/AdvancedCombatDemo/Content/ControlRig/Characters/Mannequins/Rigs/ABP_Manny_PostProcess.uexp" 3031
"C:/Users/user/Documents/Unreal Projects/AdvancedCombatDemo/Content/ControlRig/Characters/Mannequins/Meshes/SKM_Manny.uasset" 3032
"C:/Users/user/Documents/Unreal Projects/AdvancedCombatDemo/Content/ControlRig/Characters/Mannequins/Meshes/SKM_Manny.uexp" 3033
"C:/Users/user/Documents/Unreal Projects/AdvancedCombatDemo/Content/ControlRig/Characters/Mannequins/Meshes/Mannequin_LODSettings.uasset" 3034
"C:/Users/user/Documents/Unreal Projects/AdvancedCombatDemo/Content/ControlRig/Characters/Mannequins/Meshes/Mannequin_LODSettings.uexp" 3035
"C:/Users/user/Documents/Unreal Projects/AdvancedCombatDemo/Content/ControlRig/Characters/Mannequins/Animations/Manny/MM_Walk_InPlace.uasset" 3036
"C:/Users/user/Documents/Unreal Projects/AdvancedCombatDemo/Content/ControlRig/Characters/Mannequins/Animations/Manny/MM_Walk_InPlace.uexp" 3037
"C:/Users/user/Documents/Unreal Projects/AdvancedCombatDemo/Content/ControlRig/Characters/Mannequins/Animations/Quinn/MF_Walk_Fwd.uasset" 3038
"C:/Users/user/Documents/Unreal Projects/AdvancedCombatDemo/Content/ControlRig/Characters/Mannequins/Animations/Quinn/MF_Walk_Fwd.uexp" 3039
"C:/Users/user/Documents/Unreal Projects/AdvancedCombatDemo/Content/ControlRig/Characters/Mannequins/Animations/Quinn/MF_Run_Fwd.uasset" 3040
"C:/Users/user/Documents/Unreal Projects/AdvancedCombatDemo/Content/ControlRig/Characters/Mannequins/Animations/Quinn/MF_Run_Fwd.uexp" 3041
"C:/Users/user/Documents/Unreal Projects/AdvancedCombatDemo/Content/ControlRig/Characters/Mannequins/Animations/Quinn/BS_MF_Unarmed_WalkRun.uasset" 3042
"C:/Users/user/Documents/Unreal Projects/AdvancedCombatDemo/Content/ControlRig/Characters/Mannequins/Animations/Quinn/BS_MF_Unarmed_WalkRun.uexp" 3043
"C:/Users/user/Documents/Unreal Projects/AdvancedCombatDemo/Content/ControlRig/Characters/Mannequins/Animations/Quinn/MF_Idle.uasset" 3044
"C:/Users/user/Documents/Unreal Projects/AdvancedCombatDemo/Content/ControlRig/Characters/Mannequins/Animations/Quinn/MF_Idle.uexp" 3045
"C:/Users/user/Documents/Unreal Projects/AdvancedCombatDemo/Content/ControlRig/Characters/Mannequins/Animations/Manny/MM_Jump.uasset" 3046
"C:/Users/user/Documents/Unreal Projects/AdvancedCombatDemo/Content/ControlRig/Characters/Mannequins/Animations/Manny/MM_Jump.uexp" 3047
"C:/Users/user/Documents/Unreal Projects/AdvancedCombatDemo/Content/ControlRig/Characters/Mannequins/Animations/Manny/MM_Fall_Loop.uasset" 3048
"C:/Users/user/Documents/Unreal Projects/AdvancedCombatDemo/Content/ControlRig/Characters/Mannequins/Animations/Manny/MM_Fall_Loop.uexp" 3049
"C:/Users/user/Documents/Unreal Projects/AdvancedCombatDemo/Content/ControlRig/Characters/Mannequins/Rigs/CR_Mannequin_BasicFootIK.uasset" 3050
"C:/Users/user/Documents/Unreal Projects/AdvancedCombatDemo/Content/ControlRig/Characters/Mannequins/Rigs/CR_Mannequin_BasicFootIK.uexp" 3051
"C:/Users/user/Documents/Unreal Projects/AdvancedCombatDemo/Content/ControlRig/Characters/Mannequins/Animations/Manny/MM_Idle.uasset" 3052
"C:/Users/user/Documents/Unreal Projects/AdvancedCombatDemo/Content/ControlRig/Characters/Mannequins/Animations/Manny/MM_Idle.uexp" 3053
"C:/Users/user/Documents/Unreal Projects/AdvancedCombatDemo/Content/ControlRig/Characters/Mannequins/Animations/Manny/MM_Land.uasset" 3054
"C:/Users/user/Documents/Unreal Projects/AdvancedCombatDemo/Content/ControlRig/Characters/Mannequins/Animations/Manny/MM_Land.uexp" 3055
"C:/Users/user/Documents/Unreal Projects/AdvancedCombatDemo/Content/ControlRig/Characters/Mannequins/Animations/Manny/MM_Run_Fwd.uasset" 3056
"C:/Users/user/Documents/Unreal Projects/AdvancedCombatDemo/Content/ControlRig/Characters/Mannequins/Animations/Manny/MM_Run_Fwd.uexp" 3057
"C:/Users/user/Documents/Unreal Projects/AdvancedCombatDemo/Content/ControlRig/Characters/Mannequins/Animations/Manny/MM_Walk_Fwd.uasset" 3058
"C:/Users/user/Documents/Unreal Projects/AdvancedCombatDemo/Content/ControlRig/Characters/Mannequins/Animations/Manny/MM_Walk_Fwd.uexp" 3059
"C:/Users/user/Documents/Unreal Projects/AdvancedCombatDemo/Content/ControlRig/Characters/Mannequins/Animations/Manny/BS_MM_WalkRun.uasset" 3060
"C:/Users/user/Documents/Unreal Projects/AdvancedCombatDemo/Content/ControlRig/Characters/Mannequins/Animations/Manny/BS_MM_WalkRun.uexp" 3061
"C:/Users/user/Documents/Unreal Projects/AdvancedCombatDemo/Content/ControlRig/Characters/Mannequins/Animations/ABP_Manny.uasset" 3062
"C:/Users/user/Documents/Unreal Projects/AdvancedCombatDemo/Content/ControlRig/Characters/Mannequins/Animations/ABP_Manny.uexp" 3063
"C:/Users/user/Documents/Unreal Projects/AdvancedCombatDemo/Content/ControlRig/Characters/Mannequins/Animations/ABP_Quinn.uasset" 3064
"C:/Users/user/Documents/Unreal Projects/AdvancedCombatDemo/Content/ControlRig/Characters/Mannequins/Animations/ABP_Quinn.uexp" 3065
"C:/Users/user/Documents/Unreal Projects/AdvancedCombatDemo/Content/Characters/Heroes/Mannequin/Rig/IK_Mannequin.uasset" 3066
"C:/Users/user/Documents/Unreal Projects/AdvancedCombatDemo/Content/Characters/Heroes/Mannequin/Rig/IK_Mannequin.uexp" 3067
"C:/Users/user/Documents/Unreal Projects/AdvancedCombatDemo/Content/Characters/Heroes/Mannequin/Textures/Quinn/T_Quinn_01_MSK1.ubulk" 3068
"C:/Users/user/Documents/Unreal Projects/AdvancedCombatDemo/Content/Characters/Heroes/Mannequin/Textures/Quinn/T_Quinn_01_MSK1.uasset" 3069
"C:/Users/user/Documents/Unreal Projects/AdvancedCombatDemo/Content/Characters/Heroes/Mannequin/Textures/Quinn/T_Quinn_01_MSK1.uexp" 3070
"C:/Users/user/Documents/Unreal Projects/AdvancedCombatDemo/Content/Characters/Heroes/Mannequin/Textures/Quinn/T_Quinn_01_N.ubulk" 3071
"C:/Users/user/Documents/Unreal Projects/AdvancedCombatDemo/Content/Characters/Heroes/Mannequin/Textures/Quinn/T_Quinn_01_N.uasset" 3072
"C:/Users/user/Documents/Unreal Projects/AdvancedCombatDemo/Content/Characters/Heroes/Mannequin/Textures/Quinn/T_Quinn_01_N.uexp" 3073
"C:/Users/user/Documents/Unreal Projects/AdvancedCombatDemo/Content/Characters/Heroes/Mannequin/Textures/Quinn/T_Quinn_01_MSK3.ubulk" 3074
"C:/Users/user/Documents/Unreal Projects/AdvancedCombatDemo/Content/Characters/Heroes/Mannequin/Textures/Quinn/T_Quinn_01_MSK3.uasset" 3075
"C:/Users/user/Documents/Unreal Projects/AdvancedCombatDemo/Content/Characters/Heroes/Mannequin/Textures/Quinn/T_Quinn_01_MSK3.uexp" 3076
"C:/Users/user/Documents/Unreal Projects/AdvancedCombatDemo/Content/Characters/Heroes/Mannequin/Textures/Quinn/T_Quinn_01_MSK2.ubulk" 3077
"C:/Users/user/Documents/Unreal Projects/AdvancedCombatDemo/Content/Characters/Heroes/Mannequin/Textures/Quinn/T_Quinn_01_MSK2.uasset" 3078
"C:/Users/user/Documents/Unreal Projects/AdvancedCombatDemo/Content/Characters/Heroes/Mannequin/Textures/Quinn/T_Quinn_01_MSK2.uexp" 3079
"C:/Users/user/Documents/Unreal Projects/AdvancedCombatDemo/Content/Characters/Heroes/Mannequin/Textures/Quinn/T_Quinn_01_D.ubulk" 3080
"C:/Users/user/Documents/Unreal Projects/AdvancedCombatDemo/Content/Characters/Heroes/Mannequin/Textures/Quinn/T_Quinn_01_D.uasset" 3081
"C:/Users/user/Documents/Unreal Projects/AdvancedCombatDemo/Content/Characters/Heroes/Mannequin/Textures/Quinn/T_Quinn_01_D.uexp" 3082
"C:/Users/user/Documents/Unreal Projects/AdvancedCombatDemo/Content/Characters/Heroes/Mannequin/Textures/Quinn/T_Quinn_01_MSK.ubulk" 3083
"C:/Users/user/Documents/Unreal Projects/AdvancedCombatDemo/Content/Characters/Heroes/Mannequin/Textures/Quinn/T_Quinn_01_MSK.uasset" 3084
"C:/Users/user/Documents/Unreal Projects/AdvancedCombatDemo/Content/Characters/Heroes/Mannequin/Textures/Quinn/T_Quinn_01_MSK.uexp" 3085
"C:/Users/user/Documents/Unreal Projects/AdvancedCombatDemo/Content/Characters/Heroes/Mannequin/Materials/Instances/Quinn/MI_Quinn_01_Blue.uasset" 3086
"C:/Users/user/Documents/Unreal Projects/AdvancedCombatDemo/Content/Characters/Heroes/Mannequin/Materials/Instances/Quinn/MI_Quinn_01_Blue.uexp" 3087
"C:/Users/user/Documents/Unreal Projects/AdvancedCombatDemo/Content/Characters/Heroes/Mannequin/Textures/Quinn/T_Quinn_02_MSK.ubulk" 3088
"C:/Users/user/Documents/Unreal Projects/AdvancedCombatDemo/Content/Characters/Heroes/Mannequin/Textures/Quinn/T_Quinn_02_MSK.uasset" 3089
"C:/Users/user/Documents/Unreal Projects/AdvancedCombatDemo/Content/Characters/Heroes/Mannequin/Textures/Quinn/T_Quinn_02_MSK.uexp" 3090
"C:/Users/user/Documents/Unreal Projects/AdvancedCombatDemo/Content/Characters/Heroes/Mannequin/Textures/Quinn/T_Quinn_02_MSK3.ubulk" 3091
"C:/Users/user/Documents/Unreal Projects/AdvancedCombatDemo/Content/Characters/Heroes/Mannequin/Textures/Quinn/T_Quinn_02_MSK3.uasset" 3092
"C:/Users/user/Documents/Unreal Projects/AdvancedCombatDemo/Content/Characters/Heroes/Mannequin/Textures/Quinn/T_Quinn_02_MSK3.uexp" 3093
"C:/Users/user/Documents/Unreal Projects/AdvancedCombatDemo/Content/Characters/Heroes/Mannequin/Textures/Quinn/T_Quinn_02_MSK2.ubulk" 3094
"C:/Users/user/Documents/Unreal Projects/AdvancedCombatDemo/Content/Characters/Heroes/Mannequin/Textures/Quinn/T_Quinn_02_MSK2.uasset" 3095
"C:/Users/user/Documents/Unreal Projects/AdvancedCombatDemo/Content/Characters/Heroes/Mannequin/Textures/Quinn/T_Quinn_02_MSK2.uexp" 3096
"C:/Users/user/Documents/Unreal Projects/AdvancedCombatDemo/Content/Characters/Heroes/Mannequin/Textures/Quinn/T_Quinn_02_D.ubulk" 3097
"C:/Users/user/Documents/Unreal Projects/AdvancedCombatDemo/Content/Characters/Heroes/Mannequin/Textures/Quinn/T_Quinn_02_D.uasset" 3098
"C:/Users/user/Documents/Unreal Projects/AdvancedCombatDemo/Content/Characters/Heroes/Mannequin/Textures/Quinn/T_Quinn_02_D.uexp" 3099
"C:/Users/user/Documents/Unreal Projects/AdvancedCombatDemo/Content/Characters/Heroes/Mannequin/Textures/Quinn/T_Quinn_02_MSK1.ubulk" 3100
"C:/Users/user/Documents/Unreal Projects/AdvancedCombatDemo/Content/Characters/Heroes/Mannequin/Textures/Quinn/T_Quinn_02_MSK1.uasset" 3101
"C:/Users/user/Documents/Unreal Projects/AdvancedCombatDemo/Content/Characters/Heroes/Mannequin/Textures/Quinn/T_Quinn_02_MSK1.uexp" 3102
"C:/Users/user/Documents/Unreal Projects/AdvancedCombatDemo/Content/Characters/Heroes/Mannequin/Textures/Quinn/T_Quinn_02_N.ubulk" 3103
"C:/Users/user/Documents/Unreal Projects/AdvancedCombatDemo/Content/Characters/Heroes/Mannequin/Textures/Quinn/T_Quinn_02_N.uasset" 3104
"C:/Users/user/Documents/Unreal Projects/AdvancedCombatDemo/Content/Characters/Heroes/Mannequin/Textures/Quinn/T_Quinn_02_N.uexp" 3105
"C:/Users/user/Documents/Unreal Projects/AdvancedCombatDemo/Content/Characters/Heroes/Mannequin/Materials/Instances/Quinn/MI_Quinn_02_Blue.uasset" 3106
"C:/Users/user/Documents/Unreal Projects/AdvancedCombatDemo/Content/Characters/Heroes/Mannequin/Materials/Instances/Quinn/MI_Quinn_02_Blue.uexp" 3107
"C:/Users/user/Documents/Unreal Projects/AdvancedCombatDemo/Content/Characters/Heroes/Mannequin/Rig/Poses/Quinn/Quinn_upperarm_r_anim.uasset" 3108
"C:/Users/user/Documents/Unreal Projects/AdvancedCombatDemo/Content/Characters/Heroes/Mannequin/Rig/Poses/Quinn/Quinn_upperarm_r_anim.uexp" 3109
"C:/Users/user/Documents/Unreal Projects/AdvancedCombatDemo/Content/Characters/Heroes/Mannequin/Rig/Poses/Quinn/Quinn_upperarm_r_pose.uasset" 3110
"C:/Users/user/Documents/Unreal Projects/AdvancedCombatDemo/Content/Characters/Heroes/Mannequin/Rig/Poses/Quinn/Quinn_upperarm_r_pose.uexp" 3111
"C:/Users/user/Documents/Unreal Projects/AdvancedCombatDemo/Content/Characters/Heroes/Mannequin/Rig/Poses/Quinn/Quinn_calf_l_anim.uasset" 3112
"C:/Users/user/Documents/Unreal Projects/AdvancedCombatDemo/Content/Characters/Heroes/Mannequin/Rig/Poses/Quinn/Quinn_calf_l_anim.uexp" 3113
"C:/Users/user/Documents/Unreal Projects/AdvancedCombatDemo/Content/Characters/Heroes/Mannequin/Rig/Poses/Quinn/Quinn_calf_l_pose.uasset" 3114
"C:/Users/user/Documents/Unreal Projects/AdvancedCombatDemo/Content/Characters/Heroes/Mannequin/Rig/Poses/Quinn/Quinn_calf_l_pose.uexp" 3115
"C:/Users/user/Documents/Unreal Projects/AdvancedCombatDemo/Content/Characters/Heroes/Mannequin/Rig/Poses/Quinn/Quinn_hand_l_anim.uasset" 3116
"C:/Users/user/Documents/Unreal Projects/AdvancedCombatDemo/Content/Characters/Heroes/Mannequin/Rig/Poses/Quinn/Quinn_hand_l_anim.uexp" 3117
"C:/Users/user/Documents/Unreal Projects/AdvancedCombatDemo/Content/Characters/Heroes/Mannequin/Rig/Poses/Quinn/Quinn_hand_l_pose.uasset" 3118
"C:/Users/user/Documents/Unreal Projects/AdvancedCombatDemo/Content/Characters/Heroes/Mannequin/Rig/Poses/Quinn/Quinn_hand_l_pose.uexp" 3119
"C:/Users/user/Documents/Unreal Projects/AdvancedCombatDemo/Content/Characters/Heroes/Mannequin/Rig/Poses/Quinn/Quinn_lowerarm_r_anim.uasset" 3120
"C:/Users/user/Documents/Unreal Projects/AdvancedCombatDemo/Content/Characters/Heroes/Mannequin/Rig/Poses/Quinn/Quinn_lowerarm_r_anim.uexp" 3121
"C:/Users/user/Documents/Unreal Projects/AdvancedCombatDemo/Content/Characters/Heroes/Mannequin/Rig/Poses/Quinn/Quinn_lowerarm_r_pose.uasset" 3122
"C:/Users/user/Documents/Unreal Projects/AdvancedCombatDemo/Content/Characters/Heroes/Mannequin/Rig/Poses/Quinn/Quinn_lowerarm_r_pose.uexp" 3123
"C:/Users/user/Documents/Unreal Projects/AdvancedCombatDemo/Content/Characters/Heroes/Mannequin/Rig/Poses/Quinn/Quinn_thigh_r_anim.uasset" 3124
"C:/Users/user/Documents/Unreal Projects/AdvancedCombatDemo/Content/Characters/Heroes/Mannequin/Rig/Poses/Quinn/Quinn_thigh_r_anim.uexp" 3125
"C:/Users/user/Documents/Unreal Projects/AdvancedCombatDemo/Content/Characters/Heroes/Mannequin/Rig/Poses/Quinn/Quinn_thigh_r_pose.uasset" 3126
"C:/Users/user/Documents/Unreal Projects/AdvancedCombatDemo/Content/Characters/Heroes/Mannequin/Rig/Poses/Quinn/Quinn_thigh_r_pose.uexp" 3127
"C:/Users/user/Documents/Unreal Projects/AdvancedCombatDemo/Content/Characters/Heroes/Mannequin/Rig/Poses/Quinn/Quinn_hand_r_anim.uasset" 3128
"C:/Users/user/Documents/Unreal Projects/AdvancedCombatDemo/Content/Characters/Heroes/Mannequin/Rig/Poses/Quinn/Quinn_hand_r_anim.uexp" 3129
"C:/Users/user/Documents/Unreal Projects/AdvancedCombatDemo/Content/Characters/Heroes/Mannequin/Rig/Poses/Quinn/Quinn_hand_r_pose.uasset" 3130
"C:/Users/user/Documents/Unreal Projects/AdvancedCombatDemo/Content/Characters/Heroes/Mannequin/Rig/Poses/Quinn/Quinn_hand_r_pose.uexp" 3131
"C:/Users/user/Documents/Unreal Projects/AdvancedCombatDemo/Content/Characters/Heroes/Mannequin/Rig/Poses/Quinn/Quinn_upperarm_l_anim.uasset" 3132
"C:/Users/user/Documents/Unreal Projects/AdvancedCombatDemo/Content/Characters/Heroes/Mannequin/Rig/Poses/Quinn/Quinn_upperarm_l_anim.uexp" 3133
"C:/Users/user/Documents/Unreal Projects/AdvancedCombatDemo/Content/Characters/Heroes/Mannequin/Rig/Poses/Quinn/Quinn_upperarm_l_pose.uasset" 3134
"C:/Users/user/Documents/Unreal Projects/AdvancedCombatDemo/Content/Characters/Heroes/Mannequin/Rig/Poses/Quinn/Quinn_upperarm_l_pose.uexp" 3135
"C:/Users/user/Documents/Unreal Projects/AdvancedCombatDemo/Content/Characters/Heroes/Mannequin/Rig/Poses/Quinn/Quinn_clavicle_r_anim.uasset" 3136
"C:/Users/user/Documents/Unreal Projects/AdvancedCombatDemo/Content/Characters/Heroes/Mannequin/Rig/Poses/Quinn/Quinn_clavicle_r_anim.uexp" 3137
"C:/Users/user/Documents/Unreal Projects/AdvancedCombatDemo/Content/Characters/Heroes/Mannequin/Rig/Poses/Quinn/Quinn_clavicle_r_pose.uasset" 3138
"C:/Users/user/Documents/Unreal Projects/AdvancedCombatDemo/Content/Characters/Heroes/Mannequin/Rig/Poses/Quinn/Quinn_clavicle_r_pose.uexp" 3139
"C:/Users/user/Documents/Unreal Projects/AdvancedCombatDemo/Content/Characters/Heroes/Mannequin/Rig/Poses/Quinn/Quinn_foot_r_anim.uasset" 3140
"C:/Users/user/Documents/Unreal Projects/AdvancedCombatDemo/Content/Characters/Heroes/Mannequin/Rig/Poses/Quinn/Quinn_foot_r_anim.uexp" 3141
"C:/Users/user/Documents/Unreal Projects/AdvancedCombatDemo/Content/Characters/Heroes/Mannequin/Rig/Poses/Quinn/Quinn_foot_r_pose.uasset" 3142
"C:/Users/user/Documents/Unreal Projects/AdvancedCombatDemo/Content/Characters/Heroes/Mannequin/Rig/Poses/Quinn/Quinn_foot_r_pose.uexp" 3143
"C:/Users/user/Documents/Unreal Projects/AdvancedCombatDemo/Content/Characters/Heroes/Mannequin/Rig/Poses/Quinn/Quinn_clavicle_l_anim.uasset" 3144
"C:/Users/user/Documents/Unreal Projects/AdvancedCombatDemo/Content/Characters/Heroes/Mannequin/Rig/Poses/Quinn/Quinn_clavicle_l_anim.uexp" 3145
"C:/Users/user/Documents/Unreal Projects/AdvancedCombatDemo/Content/Characters/Heroes/Mannequin/Rig/Poses/Quinn/Quinn_clavicle_l_pose.uasset" 3146
"C:/Users/user/Documents/Unreal Projects/AdvancedCombatDemo/Content/Characters/Heroes/Mannequin/Rig/Poses/Quinn/Quinn_clavicle_l_pose.uexp" 3147
"C:/Users/user/Documents/Unreal Projects/AdvancedCombatDemo/Content/Characters/Heroes/Mannequin/Rig/Poses/Quinn/Quinn_foot_l_anim.uasset" 3148
"C:/Users/user/Documents/Unreal Projects/AdvancedCombatDemo/Content/Characters/Heroes/Mannequin/Rig/Poses/Quinn/Quinn_foot_l_anim.uexp" 3149
"C:/Users/user/Documents/Unreal Projects/AdvancedCombatDemo/Content/Characters/Heroes/Mannequin/Rig/Poses/Quinn/Quinn_foot_l_pose.uasset" 3150
"C:/Users/user/Documents/Unreal Projects/AdvancedCombatDemo/Content/Characters/Heroes/Mannequin/Rig/Poses/Quinn/Quinn_foot_l_pose.uexp" 3151
"C:/Users/user/Documents/Unreal Projects/AdvancedCombatDemo/Content/Characters/Heroes/Mannequin/Rig/Poses/Quinn/Quinn_calf_r_anim.uasset" 3152
"C:/Users/user/Documents/Unreal Projects/AdvancedCombatDemo/Content/Characters/Heroes/Mannequin/Rig/Poses/Quinn/Quinn_calf_r_anim.uexp" 3153
"C:/Users/user/Documents/Unreal Projects/AdvancedCombatDemo/Content/Characters/Heroes/Mannequin/Rig/Poses/Quinn/Quinn_calf_r_pose.uasset" 3154
"C:/Users/user/Documents/Unreal Projects/AdvancedCombatDemo/Content/Characters/Heroes/Mannequin/Rig/Poses/Quinn/Quinn_calf_r_pose.uexp" 3155
"C:/Users/user/Documents/Unreal Projects/AdvancedCombatDemo/Content/Characters/Heroes/Mannequin/Rig/Poses/Quinn/Quinn_thigh_l_anim.uasset" 3156
"C:/Users/user/Documents/Unreal Projects/AdvancedCombatDemo/Content/Characters/Heroes/Mannequin/Rig/Poses/Quinn/Quinn_thigh_l_anim.uexp" 3157
"C:/Users/user/Documents/Unreal Projects/AdvancedCombatDemo/Content/Characters/Heroes/Mannequin/Rig/Poses/Quinn/Quinn_thigh_l_pose.uasset" 3158
"C:/Users/user/Documents/Unreal Projects/AdvancedCombatDemo/Content/Characters/Heroes/Mannequin/Rig/Poses/Quinn/Quinn_thigh_l_pose.uexp" 3159
"C:/Users/user/Documents/Unreal Projects/AdvancedCombatDemo/Content/Characters/Heroes/Mannequin/Rig/Poses/Quinn/Quinn_lowerarm_l_anim.uasset" 3160
"C:/Users/user/Documents/Unreal Projects/AdvancedCombatDemo/Content/Characters/Heroes/Mannequin/Rig/Poses/Quinn/Quinn_lowerarm_l_anim.uexp" 3161
"C:/Users/user/Documents/Unreal Projects/AdvancedCombatDemo/Content/Characters/Heroes/Mannequin/Rig/Poses/Quinn/Quinn_lowerarm_l_pose.uasset" 3162
"C:/Users/user/Documents/Unreal Projects/AdvancedCombatDemo/Content/Characters/Heroes/Mannequin/Rig/Poses/Quinn/Quinn_lowerarm_l_pose.uexp" 3163
"C:/Users/user/Documents/Unreal Projects/AdvancedCombatDemo/Content/Characters/Heroes/Mannequin/Rig/ABP_Quinn_PostProcess.uasset" 3164
"C:/Users/user/Documents/Unreal Projects/AdvancedCombatDemo/Content/Characters/Heroes/Mannequin/Rig/ABP_Quinn_PostProcess.uexp" 3165
"C:/Users/user/Documents/Unreal Projects/AdvancedCombatDemo/Content/Characters/Heroes/Mannequin/Meshes/SKM_Quinn.uasset" 3166
"C:/Users/user/Documents/Unreal Projects/AdvancedCombatDemo/Content/Characters/Heroes/Mannequin/Meshes/SKM_Quinn.uexp" 3167
"C:/Users/user/Documents/Unreal Projects/AdvancedCombatDemo/Content/Characters/Heroes/Mannequin/Animations/AnimStruct_TurnInPlaceEntry.uasset" 3168
"C:/Users/user/Documents/Unreal Projects/AdvancedCombatDemo/Content/Characters/Heroes/Mannequin/Animations/AnimStruct_TurnInPlaceEntry.uexp" 3169
"C:/Users/user/Documents/Unreal Projects/AdvancedCombatDemo/Content/Characters/Heroes/Mannequin/Animations/AnimStruct_CardinalDirections.uasset" 3170
"C:/Users/user/Documents/Unreal Projects/AdvancedCombatDemo/Content/Characters/Heroes/Mannequin/Animations/AnimStruct_CardinalDirections.uexp" 3171
"C:/Users/user/Documents/Unreal Projects/AdvancedCombatDemo/Content/Characters/Heroes/Mannequin/Rig/CR_Mannequin_FootPlant.uasset" 3172
"C:/Users/user/Documents/Unreal Projects/AdvancedCombatDemo/Content/Characters/Heroes/Mannequin/Rig/CR_Mannequin_FootPlant.uexp" 3173
"C:/Users/user/Documents/Unreal Projects/AdvancedCombatDemo/Content/Characters/Heroes/Mannequin/Animations/AnimNotifies/TransitionToLocomotion.uasset" 3174
"C:/Users/user/Documents/Unreal Projects/AdvancedCombatDemo/Content/Characters/Heroes/Mannequin/Animations/AnimNotifies/TransitionToLocomotion.uexp" 3175
"C:/Users/user/Documents/Unreal Projects/AdvancedCombatDemo/Content/Characters/Heroes/Mannequin/Animations/Locomotion/Rifle/MM_Rifle_Jog_Lean_Center.uasset" 3176
"C:/Users/user/Documents/Unreal Projects/AdvancedCombatDemo/Content/Characters/Heroes/Mannequin/Animations/Locomotion/Rifle/MM_Rifle_Jog_Lean_Center.uexp" 3177
"C:/Users/user/Documents/Unreal Projects/AdvancedCombatDemo/Content/Characters/Heroes/Mannequin/Animations/Locomotion/Rifle/MM_Rifle_Jog_Leans_Left.uasset" 3178
"C:/Users/user/Documents/Unreal Projects/AdvancedCombatDemo/Content/Characters/Heroes/Mannequin/Animations/Locomotion/Rifle/MM_Rifle_Jog_Leans_Left.uexp" 3179
"C:/Users/user/Documents/Unreal Projects/AdvancedCombatDemo/Content/Characters/Heroes/Mannequin/Animations/Locomotion/Rifle/MM_Rifle_Jog_Lean_Right.uasset" 3180
"C:/Users/user/Documents/Unreal Projects/AdvancedCombatDemo/Content/Characters/Heroes/Mannequin/Animations/Locomotion/Rifle/MM_Rifle_Jog_Lean_Right.uexp" 3181
"C:/Users/user/Documents/Unreal Projects/AdvancedCombatDemo/Content/Characters/Heroes/Mannequin/Animations/Locomotion/Rifle/MM_Rifle_Jog_Fwd.uasset" 3182
"C:/Users/user/Documents/Unreal Projects/AdvancedCombatDemo/Content/Characters/Heroes/Mannequin/Animations/Locomotion/Rifle/MM_Rifle_Jog_Fwd.uexp" 3183
"C:/Users/user/Documents/Unreal Projects/AdvancedCombatDemo/Content/Characters/Heroes/Mannequin/Animations/Locomotion/Rifle/BS_MM_Rifle_Jog_Leans.uasset" 3184
"C:/Users/user/Documents/Unreal Projects/AdvancedCombatDemo/Content/Characters/Heroes/Mannequin/Animations/Locomotion/Rifle/BS_MM_Rifle_Jog_Leans.uexp" 3185
"C:/Users/user/Documents/Unreal Projects/AdvancedCombatDemo/Content/Characters/Heroes/Mannequin/Animations/LinkedLayers/ALI_ItemAnimLayers.uasset" 3186
"C:/Users/user/Documents/Unreal Projects/AdvancedCombatDemo/Content/Characters/Heroes/Mannequin/Animations/LinkedLayers/ALI_ItemAnimLayers.uexp" 3187
"C:/Users/user/Documents/Unreal Projects/AdvancedCombatDemo/Content/Characters/Heroes/Mannequin/Rig/RTG_Mannequin.uasset" 3188
"C:/Users/user/Documents/Unreal Projects/AdvancedCombatDemo/Content/Characters/Heroes/Mannequin/Rig/RTG_Mannequin.uexp" 3189
"C:/Users/user/Documents/Unreal Projects/AdvancedCombatDemo/Content/Characters/Heroes/Mannequin/Animations/ABP_Mannequin_Retarget.uasset" 3190
"C:/Users/user/Documents/Unreal Projects/AdvancedCombatDemo/Content/Characters/Heroes/Mannequin/Animations/ABP_Mannequin_Retarget.uexp" 3191
"C:/Users/user/Documents/Unreal Projects/AdvancedCombatDemo/Content/Characters/Heroes/Mannequin/Animations/ABP_Mannequin_CopyPose.uasset" 3192
"C:/Users/user/Documents/Unreal Projects/AdvancedCombatDemo/Content/Characters/Heroes/Mannequin/Animations/ABP_Mannequin_CopyPose.uexp" 3193
"C:/Users/user/Documents/Unreal Projects/AdvancedCombatDemo/Content/Characters/Heroes/Mannequin/Animations/Poses/SplashPose_SmearPoses.uasset" 3194
"C:/Users/user/Documents/Unreal Projects/AdvancedCombatDemo/Content/Characters/Heroes/Mannequin/Animations/Poses/SplashPose_SmearPoses.uexp" 3195
"C:/Users/user/Documents/Unreal Projects/AdvancedCombatDemo/Content/Characters/Heroes/Mannequin/Animations/Poses/SplashPose_Quinn_9.uasset" 3196
"C:/Users/user/Documents/Unreal Projects/AdvancedCombatDemo/Content/Characters/Heroes/Mannequin/Animations/Poses/SplashPose_Quinn_9.uexp" 3197
"C:/Users/user/Documents/Unreal Projects/AdvancedCombatDemo/Content/Characters/Heroes/Mannequin/Animations/Poses/SplashPose_Quinn_8.uasset" 3198
"C:/Users/user/Documents/Unreal Projects/AdvancedCombatDemo/Content/Characters/Heroes/Mannequin/Animations/Poses/SplashPose_Quinn_8.uexp" 3199
"C:/Users/user/Documents/Unreal Projects/AdvancedCombatDemo/Content/Characters/Heroes/Mannequin/Animations/Poses/SplashPose_Quinn_7.uasset" 3200
"C:/Users/user/Documents/Unreal Projects/AdvancedCombatDemo/Content/Characters/Heroes/Mannequin/Animations/Poses/SplashPose_Quinn_7.uexp" 3201
"C:/Users/user/Documents/Unreal Projects/AdvancedCombatDemo/Content/Characters/Heroes/Mannequin/Animations/Poses/SplashPose_Quinn_6.uasset" 3202
"C:/Users/user/Documents/Unreal Projects/AdvancedCombatDemo/Content/Characters/Heroes/Mannequin/Animations/Poses/SplashPose_Quinn_6.uexp" 3203
"C:/Users/user/Documents/Unreal Projects/AdvancedCombatDemo/Content/Characters/Heroes/Mannequin/Animations/Poses/SplashPose_Quinn_5.uasset" 3204
"C:/Users/user/Documents/Unreal Projects/AdvancedCombatDemo/Content/Characters/Heroes/Mannequin/Animations/Poses/SplashPose_Quinn_5.uexp" 3205
"C:/Users/user/Documents/Unreal Projects/AdvancedCombatDemo/Content/Characters/Heroes/Mannequin/Animations/Poses/SplashPose_Quinn_4.uasset" 3206
"C:/Users/user/Documents/Unreal Projects/AdvancedCombatDemo/Content/Characters/Heroes/Mannequin/Animations/Poses/SplashPose_Quinn_4.uexp" 3207
"C:/Users/user/Documents/Unreal Projects/AdvancedCombatDemo/Content/Characters/Heroes/Mannequin/Animations/Poses/SplashPose_Quinn_3.uasset" 3208
"C:/Users/user/Documents/Unreal Projects/AdvancedCombatDemo/Content/Characters/Heroes/Mannequin/Animations/Poses/SplashPose_Quinn_3.uexp" 3209
"C:/Users/user/Documents/Unreal Projects/AdvancedCombatDemo/Content/Characters/Heroes/Mannequin/Animations/Poses/SplashPose_Quinn_2.uasset" 3210
"C:/Users/user/Documents/Unreal Projects/AdvancedCombatDemo/Content/Characters/Heroes/Mannequin/Animations/Poses/SplashPose_Quinn_2.uexp" 3211
"C:/Users/user/Documents/Unreal Projects/AdvancedCombatDemo/Content/Characters/Heroes/Mannequin/Animations/Poses/SplashPose_Quinn_18.uasset" 3212
"C:/Users/user/Documents/Unreal Projects/AdvancedCombatDemo/Content/Characters/Heroes/Mannequin/Animations/Poses/SplashPose_Quinn_18.uexp" 3213
"C:/Users/user/Documents/Unreal Projects/AdvancedCombatDemo/Content/Characters/Heroes/Mannequin/Animations/Poses/SplashPose_Quinn_17.uasset" 3214
"C:/Users/user/Documents/Unreal Projects/AdvancedCombatDemo/Content/Characters/Heroes/Mannequin/Animations/Poses/SplashPose_Quinn_17.uexp" 3215
"C:/Users/user/Documents/Unreal Projects/AdvancedCombatDemo/Content/Characters/Heroes/Mannequin/Animations/Poses/SplashPose_Quinn_16.uasset" 3216
"C:/Users/user/Documents/Unreal Projects/AdvancedCombatDemo/Content/Characters/Heroes/Mannequin/Animations/Poses/SplashPose_Quinn_16.uexp" 3217
"C:/Users/user/Documents/Unreal Projects/AdvancedCombatDemo/Content/Characters/Heroes/Mannequin/Animations/Poses/SplashPose_Quinn_15.uasset" 3218
"C:/Users/user/Documents/Unreal Projects/AdvancedCombatDemo/Content/Characters/Heroes/Mannequin/Animations/Poses/SplashPose_Quinn_15.uexp" 3219
"C:/Users/user/Documents/Unreal Projects/AdvancedCombatDemo/Content/Characters/Heroes/Mannequin/Animations/Poses/SplashPose_Quinn_14.uasset" 3220
"C:/Users/user/Documents/Unreal Projects/AdvancedCombatDemo/Content/Characters/Heroes/Mannequin/Animations/Poses/SplashPose_Quinn_14.uexp" 3221
"C:/Users/user/Documents/Unreal Projects/AdvancedCombatDemo/Content/Characters/Heroes/Mannequin/Animations/Poses/SplashPose_Quinn_13.uasset" 3222
"C:/Users/user/Documents/Unreal Projects/AdvancedCombatDemo/Content/Characters/Heroes/Mannequin/Animations/Poses/SplashPose_Quinn_13.uexp" 3223
"C:/Users/user/Documents/Unreal Projects/AdvancedCombatDemo/Content/Characters/Heroes/Mannequin/Animations/Poses/SplashPose_Quinn_12.uasset" 3224
"C:/Users/user/Documents/Unreal Projects/AdvancedCombatDemo/Content/Characters/Heroes/Mannequin/Animations/Poses/SplashPose_Quinn_12.uexp" 3225
"C:/Users/user/Documents/Unreal Projects/AdvancedCombatDemo/Content/Characters/Heroes/Mannequin/Animations/Poses/SplashPose_Quinn_11.uasset" 3226
"C:/Users/user/Documents/Unreal Projects/AdvancedCombatDemo/Content/Characters/Heroes/Mannequin/Animations/Poses/SplashPose_Quinn_11.uexp" 3227
"C:/Users/user/Documents/Unreal Projects/AdvancedCombatDemo/Content/Characters/Heroes/Mannequin/Animations/Poses/SplashPose_Quinn_10.uasset" 3228
"C:/Users/user/Documents/Unreal Projects/AdvancedCombatDemo/Content/Characters/Heroes/Mannequin/Animations/Poses/SplashPose_Quinn_10.uexp" 3229
"C:/Users/user/Documents/Unreal Projects/AdvancedCombatDemo/Content/Characters/Heroes/Mannequin/Animations/Poses/SplashPose_Quinn_1.uasset" 3230
"C:/Users/user/Documents/Unreal Projects/AdvancedCombatDemo/Content/Characters/Heroes/Mannequin/Animations/Poses/SplashPose_Quinn_1.uexp" 3231
"C:/Users/user/Documents/Unreal Projects/AdvancedCombatDemo/Content/Characters/Heroes/Mannequin/Animations/Poses/SplashPose_9.uasset" 3232
"C:/Users/user/Documents/Unreal Projects/AdvancedCombatDemo/Content/Characters/Heroes/Mannequin/Animations/Poses/SplashPose_9.uexp" 3233
"C:/Users/user/Documents/Unreal Projects/AdvancedCombatDemo/Content/Characters/Heroes/Mannequin/Animations/Poses/SplashPose_8.uasset" 3234
"C:/Users/user/Documents/Unreal Projects/AdvancedCombatDemo/Content/Characters/Heroes/Mannequin/Animations/Poses/SplashPose_8.uexp" 3235
"C:/Users/user/Documents/Unreal Projects/AdvancedCombatDemo/Content/Characters/Heroes/Mannequin/Animations/Poses/SplashPose_7.uasset" 3236
"C:/Users/user/Documents/Unreal Projects/AdvancedCombatDemo/Content/Characters/Heroes/Mannequin/Animations/Poses/SplashPose_7.uexp" 3237
"C:/Users/user/Documents/Unreal Projects/AdvancedCombatDemo/Content/Characters/Heroes/Mannequin/Animations/Poses/SplashPose_6.uasset" 3238
"C:/Users/user/Documents/Unreal Projects/AdvancedCombatDemo/Content/Characters/Heroes/Mannequin/Animations/Poses/SplashPose_6.uexp" 3239
"C:/Users/user/Documents/Unreal Projects/AdvancedCombatDemo/Content/Characters/Heroes/Mannequin/Animations/Poses/SplashPose_5.uasset" 3240
"C:/Users/user/Documents/Unreal Projects/AdvancedCombatDemo/Content/Characters/Heroes/Mannequin/Animations/Poses/SplashPose_5.uexp" 3241
"C:/Users/user/Documents/Unreal Projects/AdvancedCombatDemo/Content/Characters/Heroes/Mannequin/Animations/Poses/SplashPose_4.uasset" 3242
"C:/Users/user/Documents/Unreal Projects/AdvancedCombatDemo/Content/Characters/Heroes/Mannequin/Animations/Poses/SplashPose_4.uexp" 3243
"C:/Users/user/Documents/Unreal Projects/AdvancedCombatDemo/Content/Characters/Heroes/Mannequin/Animations/Poses/SplashPose_3.uasset" 3244
"C:/Users/user/Documents/Unreal Projects/AdvancedCombatDemo/Content/Characters/Heroes/Mannequin/Animations/Poses/SplashPose_3.uexp" 3245
"C:/Users/user/Documents/Unreal Projects/AdvancedCombatDemo/Content/Characters/Heroes/Mannequin/Animations/Poses/SplashPose_2.uasset" 3246
"C:/Users/user/Documents/Unreal Projects/AdvancedCombatDemo/Content/Characters/Heroes/Mannequin/Animations/Poses/SplashPose_2.uexp" 3247
"C:/Users/user/Documents/Unreal Projects/AdvancedCombatDemo/Content/Characters/Heroes/Mannequin/Animations/Poses/SplashPose_16.uasset" 3248
"C:/Users/user/Documents/Unreal Projects/AdvancedCombatDemo/Content/Characters/Heroes/Mannequin/Animations/Poses/SplashPose_16.uexp" 3249
"C:/Users/user/Documents/Unreal Projects/AdvancedCombatDemo/Content/Characters/Heroes/Mannequin/Animations/Poses/SplashPose_15.uasset" 3250
"C:/Users/user/Documents/Unreal Projects/AdvancedCombatDemo/Content/Characters/Heroes/Mannequin/Animations/Poses/SplashPose_15.uexp" 3251
"C:/Users/user/Documents/Unreal Projects/AdvancedCombatDemo/Content/Characters/Heroes/Mannequin/Animations/Poses/SplashPose_14.uasset" 3252
"C:/Users/user/Documents/Unreal Projects/AdvancedCombatDemo/Content/Characters/Heroes/Mannequin/Animations/Poses/SplashPose_14.uexp" 3253
"C:/Users/user/Documents/Unreal Projects/AdvancedCombatDemo/Content/Characters/Heroes/Mannequin/Animations/Poses/SplashPose_13.uasset" 3254
"C:/Users/user/Documents/Unreal Projects/AdvancedCombatDemo/Content/Characters/Heroes/Mannequin/Animations/Poses/SplashPose_13.uexp" 3255
"C:/Users/user/Documents/Unreal Projects/AdvancedCombatDemo/Content/Characters/Heroes/Mannequin/Animations/Poses/SplashPose_12.uasset" 3256
"C:/Users/user/Documents/Unreal Projects/AdvancedCombatDemo/Content/Characters/Heroes/Mannequin/Animations/Poses/SplashPose_12.uexp" 3257
"C:/Users/user/Documents/Unreal Projects/AdvancedCombatDemo/Content/Characters/Heroes/Mannequin/Animations/Poses/SplashPose_11.uasset" 3258
"C:/Users/user/Documents/Unreal Projects/AdvancedCombatDemo/Content/Characters/Heroes/Mannequin/Animations/Poses/SplashPose_11.uexp" 3259
"C:/Users/user/Documents/Unreal Projects/AdvancedCombatDemo/Content/Characters/Heroes/Mannequin/Animations/Poses/SplashPose_10.uasset" 3260
"C:/Users/user/Documents/Unreal Projects/AdvancedCombatDemo/Content/Characters/Heroes/Mannequin/Animations/Poses/SplashPose_10.uexp" 3261
"C:/Users/user/Documents/Unreal Projects/AdvancedCombatDemo/Content/Characters/Heroes/Mannequin/Animations/Poses/SplashPose_1.uasset" 3262
"C:/Users/user/Documents/Unreal Projects/AdvancedCombatDemo/Content/Characters/Heroes/Mannequin/Animations/Poses/SplashPose_1.uexp" 3263
"C:/Users/user/Documents/Unreal Projects/AdvancedCombatDemo/Content/Characters/Heroes/Mannequin/Animations/Poses/MM_Dash_Forward_LoadingScreen_Still_E.uasset" 3264
"C:/Users/user/Documents/Unreal Projects/AdvancedCombatDemo/Content/Characters/Heroes/Mannequin/Animations/Poses/MM_Dash_Forward_LoadingScreen_Still_E.uexp" 3265
"C:/Users/user/Documents/Unreal Projects/AdvancedCombatDemo/Content/Characters/Heroes/Mannequin/Animations/Poses/MM_Dash_Forward_LoadingScreen_Still_D.uasset" 3266
"C:/Users/user/Documents/Unreal Projects/AdvancedCombatDemo/Content/Characters/Heroes/Mannequin/Animations/Poses/MM_Dash_Forward_LoadingScreen_Still_D.uexp" 3267
"C:/Users/user/Documents/Unreal Projects/AdvancedCombatDemo/Content/Characters/Heroes/Mannequin/Animations/Poses/MM_Dash_Forward_LoadingScreen_Still_C.uasset" 3268
"C:/Users/user/Documents/Unreal Projects/AdvancedCombatDemo/Content/Characters/Heroes/Mannequin/Animations/Poses/MM_Dash_Forward_LoadingScreen_Still_C.uexp" 3269
"C:/Users/user/Documents/Unreal Projects/AdvancedCombatDemo/Content/Characters/Heroes/Mannequin/Animations/Poses/MM_Dash_Forward_LoadingScreen_Still_B.uasset" 3270
"C:/Users/user/Documents/Unreal Projects/AdvancedCombatDemo/Content/Characters/Heroes/Mannequin/Animations/Poses/MM_Dash_Forward_LoadingScreen_Still_B.uexp" 3271
"C:/Users/user/Documents/Unreal Projects/AdvancedCombatDemo/Content/Characters/Heroes/Mannequin/Animations/Poses/MM_Dash_Forward_LoadingScreen_Still_A.uasset" 3272
"C:/Users/user/Documents/Unreal Projects/AdvancedCombatDemo/Content/Characters/Heroes/Mannequin/Animations/Poses/MM_Dash_Forward_LoadingScreen_Still_A.uexp" 3273
"C:/Users/user/Documents/Unreal Projects/AdvancedCombatDemo/Content/Characters/Heroes/Mannequin/Animations/AnimNotifies/AN_PlayWeaponMontage.uasset" 3274
"C:/Users/user/Documents/Unreal Projects/AdvancedCombatDemo/Content/Characters/Heroes/Mannequin/Animations/AnimNotifies/AN_PlayWeaponMontage.uexp" 3275
"C:/Users/user/Documents/Unreal Projects/AdvancedCombatDemo/Content/Characters/Heroes/Mannequin/Animations/AimOffsets/MM_Pistol_Idle_ADS_AO_CU_45.uasset" 3276
"C:/Users/user/Documents/Unreal Projects/AdvancedCombatDemo/Content/Characters/Heroes/Mannequin/Animations/AimOffsets/MM_Pistol_Idle_ADS_AO_CU_45.uexp" 3277
"C:/Users/user/Documents/Unreal Projects/AdvancedCombatDemo/Content/Characters/Heroes/Mannequin/Animations/AimOffsets/MM_Pistol_Idle_ADS_AO_CD_45.uasset" 3278
"C:/Users/user/Documents/Unreal Projects/AdvancedCombatDemo/Content/Characters/Heroes/Mannequin/Animations/AimOffsets/MM_Pistol_Idle_ADS_AO_CD_45.uexp" 3279
"C:/Users/user/Documents/Unreal Projects/AdvancedCombatDemo/Content/Characters/Heroes/Mannequin/Animations/AimOffsets/MM_Rifle_Idle_ADS_AO_CC.uasset" 3280
"C:/Users/user/Documents/Unreal Projects/AdvancedCombatDemo/Content/Characters/Heroes/Mannequin/Animations/AimOffsets/MM_Rifle_Idle_ADS_AO_CC.uexp" 3281
"C:/Users/user/Documents/Unreal Projects/AdvancedCombatDemo/Content/Characters/Heroes/Mannequin/Animations/AimOffsets/MM_Rifle_Idle_ADS_AO_RBU.uasset" 3282
"C:/Users/user/Documents/Unreal Projects/AdvancedCombatDemo/Content/Characters/Heroes/Mannequin/Animations/AimOffsets/MM_Rifle_Idle_ADS_AO_RBU.uexp" 3283
"C:/Users/user/Documents/Unreal Projects/AdvancedCombatDemo/Content/Characters/Heroes/Mannequin/Animations/AimOffsets/MM_Rifle_Idle_ADS_AO_CU.uasset" 3284
"C:/Users/user/Documents/Unreal Projects/AdvancedCombatDemo/Content/Characters/Heroes/Mannequin/Animations/AimOffsets/MM_Rifle_Idle_ADS_AO_CU.uexp" 3285
"C:/Users/user/Documents/Unreal Projects/AdvancedCombatDemo/Content/Characters/Heroes/Mannequin/Animations/AimOffsets/MM_Rifle_Idle_ADS_AO_CD.uasset" 3286
"C:/Users/user/Documents/Unreal Projects/AdvancedCombatDemo/Content/Characters/Heroes/Mannequin/Animations/AimOffsets/MM_Rifle_Idle_ADS_AO_CD.uexp" 3287
"C:/Users/user/Documents/Unreal Projects/AdvancedCombatDemo/Content/Characters/Heroes/Mannequin/Animations/AimOffsets/MM_Rifle_Idle_ADS_AO_RD.uasset" 3288
"C:/Users/user/Documents/Unreal Projects/AdvancedCombatDemo/Content/Characters/Heroes/Mannequin/Animations/AimOffsets/MM_Rifle_Idle_ADS_AO_RD.uexp" 3289
"C:/Users/user/Documents/Unreal Projects/AdvancedCombatDemo/Content/Characters/Heroes/Mannequin/Animations/AimOffsets/MM_Rifle_Idle_ADS_AO_LU.uasset" 3290
"C:/Users/user/Documents/Unreal Projects/AdvancedCombatDemo/Content/Characters/Heroes/Mannequin/Animations/AimOffsets/MM_Rifle_Idle_ADS_AO_LU.uexp" 3291
"C:/Users/user/Documents/Unreal Projects/AdvancedCombatDemo/Content/Characters/Heroes/Mannequin/Animations/AimOffsets/MM_Rifle_Idle_ADS_AO_LBC.uasset" 3292
"C:/Users/user/Documents/Unreal Projects/AdvancedCombatDemo/Content/Characters/Heroes/Mannequin/Animations/AimOffsets/MM_Rifle_Idle_ADS_AO_LBC.uexp" 3293
"C:/Users/user/Documents/Unreal Projects/AdvancedCombatDemo/Content/Characters/Heroes/Mannequin/Animations/AimOffsets/MM_Rifle_Idle_ADS_AO_RBC.uasset" 3294
"C:/Users/user/Documents/Unreal Projects/AdvancedCombatDemo/Content/Characters/Heroes/Mannequin/Animations/AimOffsets/MM_Rifle_Idle_ADS_AO_RBC.uexp" 3295
"C:/Users/user/Documents/Unreal Projects/AdvancedCombatDemo/Content/Characters/Heroes/Mannequin/Animations/AimOffsets/MM_Rifle_Idle_ADS_AO_RU.uasset" 3296
"C:/Users/user/Documents/Unreal Projects/AdvancedCombatDemo/Content/Characters/Heroes/Mannequin/Animations/AimOffsets/MM_Rifle_Idle_ADS_AO_RU.uexp" 3297
"C:/Users/user/Documents/Unreal Projects/AdvancedCombatDemo/Content/Characters/Heroes/Mannequin/Animations/AimOffsets/MM_Rifle_Idle_ADS_AO_RC.uasset" 3298
"C:/Users/user/Documents/Unreal Projects/AdvancedCombatDemo/Content/Characters/Heroes/Mannequin/Animations/AimOffsets/MM_Rifle_Idle_ADS_AO_RC.uexp" 3299
"C:/Users/user/Documents/Unreal Projects/AdvancedCombatDemo/Content/Characters/Heroes/Mannequin/Animations/AimOffsets/MM_Rifle_Idle_ADS_AO_RBD.uasset" 3300
"C:/Users/user/Documents/Unreal Projects/AdvancedCombatDemo/Content/Characters/Heroes/Mannequin/Animations/AimOffsets/MM_Rifle_Idle_ADS_AO_RBD.uexp" 3301
"C:/Users/user/Documents/Unreal Projects/AdvancedCombatDemo/Content/Characters/Heroes/Mannequin/Animations/AimOffsets/MM_Rifle_Idle_ADS_AO_LBU.uasset" 3302
"C:/Users/user/Documents/Unreal Projects/AdvancedCombatDemo/Content/Characters/Heroes/Mannequin/Animations/AimOffsets/MM_Rifle_Idle_ADS_AO_LBU.uexp" 3303
"C:/Users/user/Documents/Unreal Projects/AdvancedCombatDemo/Content/Characters/Heroes/Mannequin/Animations/AimOffsets/MM_Rifle_Idle_ADS_AO_LD.uasset" 3304
"C:/Users/user/Documents/Unreal Projects/AdvancedCombatDemo/Content/Characters/Heroes/Mannequin/Animations/AimOffsets/MM_Rifle_Idle_ADS_AO_LD.uexp" 3305
"C:/Users/user/Documents/Unreal Projects/AdvancedCombatDemo/Content/Characters/Heroes/Mannequin/Animations/AimOffsets/MM_Rifle_Idle_ADS_AO_LC.uasset" 3306
"C:/Users/user/Documents/Unreal Projects/AdvancedCombatDemo/Content/Characters/Heroes/Mannequin/Animations/AimOffsets/MM_Rifle_Idle_ADS_AO_LC.uexp" 3307
"C:/Users/user/Documents/Unreal Projects/AdvancedCombatDemo/Content/Characters/Heroes/Mannequin/Animations/AimOffsets/MM_Rifle_Idle_ADS_AO_LBD.uasset" 3308
"C:/Users/user/Documents/Unreal Projects/AdvancedCombatDemo/Content/Characters/Heroes/Mannequin/Animations/AimOffsets/MM_Rifle_Idle_ADS_AO_LBD.uexp" 3309
"C:/Users/user/Documents/Unreal Projects/AdvancedCombatDemo/Content/Characters/Heroes/Mannequin/Animations/AimOffsets/AO_MM_Rifle_Idle_ADS.uasset" 3310
"C:/Users/user/Documents/Unreal Projects/AdvancedCombatDemo/Content/Characters/Heroes/Mannequin/Animations/AimOffsets/AO_MM_Rifle_Idle_ADS.uexp" 3311
"C:/Users/user/Documents/Unreal Projects/AdvancedCombatDemo/Content/Characters/Heroes/Mannequin/Animations/AimOffsets/MM_Rifle_Crouch_Idle_AO_CC.uasset" 3312
"C:/Users/user/Documents/Unreal Projects/AdvancedCombatDemo/Content/Characters/Heroes/Mannequin/Animations/AimOffsets/MM_Rifle_Crouch_Idle_AO_CC.uexp" 3313
"C:/Users/user/Documents/Unreal Projects/AdvancedCombatDemo/Content/Characters/Heroes/Mannequin/Animations/AimOffsets/MM_Rifle_Crouch_Idle_AO_RBU.uasset" 3314
"C:/Users/user/Documents/Unreal Projects/AdvancedCombatDemo/Content/Characters/Heroes/Mannequin/Animations/AimOffsets/MM_Rifle_Crouch_Idle_AO_RBU.uexp" 3315
"C:/Users/user/Documents/Unreal Projects/AdvancedCombatDemo/Content/Characters/Heroes/Mannequin/Animations/AimOffsets/MM_Rifle_Crouch_Idle_AO_RD.uasset" 3316
"C:/Users/user/Documents/Unreal Projects/AdvancedCombatDemo/Content/Characters/Heroes/Mannequin/Animations/AimOffsets/MM_Rifle_Crouch_Idle_AO_RD.uexp" 3317
"C:/Users/user/Documents/Unreal Projects/AdvancedCombatDemo/Content/Characters/Heroes/Mannequin/Animations/AimOffsets/MM_Rifle_Crouch_Idle_AO_LBU.uasset" 3318
"C:/Users/user/Documents/Unreal Projects/AdvancedCombatDemo/Content/Characters/Heroes/Mannequin/Animations/AimOffsets/MM_Rifle_Crouch_Idle_AO_LBU.uexp" 3319
"C:/Users/user/Documents/Unreal Projects/AdvancedCombatDemo/Content/Characters/Heroes/Mannequin/Animations/AimOffsets/MM_Rifle_Crouch_Idle_AO_CU.uasset" 3320
"C:/Users/user/Documents/Unreal Projects/AdvancedCombatDemo/Content/Characters/Heroes/Mannequin/Animations/AimOffsets/MM_Rifle_Crouch_Idle_AO_CU.uexp" 3321
"C:/Users/user/Documents/Unreal Projects/AdvancedCombatDemo/Content/Characters/Heroes/Mannequin/Animations/AimOffsets/MM_Rifle_Crouch_Idle_AO_LBD.uasset" 3322
"C:/Users/user/Documents/Unreal Projects/AdvancedCombatDemo/Content/Characters/Heroes/Mannequin/Animations/AimOffsets/MM_Rifle_Crouch_Idle_AO_LBD.uexp" 3323
"C:/Users/user/Documents/Unreal Projects/AdvancedCombatDemo/Content/Characters/Heroes/Mannequin/Animations/AimOffsets/MM_Rifle_Crouch_Idle_AO_LU.uasset" 3324
"C:/Users/user/Documents/Unreal Projects/AdvancedCombatDemo/Content/Characters/Heroes/Mannequin/Animations/AimOffsets/MM_Rifle_Crouch_Idle_AO_LU.uexp" 3325
"C:/Users/user/Documents/Unreal Projects/AdvancedCombatDemo/Content/Characters/Heroes/Mannequin/Animations/AimOffsets/MM_Rifle_Crouch_Idle_AO_RBC.uasset" 3326
"C:/Users/user/Documents/Unreal Projects/AdvancedCombatDemo/Content/Characters/Heroes/Mannequin/Animations/AimOffsets/MM_Rifle_Crouch_Idle_AO_RBC.uexp" 3327
"C:/Users/user/Documents/Unreal Projects/AdvancedCombatDemo/Content/Characters/Heroes/Mannequin/Animations/AimOffsets/MM_Rifle_Crouch_Idle_AO_RU.uasset" 3328
"C:/Users/user/Documents/Unreal Projects/AdvancedCombatDemo/Content/Characters/Heroes/Mannequin/Animations/AimOffsets/MM_Rifle_Crouch_Idle_AO_RU.uexp" 3329
"C:/Users/user/Documents/Unreal Projects/AdvancedCombatDemo/Content/Characters/Heroes/Mannequin/Animations/AimOffsets/MM_Rifle_Crouch_Idle_AO_LBC.uasset" 3330
"C:/Users/user/Documents/Unreal Projects/AdvancedCombatDemo/Content/Characters/Heroes/Mannequin/Animations/AimOffsets/MM_Rifle_Crouch_Idle_AO_LBC.uexp" 3331
"C:/Users/user/Documents/Unreal Projects/AdvancedCombatDemo/Content/Characters/Heroes/Mannequin/Animations/AimOffsets/MM_Rifle_Crouch_Idle_AO_CD.uasset" 3332
"C:/Users/user/Documents/Unreal Projects/AdvancedCombatDemo/Content/Characters/Heroes/Mannequin/Animations/AimOffsets/MM_Rifle_Crouch_Idle_AO_CD.uexp" 3333
"C:/Users/user/Documents/Unreal Projects/AdvancedCombatDemo/Content/Characters/Heroes/Mannequin/Animations/AimOffsets/MM_Rifle_Crouch_Idle_AO_RBD.uasset" 3334
"C:/Users/user/Documents/Unreal Projects/AdvancedCombatDemo/Content/Characters/Heroes/Mannequin/Animations/AimOffsets/MM_Rifle_Crouch_Idle_AO_RBD.uexp" 3335
"C:/Users/user/Documents/Unreal Projects/AdvancedCombatDemo/Content/Characters/Heroes/Mannequin/Animations/Locomotion/Rifle/MM_Rifle_Crouch_Idle.uasset" 3336
"C:/Users/user/Documents/Unreal Projects/AdvancedCombatDemo/Content/Characters/Heroes/Mannequin/Animations/Locomotion/Rifle/MM_Rifle_Crouch_Idle.uexp" 3337
"C:/Users/user/Documents/Unreal Projects/AdvancedCombatDemo/Content/Characters/Heroes/Mannequin/Animations/AimOffsets/MM_Rifle_Crouch_Idle_AO_LC.uasset" 3338
"C:/Users/user/Documents/Unreal Projects/AdvancedCombatDemo/Content/Characters/Heroes/Mannequin/Animations/AimOffsets/MM_Rifle_Crouch_Idle_AO_LC.uexp" 3339
"C:/Users/user/Documents/Unreal Projects/AdvancedCombatDemo/Content/Characters/Heroes/Mannequin/Animations/AimOffsets/MM_Rifle_Crouch_Idle_AO_RC.uasset" 3340
"C:/Users/user/Documents/Unreal Projects/AdvancedCombatDemo/Content/Characters/Heroes/Mannequin/Animations/AimOffsets/MM_Rifle_Crouch_Idle_AO_RC.uexp" 3341
"C:/Users/user/Documents/Unreal Projects/AdvancedCombatDemo/Content/Characters/Heroes/Mannequin/Animations/AimOffsets/MM_Rifle_Crouch_Idle_AO_LD.uasset" 3342
"C:/Users/user/Documents/Unreal Projects/AdvancedCombatDemo/Content/Characters/Heroes/Mannequin/Animations/AimOffsets/MM_Rifle_Crouch_Idle_AO_LD.uexp" 3343
"C:/Users/user/Documents/Unreal Projects/AdvancedCombatDemo/Content/Characters/Heroes/Mannequin/Animations/AimOffsets/AO_MM_Rifle_Crouch_Idle.uasset" 3344
"C:/Users/user/Documents/Unreal Projects/AdvancedCombatDemo/Content/Characters/Heroes/Mannequin/Animations/AimOffsets/AO_MM_Rifle_Crouch_Idle.uexp" 3345
"C:/Users/user/Documents/Unreal Projects/AdvancedCombatDemo/Content/Characters/Heroes/Mannequin/Animations/Locomotion/Pistol/MF_Pistol_Idle_ADS.uasset" 3346
"C:/Users/user/Documents/Unreal Projects/AdvancedCombatDemo/Content/Characters/Heroes/Mannequin/Animations/Locomotion/Pistol/MF_Pistol_Idle_ADS.uexp" 3347
"C:/Users/user/Documents/Unreal Projects/AdvancedCombatDemo/Content/Characters/Heroes/Mannequin/Animations/AimOffsets/MF_Pistol_Idle_ADS_AO_LBC.uasset" 3348
"C:/Users/user/Documents/Unreal Projects/AdvancedCombatDemo/Content/Characters/Heroes/Mannequin/Animations/AimOffsets/MF_Pistol_Idle_ADS_AO_LBC.uexp" 3349
"C:/Users/user/Documents/Unreal Projects/AdvancedCombatDemo/Content/Characters/Heroes/Mannequin/Animations/AimOffsets/MF_Pistol_Idle_ADS_AO_RD.uasset" 3350
"C:/Users/user/Documents/Unreal Projects/AdvancedCombatDemo/Content/Characters/Heroes/Mannequin/Animations/AimOffsets/MF_Pistol_Idle_ADS_AO_RD.uexp" 3351
"C:/Users/user/Documents/Unreal Projects/AdvancedCombatDemo/Content/Characters/Heroes/Mannequin/Animations/AimOffsets/MF_Pistol_Idle_ADS_AO_RU.uasset" 3352
"C:/Users/user/Documents/Unreal Projects/AdvancedCombatDemo/Content/Characters/Heroes/Mannequin/Animations/AimOffsets/MF_Pistol_Idle_ADS_AO_RU.uexp" 3353
"C:/Users/user/Documents/Unreal Projects/AdvancedCombatDemo/Content/Characters/Heroes/Mannequin/Animations/AimOffsets/MF_Pistol_Idle_ADS_AO_RBC.uasset" 3354
"C:/Users/user/Documents/Unreal Projects/AdvancedCombatDemo/Content/Characters/Heroes/Mannequin/Animations/AimOffsets/MF_Pistol_Idle_ADS_AO_RBC.uexp" 3355
"C:/Users/user/Documents/Unreal Projects/AdvancedCombatDemo/Content/Characters/Heroes/Mannequin/Animations/AimOffsets/MF_Pistol_Idle_ADS_AO_LBD.uasset" 3356
"C:/Users/user/Documents/Unreal Projects/AdvancedCombatDemo/Content/Characters/Heroes/Mannequin/Animations/AimOffsets/MF_Pistol_Idle_ADS_AO_LBD.uexp" 3357
"C:/Users/user/Documents/Unreal Projects/AdvancedCombatDemo/Content/Characters/Heroes/Mannequin/Animations/AimOffsets/MF_Pistol_Idle_ADS_AO_CC.uasset" 3358
"C:/Users/user/Documents/Unreal Projects/AdvancedCombatDemo/Content/Characters/Heroes/Mannequin/Animations/AimOffsets/MF_Pistol_Idle_ADS_AO_CC.uexp" 3359
"C:/Users/user/Documents/Unreal Projects/AdvancedCombatDemo/Content/Characters/Heroes/Mannequin/Animations/AimOffsets/MF_Pistol_Idle_ADS_AO_RBD.uasset" 3360
"C:/Users/user/Documents/Unreal Projects/AdvancedCombatDemo/Content/Characters/Heroes/Mannequin/Animations/AimOffsets/MF_Pistol_Idle_ADS_AO_RBD.uexp" 3361
"C:/Users/user/Documents/Unreal Projects/AdvancedCombatDemo/Content/Characters/Heroes/Mannequin/Animations/AimOffsets/MF_Pistol_Idle_ADS_AO_LBU.uasset" 3362
"C:/Users/user/Documents/Unreal Projects/AdvancedCombatDemo/Content/Characters/Heroes/Mannequin/Animations/AimOffsets/MF_Pistol_Idle_ADS_AO_LBU.uexp" 3363
"C:/Users/user/Documents/Unreal Projects/AdvancedCombatDemo/Content/Characters/Heroes/Mannequin/Animations/AimOffsets/MF_Pistol_Idle_ADS_AO_LD.uasset" 3364
"C:/Users/user/Documents/Unreal Projects/AdvancedCombatDemo/Content/Characters/Heroes/Mannequin/Animations/AimOffsets/MF_Pistol_Idle_ADS_AO_LD.uexp" 3365
"C:/Users/user/Documents/Unreal Projects/AdvancedCombatDemo/Content/Characters/Heroes/Mannequin/Animations/AimOffsets/MF_Pistol_Idle_ADS_AO_RBU.uasset" 3366
"C:/Users/user/Documents/Unreal Projects/AdvancedCombatDemo/Content/Characters/Heroes/Mannequin/Animations/AimOffsets/MF_Pistol_Idle_ADS_AO_RBU.uexp" 3367
"C:/Users/user/Documents/Unreal Projects/AdvancedCombatDemo/Content/Characters/Heroes/Mannequin/Animations/AimOffsets/MF_Pistol_Idle_ADS_AO_LC.uasset" 3368
"C:/Users/user/Documents/Unreal Projects/AdvancedCombatDemo/Content/Characters/Heroes/Mannequin/Animations/AimOffsets/MF_Pistol_Idle_ADS_AO_LC.uexp" 3369
"C:/Users/user/Documents/Unreal Projects/AdvancedCombatDemo/Content/Characters/Heroes/Mannequin/Animations/AimOffsets/MF_Pistol_Idle_ADS_AO_RC.uasset" 3370
"C:/Users/user/Documents/Unreal Projects/AdvancedCombatDemo/Content/Characters/Heroes/Mannequin/Animations/AimOffsets/MF_Pistol_Idle_ADS_AO_RC.uexp" 3371
"C:/Users/user/Documents/Unreal Projects/AdvancedCombatDemo/Content/Characters/Heroes/Mannequin/Animations/AimOffsets/MF_Pistol_Idle_ADS_AO_CU.uasset" 3372
"C:/Users/user/Documents/Unreal Projects/AdvancedCombatDemo/Content/Characters/Heroes/Mannequin/Animations/AimOffsets/MF_Pistol_Idle_ADS_AO_CU.uexp" 3373
"C:/Users/user/Documents/Unreal Projects/AdvancedCombatDemo/Content/Characters/Heroes/Mannequin/Animations/AimOffsets/MF_Pistol_Idle_ADS_AO_LU.uasset" 3374
"C:/Users/user/Documents/Unreal Projects/AdvancedCombatDemo/Content/Characters/Heroes/Mannequin/Animations/AimOffsets/MF_Pistol_Idle_ADS_AO_LU.uexp" 3375
"C:/Users/user/Documents/Unreal Projects/AdvancedCombatDemo/Content/Characters/Heroes/Mannequin/Animations/AimOffsets/MF_Pistol_Idle_ADS_AO_CD.uasset" 3376
"C:/Users/user/Documents/Unreal Projects/AdvancedCombatDemo/Content/Characters/Heroes/Mannequin/Animations/AimOffsets/MF_Pistol_Idle_ADS_AO_CD.uexp" 3377
"C:/Users/user/Documents/Unreal Projects/AdvancedCombatDemo/Content/Characters/Heroes/Mannequin/Animations/AimOffsets/AO_MF_Pistol_Idle_ADS.uasset" 3378
"C:/Users/user/Documents/Unreal Projects/AdvancedCombatDemo/Content/Characters/Heroes/Mannequin/Animations/AimOffsets/AO_MF_Pistol_Idle_ADS.uexp" 3379
"C:/Users/user/Documents/Unreal Projects/AdvancedCombatDemo/Content/Characters/Heroes/Mannequin/Animations/Actions/MM_Shotgun_Reload.uasset" 3380
"C:/Users/user/Documents/Unreal Projects/AdvancedCombatDemo/Content/Characters/Heroes/Mannequin/Animations/Actions/MM_Shotgun_Reload.uexp" 3381
"C:/Users/user/Documents/Unreal Projects/AdvancedCombatDemo/Content/Characters/Heroes/Mannequin/Animations/Actions/MM_Rifle_Spawn_Turn180.uasset" 3382
"C:/Users/user/Documents/Unreal Projects/AdvancedCombatDemo/Content/Characters/Heroes/Mannequin/Animations/Actions/MM_Rifle_Spawn_Turn180.uexp" 3383
"C:/Users/user/Documents/Unreal Projects/AdvancedCombatDemo/Content/Characters/Heroes/Mannequin/Animations/Actions/MM_Rifle_Spawn_Fast.uasset" 3384
"C:/Users/user/Documents/Unreal Projects/AdvancedCombatDemo/Content/Characters/Heroes/Mannequin/Animations/Actions/MM_Rifle_Spawn_Fast.uexp" 3385
"C:/Users/user/Documents/Unreal Projects/AdvancedCombatDemo/Content/Characters/Heroes/Mannequin/Animations/Actions/MM_Rifle_Spawn.uasset" 3386
"C:/Users/user/Documents/Unreal Projects/AdvancedCombatDemo/Content/Characters/Heroes/Mannequin/Animations/Actions/MM_Rifle_Spawn.uexp" 3387
"C:/Users/user/Documents/Unreal Projects/AdvancedCombatDemo/Content/Characters/Heroes/Mannequin/Animations/Actions/MM_Rifle_Reload.uasset" 3388
"C:/Users/user/Documents/Unreal Projects/AdvancedCombatDemo/Content/Characters/Heroes/Mannequin/Animations/Actions/MM_Rifle_Reload.uexp" 3389
"C:/Users/user/Documents/Unreal Projects/AdvancedCombatDemo/Content/Characters/Heroes/Mannequin/Animations/Actions/MM_Rifle_Fire.uasset" 3390
"C:/Users/user/Documents/Unreal Projects/AdvancedCombatDemo/Content/Characters/Heroes/Mannequin/Animations/Actions/MM_Rifle_Fire.uexp" 3391
"C:/Users/user/Documents/Unreal Projects/AdvancedCombatDemo/Content/Characters/Heroes/Mannequin/Animations/Actions/MM_Rifle_Equip.uasset" 3392
"C:/Users/user/Documents/Unreal Projects/AdvancedCombatDemo/Content/Characters/Heroes/Mannequin/Animations/Actions/MM_Rifle_Equip.uexp" 3393
"C:/Users/user/Documents/Unreal Projects/AdvancedCombatDemo/Content/Characters/Heroes/Mannequin/Animations/Actions/MM_Rifle_DryFire_Additive.uasset" 3394
"C:/Users/user/Documents/Unreal Projects/AdvancedCombatDemo/Content/Characters/Heroes/Mannequin/Animations/Actions/MM_Rifle_DryFire_Additive.uexp" 3395
"C:/Users/user/Documents/Unreal Projects/AdvancedCombatDemo/Content/Characters/Heroes/Mannequin/Animations/Actions/MM_Pistol_Spawn_Slow.uasset" 3396
"C:/Users/user/Documents/Unreal Projects/AdvancedCombatDemo/Content/Characters/Heroes/Mannequin/Animations/Actions/MM_Pistol_Spawn_Slow.uexp" 3397
"C:/Users/user/Documents/Unreal Projects/AdvancedCombatDemo/Content/Characters/Heroes/Mannequin/Animations/Actions/MM_Pistol_Spawn.uasset" 3398
"C:/Users/user/Documents/Unreal Projects/AdvancedCombatDemo/Content/Characters/Heroes/Mannequin/Animations/Actions/MM_Pistol_Spawn.uexp" 3399
"C:/Users/user/Documents/Unreal Projects/AdvancedCombatDemo/Content/Characters/Heroes/Mannequin/Animations/Actions/MM_Pistol_Reload_Additive.uasset" 3400
"C:/Users/user/Documents/Unreal Projects/AdvancedCombatDemo/Content/Characters/Heroes/Mannequin/Animations/Actions/MM_Pistol_Reload_Additive.uexp" 3401
"C:/Users/user/Documents/Unreal Projects/AdvancedCombatDemo/Content/Characters/Heroes/Mannequin/Animations/Actions/MM_Pistol_DryFire_Additive.uasset" 3402
"C:/Users/user/Documents/Unreal Projects/AdvancedCombatDemo/Content/Characters/Heroes/Mannequin/Animations/Actions/MM_Pistol_DryFire_Additive.uexp" 3403
"C:/Users/user/Documents/Unreal Projects/AdvancedCombatDemo/Content/Characters/Heroes/Mannequin/Animations/Actions/MM_Rifle_Melee_Additive.uasset" 3404
"C:/Users/user/Documents/Unreal Projects/AdvancedCombatDemo/Content/Characters/Heroes/Mannequin/Animations/Actions/MM_Rifle_Melee_Additive.uexp" 3405
"C:/Users/user/Documents/Unreal Projects/AdvancedCombatDemo/Content/Characters/Heroes/Mannequin/Animations/Actions/MM_Rifle_Melee.uasset" 3406
"C:/Users/user/Documents/Unreal Projects/AdvancedCombatDemo/Content/Characters/Heroes/Mannequin/Animations/Actions/MM_Rifle_Melee.uexp" 3407
"C:/Users/user/Documents/Unreal Projects/AdvancedCombatDemo/Content/Characters/Heroes/Mannequin/Animations/Actions/AM_MM_Rifle_Melee.uasset" 3408
"C:/Users/user/Documents/Unreal Projects/AdvancedCombatDemo/Content/Characters/Heroes/Mannequin/Animations/Actions/AM_MM_Rifle_Melee.uexp" 3409
"C:/Users/user/Documents/Unreal Projects/AdvancedCombatDemo/Content/Characters/Heroes/Mannequin/Animations/Actions/MM_Rifle_GrenadeToss.uasset" 3410
"C:/Users/user/Documents/Unreal Projects/AdvancedCombatDemo/Content/Characters/Heroes/Mannequin/Animations/Actions/MM_Rifle_GrenadeToss.uexp" 3411
"C:/Users/user/Documents/Unreal Projects/AdvancedCombatDemo/Content/Characters/Heroes/Mannequin/Animations/Actions/MM_Rifle_GrenadeToss_Additive.uasset" 3412
"C:/Users/user/Documents/Unreal Projects/AdvancedCombatDemo/Content/Characters/Heroes/Mannequin/Animations/Actions/MM_Rifle_GrenadeToss_Additive.uexp" 3413
"C:/Users/user/Documents/Unreal Projects/AdvancedCombatDemo/Content/Characters/Heroes/Mannequin/Animations/Actions/AM_MM_Rifle_GrenadeToss.uasset" 3414
"C:/Users/user/Documents/Unreal Projects/AdvancedCombatDemo/Content/Characters/Heroes/Mannequin/Animations/Actions/AM_MM_Rifle_GrenadeToss.uexp" 3415
"C:/Users/user/Documents/Unreal Projects/AdvancedCombatDemo/Content/Characters/Heroes/Mannequin/Animations/Actions/MM_Pistol_Spawn_Turn180.uasset" 3416
"C:/Users/user/Documents/Unreal Projects/AdvancedCombatDemo/Content/Characters/Heroes/Mannequin/Animations/Actions/MM_Pistol_Spawn_Turn180.uexp" 3417
"C:/Users/user/Documents/Unreal Projects/AdvancedCombatDemo/Content/Characters/Heroes/Mannequin/Animations/Actions/AM_MM_Pistol_Spawn.uasset" 3418
"C:/Users/user/Documents/Unreal Projects/AdvancedCombatDemo/Content/Characters/Heroes/Mannequin/Animations/Actions/AM_MM_Pistol_Spawn.uexp" 3419
"C:/Users/user/Documents/Unreal Projects/AdvancedCombatDemo/Content/Characters/Heroes/Mannequin/Animations/Actions/MM_Pistol_Melee_Additive.uasset" 3420
"C:/Users/user/Documents/Unreal Projects/AdvancedCombatDemo/Content/Characters/Heroes/Mannequin/Animations/Actions/MM_Pistol_Melee_Additive.uexp" 3421
"C:/Users/user/Documents/Unreal Projects/AdvancedCombatDemo/Content/Characters/Heroes/Mannequin/Animations/Actions/MM_Pistol_Melee.uasset" 3422
"C:/Users/user/Documents/Unreal Projects/AdvancedCombatDemo/Content/Characters/Heroes/Mannequin/Animations/Actions/MM_Pistol_Melee.uexp" 3423
"C:/Users/user/Documents/Unreal Projects/AdvancedCombatDemo/Content/Characters/Heroes/Mannequin/Animations/Actions/AM_MM_Pistol_Melee.uasset" 3424
"C:/Users/user/Documents/Unreal Projects/AdvancedCombatDemo/Content/Characters/Heroes/Mannequin/Animations/Actions/AM_MM_Pistol_Melee.uexp" 3425
"C:/Users/user/Documents/Unreal Projects/AdvancedCombatDemo/Content/Characters/Heroes/Mannequin/Animations/Actions/MM_HitReact_Right_Med_01.uasset" 3426
"C:/Users/user/Documents/Unreal Projects/AdvancedCombatDemo/Content/Characters/Heroes/Mannequin/Animations/Actions/MM_HitReact_Right_Med_01.uexp" 3427
"C:/Users/user/Documents/Unreal Projects/AdvancedCombatDemo/Content/Characters/Heroes/Mannequin/Animations/Locomotion/Rifle/MM_Rifle_Idle_Hipfire.uasset" 3428
"C:/Users/user/Documents/Unreal Projects/AdvancedCombatDemo/Content/Characters/Heroes/Mannequin/Animations/Locomotion/Rifle/MM_Rifle_Idle_Hipfire.uexp" 3429
"C:/Users/user/Documents/Unreal Projects/AdvancedCombatDemo/Content/Characters/Heroes/Mannequin/Animations/Actions/AM_MM_HitReact_Right_Med_01.uasset" 3430
"C:/Users/user/Documents/Unreal Projects/AdvancedCombatDemo/Content/Characters/Heroes/Mannequin/Animations/Actions/AM_MM_HitReact_Right_Med_01.uexp" 3431
"C:/Users/user/Documents/Unreal Projects/AdvancedCombatDemo/Content/Characters/Heroes/Mannequin/Animations/Actions/MM_HitReact_Right_Lgt_01.uasset" 3432
"C:/Users/user/Documents/Unreal Projects/AdvancedCombatDemo/Content/Characters/Heroes/Mannequin/Animations/Actions/MM_HitReact_Right_Lgt_01.uexp" 3433
"C:/Users/user/Documents/Unreal Projects/AdvancedCombatDemo/Content/Characters/Heroes/Mannequin/Animations/Actions/AM_MM_HitReact_Right_Lgt_01.uasset" 3434
"C:/Users/user/Documents/Unreal Projects/AdvancedCombatDemo/Content/Characters/Heroes/Mannequin/Animations/Actions/AM_MM_HitReact_Right_Lgt_01.uexp" 3435
"C:/Users/user/Documents/Unreal Projects/AdvancedCombatDemo/Content/Characters/Heroes/Mannequin/Animations/Actions/MM_HitReact_Left_Med_01.uasset" 3436
"C:/Users/user/Documents/Unreal Projects/AdvancedCombatDemo/Content/Characters/Heroes/Mannequin/Animations/Actions/MM_HitReact_Left_Med_01.uexp" 3437
"C:/Users/user/Documents/Unreal Projects/AdvancedCombatDemo/Content/Characters/Heroes/Mannequin/Animations/Actions/AM_MM_HitReact_Left_Med_01.uasset" 3438
"C:/Users/user/Documents/Unreal Projects/AdvancedCombatDemo/Content/Characters/Heroes/Mannequin/Animations/Actions/AM_MM_HitReact_Left_Med_01.uexp" 3439
"C:/Users/user/Documents/Unreal Projects/AdvancedCombatDemo/Content/Characters/Heroes/Mannequin/Animations/Actions/MM_HitReact_Left_Lgt_01.uasset" 3440
"C:/Users/user/Documents/Unreal Projects/AdvancedCombatDemo/Content/Characters/Heroes/Mannequin/Animations/Actions/MM_HitReact_Left_Lgt_01.uexp" 3441
"C:/Users/user/Documents/Unreal Projects/AdvancedCombatDemo/Content/Characters/Heroes/Mannequin/Animations/Actions/AM_MM_HitReact_Left_Lgt_01.uasset" 3442
"C:/Users/user/Documents/Unreal Projects/AdvancedCombatDemo/Content/Characters/Heroes/Mannequin/Animations/Actions/AM_MM_HitReact_Left_Lgt_01.uexp" 3443
"C:/Users/user/Documents/Unreal Projects/AdvancedCombatDemo/Content/Characters/Heroes/Mannequin/Animations/Actions/MM_HitReact_Front_Med_02.uasset" 3444
"C:/Users/user/Documents/Unreal Projects/AdvancedCombatDemo/Content/Characters/Heroes/Mannequin/Animations/Actions/MM_HitReact_Front_Med_02.uexp" 3445
"C:/Users/user/Documents/Unreal Projects/AdvancedCombatDemo/Content/Characters/Heroes/Mannequin/Animations/Actions/AM_MM_HitReact_Front_Med_02.uasset" 3446
"C:/Users/user/Documents/Unreal Projects/AdvancedCombatDemo/Content/Characters/Heroes/Mannequin/Animations/Actions/AM_MM_HitReact_Front_Med_02.uexp" 3447
"C:/Users/user/Documents/Unreal Projects/AdvancedCombatDemo/Content/Characters/Heroes/Mannequin/Animations/Actions/MM_HitReact_Front_Med_01.uasset" 3448
"C:/Users/user/Documents/Unreal Projects/AdvancedCombatDemo/Content/Characters/Heroes/Mannequin/Animations/Actions/MM_HitReact_Front_Med_01.uexp" 3449
"C:/Users/user/Documents/Unreal Projects/AdvancedCombatDemo/Content/Characters/Heroes/Mannequin/Animations/Actions/AM_MM_HitReact_Front_Med_01.uasset" 3450
"C:/Users/user/Documents/Unreal Projects/AdvancedCombatDemo/Content/Characters/Heroes/Mannequin/Animations/Actions/AM_MM_HitReact_Front_Med_01.uexp" 3451
"C:/Users/user/Documents/Unreal Projects/AdvancedCombatDemo/Content/Characters/Heroes/Mannequin/Animations/Actions/MM_HitReact_Front_Lgt_04.uasset" 3452
"C:/Users/user/Documents/Unreal Projects/AdvancedCombatDemo/Content/Characters/Heroes/Mannequin/Animations/Actions/MM_HitReact_Front_Lgt_04.uexp" 3453
"C:/Users/user/Documents/Unreal Projects/AdvancedCombatDemo/Content/Characters/Heroes/Mannequin/Animations/Actions/AM_MM_HitReact_Front_Lgt_04.uasset" 3454
"C:/Users/user/Documents/Unreal Projects/AdvancedCombatDemo/Content/Characters/Heroes/Mannequin/Animations/Actions/AM_MM_HitReact_Front_Lgt_04.uexp" 3455
"C:/Users/user/Documents/Unreal Projects/AdvancedCombatDemo/Content/Characters/Heroes/Mannequin/Animations/Actions/MM_HitReact_Front_Lgt_03.uasset" 3456
"C:/Users/user/Documents/Unreal Projects/AdvancedCombatDemo/Content/Characters/Heroes/Mannequin/Animations/Actions/MM_HitReact_Front_Lgt_03.uexp" 3457
"C:/Users/user/Documents/Unreal Projects/AdvancedCombatDemo/Content/Characters/Heroes/Mannequin/Animations/Actions/AM_MM_HitReact_Front_Lgt_03.uasset" 3458
"C:/Users/user/Documents/Unreal Projects/AdvancedCombatDemo/Content/Characters/Heroes/Mannequin/Animations/Actions/AM_MM_HitReact_Front_Lgt_03.uexp" 3459
"C:/Users/user/Documents/Unreal Projects/AdvancedCombatDemo/Content/Characters/Heroes/Mannequin/Animations/Actions/MM_HitReact_Front_Lgt_02.uasset" 3460
"C:/Users/user/Documents/Unreal Projects/AdvancedCombatDemo/Content/Characters/Heroes/Mannequin/Animations/Actions/MM_HitReact_Front_Lgt_02.uexp" 3461
"C:/Users/user/Documents/Unreal Projects/AdvancedCombatDemo/Content/Characters/Heroes/Mannequin/Animations/Actions/AM_MM_HitReact_Front_Lgt_02.uasset" 3462
"C:/Users/user/Documents/Unreal Projects/AdvancedCombatDemo/Content/Characters/Heroes/Mannequin/Animations/Actions/AM_MM_HitReact_Front_Lgt_02.uexp" 3463
"C:/Users/user/Documents/Unreal Projects/AdvancedCombatDemo/Content/Characters/Heroes/Mannequin/Animations/Actions/MM_HitReact_Front_Lgt_01.uasset" 3464
"C:/Users/user/Documents/Unreal Projects/AdvancedCombatDemo/Content/Characters/Heroes/Mannequin/Animations/Actions/MM_HitReact_Front_Lgt_01.uexp" 3465
"C:/Users/user/Documents/Unreal Projects/AdvancedCombatDemo/Content/Characters/Heroes/Mannequin/Animations/Actions/AM_MM_HitReact_Front_Lgt_01.uasset" 3466
"C:/Users/user/Documents/Unreal Projects/AdvancedCombatDemo/Content/Characters/Heroes/Mannequin/Animations/Actions/AM_MM_HitReact_Front_Lgt_01.uexp" 3467
"C:/Users/user/Documents/Unreal Projects/AdvancedCombatDemo/Content/Characters/Heroes/Mannequin/Animations/Actions/MM_HitReact_Front_Hvy_01.uasset" 3468
"C:/Users/user/Documents/Unreal Projects/AdvancedCombatDemo/Content/Characters/Heroes/Mannequin/Animations/Actions/MM_HitReact_Front_Hvy_01.uexp" 3469
"C:/Users/user/Documents/Unreal Projects/AdvancedCombatDemo/Content/Characters/Heroes/Mannequin/Animations/Actions/AM_MM_HitReact_Front_Hvy_01.uasset" 3470
"C:/Users/user/Documents/Unreal Projects/AdvancedCombatDemo/Content/Characters/Heroes/Mannequin/Animations/Actions/AM_MM_HitReact_Front_Hvy_01.uexp" 3471
"C:/Users/user/Documents/Unreal Projects/AdvancedCombatDemo/Content/Characters/Heroes/Mannequin/Animations/Actions/MM_HitReact_Back_Med_01.uasset" 3472
"C:/Users/user/Documents/Unreal Projects/AdvancedCombatDemo/Content/Characters/Heroes/Mannequin/Animations/Actions/MM_HitReact_Back_Med_01.uexp" 3473
"C:/Users/user/Documents/Unreal Projects/AdvancedCombatDemo/Content/Characters/Heroes/Mannequin/Animations/Actions/AM_MM_HitReact_Back_Med_01.uasset" 3474
"C:/Users/user/Documents/Unreal Projects/AdvancedCombatDemo/Content/Characters/Heroes/Mannequin/Animations/Actions/AM_MM_HitReact_Back_Med_01.uexp" 3475
"C:/Users/user/Documents/Unreal Projects/AdvancedCombatDemo/Content/Characters/Heroes/Mannequin/Animations/Actions/MM_HitReact_Back_Lgt_01.uasset" 3476
"C:/Users/user/Documents/Unreal Projects/AdvancedCombatDemo/Content/Characters/Heroes/Mannequin/Animations/Actions/MM_HitReact_Back_Lgt_01.uexp" 3477
"C:/Users/user/Documents/Unreal Projects/AdvancedCombatDemo/Content/Characters/Heroes/Mannequin/Animations/Actions/AM_MM_HitReact_Back_Lgt_01.uasset" 3478
"C:/Users/user/Documents/Unreal Projects/AdvancedCombatDemo/Content/Characters/Heroes/Mannequin/Animations/Actions/AM_MM_HitReact_Back_Lgt_01.uexp" 3479
"C:/Users/user/Documents/Unreal Projects/AdvancedCombatDemo/Content/Characters/Heroes/Mannequin/Animations/Actions/MM_Death_Right_01.uasset" 3480
"C:/Users/user/Documents/Unreal Projects/AdvancedCombatDemo/Content/Characters/Heroes/Mannequin/Animations/Actions/MM_Death_Right_01.uexp" 3481
"C:/Users/user/Documents/Unreal Projects/AdvancedCombatDemo/Content/Characters/Heroes/Mannequin/Animations/Actions/AM_MM_Death_Right_01.uasset" 3482
"C:/Users/user/Documents/Unreal Projects/AdvancedCombatDemo/Content/Characters/Heroes/Mannequin/Animations/Actions/AM_MM_Death_Right_01.uexp" 3483
"C:/Users/user/Documents/Unreal Projects/AdvancedCombatDemo/Content/Characters/Heroes/Mannequin/Animations/Actions/MM_Death_Left_01.uasset" 3484
"C:/Users/user/Documents/Unreal Projects/AdvancedCombatDemo/Content/Characters/Heroes/Mannequin/Animations/Actions/MM_Death_Left_01.uexp" 3485
"C:/Users/user/Documents/Unreal Projects/AdvancedCombatDemo/Content/Characters/Heroes/Mannequin/Animations/Actions/AM_MM_Death_Left_01.uasset" 3486
"C:/Users/user/Documents/Unreal Projects/AdvancedCombatDemo/Content/Characters/Heroes/Mannequin/Animations/Actions/AM_MM_Death_Left_01.uexp" 3487
"C:/Users/user/Documents/Unreal Projects/AdvancedCombatDemo/Content/Characters/Heroes/Mannequin/Animations/Actions/MM_Death_Front_03.uasset" 3488
"C:/Users/user/Documents/Unreal Projects/AdvancedCombatDemo/Content/Characters/Heroes/Mannequin/Animations/Actions/MM_Death_Front_03.uexp" 3489
"C:/Users/user/Documents/Unreal Projects/AdvancedCombatDemo/Content/Characters/Heroes/Mannequin/Animations/Actions/AM_MM_Death_Front_03.uasset" 3490
"C:/Users/user/Documents/Unreal Projects/AdvancedCombatDemo/Content/Characters/Heroes/Mannequin/Animations/Actions/AM_MM_Death_Front_03.uexp" 3491
"C:/Users/user/Documents/Unreal Projects/AdvancedCombatDemo/Content/Characters/Heroes/Mannequin/Animations/Actions/MM_Death_Front_02.uasset" 3492
"C:/Users/user/Documents/Unreal Projects/AdvancedCombatDemo/Content/Characters/Heroes/Mannequin/Animations/Actions/MM_Death_Front_02.uexp" 3493
"C:/Users/user/Documents/Unreal Projects/AdvancedCombatDemo/Content/Characters/Heroes/Mannequin/Animations/Actions/AM_MM_Death_Front_02.uasset" 3494
"C:/Users/user/Documents/Unreal Projects/AdvancedCombatDemo/Content/Characters/Heroes/Mannequin/Animations/Actions/AM_MM_Death_Front_02.uexp" 3495
"C:/Users/user/Documents/Unreal Projects/AdvancedCombatDemo/Content/Characters/Heroes/Mannequin/Animations/Actions/MM_Death_Front_01.uasset" 3496
"C:/Users/user/Documents/Unreal Projects/AdvancedCombatDemo/Content/Characters/Heroes/Mannequin/Animations/Actions/MM_Death_Front_01.uexp" 3497
"C:/Users/user/Documents/Unreal Projects/AdvancedCombatDemo/Content/Characters/Heroes/Mannequin/Animations/Actions/AM_MM_Death_Front_01.uasset" 3498
"C:/Users/user/Documents/Unreal Projects/AdvancedCombatDemo/Content/Characters/Heroes/Mannequin/Animations/Actions/AM_MM_Death_Front_01.uexp" 3499
"C:/Users/user/Documents/Unreal Projects/AdvancedCombatDemo/Content/Characters/Heroes/Mannequin/Animations/Actions/MM_Death_Back_01.uasset" 3500
"C:/Users/user/Documents/Unreal Projects/AdvancedCombatDemo/Content/Characters/Heroes/Mannequin/Animations/Actions/MM_Death_Back_01.uexp" 3501
"C:/Users/user/Documents/Unreal Projects/AdvancedCombatDemo/Content/Characters/Heroes/Mannequin/Animations/Actions/AM_MM_Death_Back_01.uasset" 3502
"C:/Users/user/Documents/Unreal Projects/AdvancedCombatDemo/Content/Characters/Heroes/Mannequin/Animations/Actions/AM_MM_Death_Back_01.uexp" 3503
"C:/Users/user/Documents/Unreal Projects/AdvancedCombatDemo/Content/Characters/Heroes/Mannequin/Animations/Actions/MM_Dash_Right.uasset" 3504
"C:/Users/user/Documents/Unreal Projects/AdvancedCombatDemo/Content/Characters/Heroes/Mannequin/Animations/Actions/MM_Dash_Right.uexp" 3505
"C:/Users/user/Documents/Unreal Projects/AdvancedCombatDemo/Content/Characters/Heroes/Mannequin/Animations/Actions/AM_MM_Dash_Right.uasset" 3506
"C:/Users/user/Documents/Unreal Projects/AdvancedCombatDemo/Content/Characters/Heroes/Mannequin/Animations/Actions/AM_MM_Dash_Right.uexp" 3507
"C:/Users/user/Documents/Unreal Projects/AdvancedCombatDemo/Content/Characters/Heroes/Mannequin/Animations/Actions/MM_Dash_Left.uasset" 3508
"C:/Users/user/Documents/Unreal Projects/AdvancedCombatDemo/Content/Characters/Heroes/Mannequin/Animations/Actions/MM_Dash_Left.uexp" 3509
"C:/Users/user/Documents/Unreal Projects/AdvancedCombatDemo/Content/Characters/Heroes/Mannequin/Animations/Actions/AM_MM_Dash_Left.uasset" 3510
"C:/Users/user/Documents/Unreal Projects/AdvancedCombatDemo/Content/Characters/Heroes/Mannequin/Animations/Actions/AM_MM_Dash_Left.uexp" 3511
"C:/Users/user/Documents/Unreal Projects/AdvancedCombatDemo/Content/Characters/Heroes/Mannequin/Animations/Poses/MM_Dash_Forward_LoadingScreenStills.uasset" 3512
"C:/Users/user/Documents/Unreal Projects/AdvancedCombatDemo/Content/Characters/Heroes/Mannequin/Animations/Poses/MM_Dash_Forward_LoadingScreenStills.uexp" 3513
"C:/Users/user/Documents/Unreal Projects/AdvancedCombatDemo/Content/Characters/Heroes/Mannequin/Animations/Actions/AM_MM_Dash_Forward_LoadingScreenStills.uasset" 3514
"C:/Users/user/Documents/Unreal Projects/AdvancedCombatDemo/Content/Characters/Heroes/Mannequin/Animations/Actions/AM_MM_Dash_Forward_LoadingScreenStills.uexp" 3515
"C:/Users/user/Documents/Unreal Projects/AdvancedCombatDemo/Content/Characters/Heroes/Mannequin/Animations/Actions/MM_Dash_Forward.uasset" 3516
"C:/Users/user/Documents/Unreal Projects/AdvancedCombatDemo/Content/Characters/Heroes/Mannequin/Animations/Actions/MM_Dash_Forward.uexp" 3517
"C:/Users/user/Documents/Unreal Projects/AdvancedCombatDemo/Content/Characters/Heroes/Mannequin/Animations/Actions/AM_MM_Dash_Forward.uasset" 3518
"C:/Users/user/Documents/Unreal Projects/AdvancedCombatDemo/Content/Characters/Heroes/Mannequin/Animations/Actions/AM_MM_Dash_Forward.uexp" 3519
"C:/Users/user/Documents/Unreal Projects/AdvancedCombatDemo/Content/Characters/Heroes/Mannequin/Animations/Actions/MM_Dash_Backward.uasset" 3520
"C:/Users/user/Documents/Unreal Projects/AdvancedCombatDemo/Content/Characters/Heroes/Mannequin/Animations/Actions/MM_Dash_Backward.uexp" 3521
"C:/Users/user/Documents/Unreal Projects/AdvancedCombatDemo/Content/Characters/Heroes/Mannequin/Animations/Actions/AM_MM_Dash_Backward.uasset" 3522
"C:/Users/user/Documents/Unreal Projects/AdvancedCombatDemo/Content/Characters/Heroes/Mannequin/Animations/Actions/AM_MM_Dash_Backward.uexp" 3523
"C:/Users/user/Documents/Unreal Projects/AdvancedCombatDemo/Content/Audio/Sounds/Emotes/Emote_FingerGuns_01.ubulk" 3524
"C:/Users/user/Documents/Unreal Projects/AdvancedCombatDemo/Content/Audio/Sounds/Emotes/Emote_FingerGuns_01.uasset" 3525
"C:/Users/user/Documents/Unreal Projects/AdvancedCombatDemo/Content/Audio/Sounds/Emotes/Emote_FingerGuns_01.uexp" 3526
"../../../Engine/Content/EngineSounds/Master.uasset" 3527
"../../../Engine/Content/EngineSounds/Master.uexp" 3528
"../../../Engine/Content/EngineSounds/Normal_Attack.uasset" 3529
"../../../Engine/Content/EngineSounds/Normal_Attack.uexp" 3530
"../../../Engine/Content/EngineSounds/Duck_Normal_Attack_MixMod.uasset" 3531
"../../../Engine/Content/EngineSounds/Duck_Normal_Attack_MixMod.uexp" 3532
"../../../Engine/Content/EngineSounds/Special_Attack_PSM.uasset" 3533
"../../../Engine/Content/EngineSounds/Special_Attack_PSM.uexp" 3534
"../../../Engine/Content/EngineSounds/SFX.uasset" 3535
"../../../Engine/Content/EngineSounds/SFX.uexp" 3536
"C:/Users/user/Documents/Unreal Projects/AdvancedCombatDemo/Content/Audio/Sounds/Emotes/Emote_FingerGuns_03.ubulk" 3537
"C:/Users/user/Documents/Unreal Projects/AdvancedCombatDemo/Content/Audio/Sounds/Emotes/Emote_FingerGuns_03.uasset" 3538
"C:/Users/user/Documents/Unreal Projects/AdvancedCombatDemo/Content/Audio/Sounds/Emotes/Emote_FingerGuns_03.uexp" 3539
"C:/Users/user/Documents/Unreal Projects/AdvancedCombatDemo/Content/Audio/Sounds/Emotes/Emote_FingerGuns_02.ubulk" 3540
"C:/Users/user/Documents/Unreal Projects/AdvancedCombatDemo/Content/Audio/Sounds/Emotes/Emote_FingerGuns_02.uasset" 3541
"C:/Users/user/Documents/Unreal Projects/AdvancedCombatDemo/Content/Audio/Sounds/Emotes/Emote_FingerGuns_02.uexp" 3542
"C:/Users/user/Documents/Unreal Projects/AdvancedCombatDemo/Content/Characters/Heroes/Mannequin/Animations/Actions/MF_Emote_FingerGuns.uasset" 3543
"C:/Users/user/Documents/Unreal Projects/AdvancedCombatDemo/Content/Characters/Heroes/Mannequin/Animations/Actions/MF_Emote_FingerGuns.uexp" 3544
"C:/Users/user/Documents/Unreal Projects/AdvancedCombatDemo/Content/Characters/Heroes/Mannequin/Animations/Actions/AM_MF_Emote_FingerGuns.uasset" 3545
"C:/Users/user/Documents/Unreal Projects/AdvancedCombatDemo/Content/Characters/Heroes/Mannequin/Animations/Actions/AM_MF_Emote_FingerGuns.uexp" 3546
"C:/Users/user/Documents/Unreal Projects/AdvancedCombatDemo/Content/ACS_BP/Weapons/ThirdParty/S_Mention.uasset" 3547
"C:/Users/user/Documents/Unreal Projects/AdvancedCombatDemo/Content/ACS_BP/Weapons/ThirdParty/S_Mention.uexp" 3548
"C:/Users/user/Documents/Unreal Projects/AdvancedCombatDemo/Content/ACS_BP/Weapons/ThirdParty/Data/DT_Mentioning.uasset" 3549
"C:/Users/user/Documents/Unreal Projects/AdvancedCombatDemo/Content/ACS_BP/Weapons/ThirdParty/Data/DT_Mentioning.uexp" 3550
"C:/Users/user/Documents/Unreal Projects/AdvancedCombatDemo/Content/ACS_BP/Weapons/Rifle/Iron_Texture/IRONSIGHTS_SIGHTS_SPECULAR.ubulk" 3551
"C:/Users/user/Documents/Unreal Projects/AdvancedCombatDemo/Content/ACS_BP/Weapons/Rifle/Iron_Texture/IRONSIGHTS_SIGHTS_SPECULAR.uasset" 3552
"C:/Users/user/Documents/Unreal Projects/AdvancedCombatDemo/Content/ACS_BP/Weapons/Rifle/Iron_Texture/IRONSIGHTS_SIGHTS_SPECULAR.uexp" 3553
"C:/Users/user/Documents/Unreal Projects/AdvancedCombatDemo/Content/ACS_BP/Weapons/Rifle/Iron_Texture/internal_ground_ao_texture.ubulk" 3554
"C:/Users/user/Documents/Unreal Projects/AdvancedCombatDemo/Content/ACS_BP/Weapons/Rifle/Iron_Texture/internal_ground_ao_texture.uasset" 3555
"C:/Users/user/Documents/Unreal Projects/AdvancedCombatDemo/Content/ACS_BP/Weapons/Rifle/Iron_Texture/internal_ground_ao_texture.uexp" 3556
"C:/Users/user/Documents/Unreal Projects/AdvancedCombatDemo/Content/ACS_BP/Weapons/Bazooka/Mesh/Textures/internal_ground_ao_texture.ubulk" 3557
"C:/Users/user/Documents/Unreal Projects/AdvancedCombatDemo/Content/ACS_BP/Weapons/Bazooka/Mesh/Textures/internal_ground_ao_texture.uasset" 3558
"C:/Users/user/Documents/Unreal Projects/AdvancedCombatDemo/Content/ACS_BP/Weapons/Bazooka/Mesh/Textures/internal_ground_ao_texture.uexp" 3559
"C:/Users/user/Documents/Unreal Projects/AdvancedCombatDemo/Content/ACS_BP/Weapons/Bazooka/Mesh/Textures/1001_opacity.ubulk" 3560
"C:/Users/user/Documents/Unreal Projects/AdvancedCombatDemo/Content/ACS_BP/Weapons/Bazooka/Mesh/Textures/1001_opacity.uasset" 3561
"C:/Users/user/Documents/Unreal Projects/AdvancedCombatDemo/Content/ACS_BP/Weapons/Bazooka/Mesh/Textures/1001_opacity.uexp" 3562
"C:/Users/user/Documents/Unreal Projects/AdvancedCombatDemo/Content/ACS_BP/Weapons/BaseballBat/Meshes/Saw/SawBat.ubulk" 3563
"C:/Users/user/Documents/Unreal Projects/AdvancedCombatDemo/Content/ACS_BP/Weapons/BaseballBat/Meshes/Saw/SawBat.uasset" 3564
"C:/Users/user/Documents/Unreal Projects/AdvancedCombatDemo/Content/ACS_BP/Weapons/BaseballBat/Meshes/Saw/SawBat.uexp" 3565
"C:/Users/user/Documents/Unreal Projects/AdvancedCombatDemo/Content/ACS_BP/Weapons/BaseballBat/Meshes/Nails/NailsBat.ubulk" 3566
"C:/Users/user/Documents/Unreal Projects/AdvancedCombatDemo/Content/ACS_BP/Weapons/BaseballBat/Meshes/Nails/NailsBat.uasset" 3567
"C:/Users/user/Documents/Unreal Projects/AdvancedCombatDemo/Content/ACS_BP/Weapons/BaseballBat/Meshes/Nails/NailsBat.uexp" 3568
"C:/Users/user/Documents/Unreal Projects/AdvancedCombatDemo/Content/ACS_BP/UI/Weapons/CompleteCustomModify/UI_ModifyWeaponFree.uasset" 3569
"C:/Users/user/Documents/Unreal Projects/AdvancedCombatDemo/Content/ACS_BP/UI/Weapons/CompleteCustomModify/UI_ModifyWeaponFree.uexp" 3570
"C:/Users/user/Documents/Unreal Projects/AdvancedCombatDemo/Content/Characters/Heroes/Mannequin/Animations/Poses/QuinnIntro_Blockout/QuinnIntro_BlockOut_Pose7_Quinn.uasset" 3571
"C:/Users/user/Documents/Unreal Projects/AdvancedCombatDemo/Content/Characters/Heroes/Mannequin/Animations/Poses/QuinnIntro_Blockout/QuinnIntro_BlockOut_Pose7_Quinn.uexp" 3572
"C:/Users/user/Documents/Unreal Projects/AdvancedCombatDemo/Content/Characters/Heroes/Mannequin/Animations/Poses/QuinnIntro_Blockout/QuinnIntro_BlockOut_Pose7_Manny.uasset" 3573
"C:/Users/user/Documents/Unreal Projects/AdvancedCombatDemo/Content/Characters/Heroes/Mannequin/Animations/Poses/QuinnIntro_Blockout/QuinnIntro_BlockOut_Pose7_Manny.uexp" 3574
"C:/Users/user/Documents/Unreal Projects/AdvancedCombatDemo/Content/Characters/Heroes/Mannequin/Animations/Poses/QuinnIntro_Blockout/QuinnIntro_BlockOut_Pose6_Quinn.uasset" 3575
"C:/Users/user/Documents/Unreal Projects/AdvancedCombatDemo/Content/Characters/Heroes/Mannequin/Animations/Poses/QuinnIntro_Blockout/QuinnIntro_BlockOut_Pose6_Quinn.uexp" 3576
"C:/Users/user/Documents/Unreal Projects/AdvancedCombatDemo/Content/Characters/Heroes/Mannequin/Animations/Poses/QuinnIntro_Blockout/QuinnIntro_BlockOut_Pose6_Manny.uasset" 3577
"C:/Users/user/Documents/Unreal Projects/AdvancedCombatDemo/Content/Characters/Heroes/Mannequin/Animations/Poses/QuinnIntro_Blockout/QuinnIntro_BlockOut_Pose6_Manny.uexp" 3578
"C:/Users/user/Documents/Unreal Projects/AdvancedCombatDemo/Content/Characters/Heroes/Mannequin/Animations/Poses/QuinnIntro_Blockout/QuinnIntro_BlockOut_Pose5_Quinn.uasset" 3579
"C:/Users/user/Documents/Unreal Projects/AdvancedCombatDemo/Content/Characters/Heroes/Mannequin/Animations/Poses/QuinnIntro_Blockout/QuinnIntro_BlockOut_Pose5_Quinn.uexp" 3580
"C:/Users/user/Documents/Unreal Projects/AdvancedCombatDemo/Content/Characters/Heroes/Mannequin/Animations/Poses/QuinnIntro_Blockout/QuinnIntro_BlockOut_Pose5_Manny.uasset" 3581
"C:/Users/user/Documents/Unreal Projects/AdvancedCombatDemo/Content/Characters/Heroes/Mannequin/Animations/Poses/QuinnIntro_Blockout/QuinnIntro_BlockOut_Pose5_Manny.uexp" 3582
"C:/Users/user/Documents/Unreal Projects/AdvancedCombatDemo/Content/Characters/Heroes/Mannequin/Animations/Poses/QuinnIntro_Blockout/QuinnIntro_BlockOut_Pose4_Quinn.uasset" 3583
"C:/Users/user/Documents/Unreal Projects/AdvancedCombatDemo/Content/Characters/Heroes/Mannequin/Animations/Poses/QuinnIntro_Blockout/QuinnIntro_BlockOut_Pose4_Quinn.uexp" 3584
"C:/Users/user/Documents/Unreal Projects/AdvancedCombatDemo/Content/Characters/Heroes/Mannequin/Animations/Poses/QuinnIntro_Blockout/QuinnIntro_BlockOut_Pose4_Manny.uasset" 3585
"C:/Users/user/Documents/Unreal Projects/AdvancedCombatDemo/Content/Characters/Heroes/Mannequin/Animations/Poses/QuinnIntro_Blockout/QuinnIntro_BlockOut_Pose4_Manny.uexp" 3586
"C:/Users/user/Documents/Unreal Projects/AdvancedCombatDemo/Content/Characters/Heroes/Mannequin/Animations/Poses/QuinnIntro_Blockout/QuinnIntro_BlockOut_Pose3_Quinn.uasset" 3587
"C:/Users/user/Documents/Unreal Projects/AdvancedCombatDemo/Content/Characters/Heroes/Mannequin/Animations/Poses/QuinnIntro_Blockout/QuinnIntro_BlockOut_Pose3_Quinn.uexp" 3588
"C:/Users/user/Documents/Unreal Projects/AdvancedCombatDemo/Content/Characters/Heroes/Mannequin/Animations/Poses/QuinnIntro_Blockout/QuinnIntro_BlockOut_Pose3_Manny.uasset" 3589
"C:/Users/user/Documents/Unreal Projects/AdvancedCombatDemo/Content/Characters/Heroes/Mannequin/Animations/Poses/QuinnIntro_Blockout/QuinnIntro_BlockOut_Pose3_Manny.uexp" 3590
"C:/Users/user/Documents/Unreal Projects/AdvancedCombatDemo/Content/Characters/Heroes/Mannequin/Animations/Poses/QuinnIntro_Blockout/QuinnIntro_BlockOut_Pose2_Quinn.uasset" 3591
"C:/Users/user/Documents/Unreal Projects/AdvancedCombatDemo/Content/Characters/Heroes/Mannequin/Animations/Poses/QuinnIntro_Blockout/QuinnIntro_BlockOut_Pose2_Quinn.uexp" 3592
"C:/Users/user/Documents/Unreal Projects/AdvancedCombatDemo/Content/Characters/Heroes/Mannequin/Animations/Poses/QuinnIntro_Blockout/QuinnIntro_BlockOut_Pose2_Manny.uasset" 3593
"C:/Users/user/Documents/Unreal Projects/AdvancedCombatDemo/Content/Characters/Heroes/Mannequin/Animations/Poses/QuinnIntro_Blockout/QuinnIntro_BlockOut_Pose2_Manny.uexp" 3594
"C:/Users/user/Documents/Unreal Projects/AdvancedCombatDemo/Content/Characters/Heroes/Mannequin/Animations/Poses/QuinnIntro_Blockout/QuinnIntro_BlockOut_Pose1_Quinn.uasset" 3595
"C:/Users/user/Documents/Unreal Projects/AdvancedCombatDemo/Content/Characters/Heroes/Mannequin/Animations/Poses/QuinnIntro_Blockout/QuinnIntro_BlockOut_Pose1_Quinn.uexp" 3596
"C:/Users/user/Documents/Unreal Projects/AdvancedCombatDemo/Content/Characters/Heroes/Mannequin/Animations/Poses/QuinnIntro_Blockout/QuinnIntro_BlockOut_Pose1_Manny.uasset" 3597
"C:/Users/user/Documents/Unreal Projects/AdvancedCombatDemo/Content/Characters/Heroes/Mannequin/Animations/Poses/QuinnIntro_Blockout/QuinnIntro_BlockOut_Pose1_Manny.uexp" 3598
"C:/Users/user/Documents/Unreal Projects/AdvancedCombatDemo/Content/Characters/Heroes/Mannequin/Animations/UniformIndexableCurveCompressionSettings.uasset" 3599
"C:/Users/user/Documents/Unreal Projects/AdvancedCombatDemo/Content/Characters/Heroes/Mannequin/Animations/UniformIndexableCurveCompressionSettings.uexp" 3600
"C:/Users/user/Documents/Unreal Projects/AdvancedCombatDemo/Content/Characters/Heroes/Mannequin/Animations/Locomotion/Unarmed/MM_Unarmed_Walk_Right_Stop.uasset" 3601
"C:/Users/user/Documents/Unreal Projects/AdvancedCombatDemo/Content/Characters/Heroes/Mannequin/Animations/Locomotion/Unarmed/MM_Unarmed_Walk_Right_Stop.uexp" 3602
"C:/Users/user/Documents/Unreal Projects/AdvancedCombatDemo/Content/Characters/Heroes/Mannequin/Animations/Locomotion/Unarmed/MM_Unarmed_Walk_Right_Start.uasset" 3603
"C:/Users/user/Documents/Unreal Projects/AdvancedCombatDemo/Content/Characters/Heroes/Mannequin/Animations/Locomotion/Unarmed/MM_Unarmed_Walk_Right_Start.uexp" 3604
"C:/Users/user/Documents/Unreal Projects/AdvancedCombatDemo/Content/Characters/Heroes/Mannequin/Animations/Locomotion/Unarmed/MM_Unarmed_Walk_Right_Pivot.uasset" 3605
"C:/Users/user/Documents/Unreal Projects/AdvancedCombatDemo/Content/Characters/Heroes/Mannequin/Animations/Locomotion/Unarmed/MM_Unarmed_Walk_Right_Pivot.uexp" 3606
"C:/Users/user/Documents/Unreal Projects/AdvancedCombatDemo/Content/Characters/Heroes/Mannequin/Animations/Locomotion/Unarmed/MM_Unarmed_Walk_Right.uasset" 3607
"C:/Users/user/Documents/Unreal Projects/AdvancedCombatDemo/Content/Characters/Heroes/Mannequin/Animations/Locomotion/Unarmed/MM_Unarmed_Walk_Right.uexp" 3608
"C:/Users/user/Documents/Unreal Projects/AdvancedCombatDemo/Content/Characters/Heroes/Mannequin/Animations/Locomotion/Unarmed/MM_Unarmed_Walk_Left_Stop.uasset" 3609
"C:/Users/user/Documents/Unreal Projects/AdvancedCombatDemo/Content/Characters/Heroes/Mannequin/Animations/Locomotion/Unarmed/MM_Unarmed_Walk_Left_Stop.uexp" 3610
"C:/Users/user/Documents/Unreal Projects/AdvancedCombatDemo/Content/Characters/Heroes/Mannequin/Animations/Locomotion/Unarmed/MM_Unarmed_Walk_Left_Start.uasset" 3611
"C:/Users/user/Documents/Unreal Projects/AdvancedCombatDemo/Content/Characters/Heroes/Mannequin/Animations/Locomotion/Unarmed/MM_Unarmed_Walk_Left_Start.uexp" 3612
"C:/Users/user/Documents/Unreal Projects/AdvancedCombatDemo/Content/Characters/Heroes/Mannequin/Animations/Locomotion/Unarmed/MM_Unarmed_Walk_Left_Pivot.uasset" 3613
"C:/Users/user/Documents/Unreal Projects/AdvancedCombatDemo/Content/Characters/Heroes/Mannequin/Animations/Locomotion/Unarmed/MM_Unarmed_Walk_Left_Pivot.uexp" 3614
"C:/Users/user/Documents/Unreal Projects/AdvancedCombatDemo/Content/Characters/Heroes/Mannequin/Animations/Locomotion/Unarmed/MM_Unarmed_Walk_Left.uasset" 3615
"C:/Users/user/Documents/Unreal Projects/AdvancedCombatDemo/Content/Characters/Heroes/Mannequin/Animations/Locomotion/Unarmed/MM_Unarmed_Walk_Left.uexp" 3616
"C:/Users/user/Documents/Unreal Projects/AdvancedCombatDemo/Content/Characters/Heroes/Mannequin/Animations/Locomotion/Unarmed/MM_Unarmed_Walk_Fwd_Stop.uasset" 3617
"C:/Users/user/Documents/Unreal Projects/AdvancedCombatDemo/Content/Characters/Heroes/Mannequin/Animations/Locomotion/Unarmed/MM_Unarmed_Walk_Fwd_Stop.uexp" 3618
"C:/Users/user/Documents/Unreal Projects/AdvancedCombatDemo/Content/Characters/Heroes/Mannequin/Animations/Locomotion/Unarmed/MM_Unarmed_Walk_Fwd_Start.uasset" 3619
"C:/Users/user/Documents/Unreal Projects/AdvancedCombatDemo/Content/Characters/Heroes/Mannequin/Animations/Locomotion/Unarmed/MM_Unarmed_Walk_Fwd_Start.uexp" 3620
"C:/Users/user/Documents/Unreal Projects/AdvancedCombatDemo/Content/Characters/Heroes/Mannequin/Animations/Locomotion/Unarmed/MM_Unarmed_Walk_Fwd_Pivot.uasset" 3621
"C:/Users/user/Documents/Unreal Projects/AdvancedCombatDemo/Content/Characters/Heroes/Mannequin/Animations/Locomotion/Unarmed/MM_Unarmed_Walk_Fwd_Pivot.uexp" 3622
"C:/Users/user/Documents/Unreal Projects/AdvancedCombatDemo/Content/Characters/Heroes/Mannequin/Animations/Locomotion/Unarmed/MM_Unarmed_Walk_Bwd_Stop.uasset" 3623
"C:/Users/user/Documents/Unreal Projects/AdvancedCombatDemo/Content/Characters/Heroes/Mannequin/Animations/Locomotion/Unarmed/MM_Unarmed_Walk_Bwd_Stop.uexp" 3624
"C:/Users/user/Documents/Unreal Projects/AdvancedCombatDemo/Content/Characters/Heroes/Mannequin/Animations/Locomotion/Unarmed/MM_Unarmed_Walk_Bwd_Start.uasset" 3625
"C:/Users/user/Documents/Unreal Projects/AdvancedCombatDemo/Content/Characters/Heroes/Mannequin/Animations/Locomotion/Unarmed/MM_Unarmed_Walk_Bwd_Start.uexp" 3626
"C:/Users/user/Documents/Unreal Projects/AdvancedCombatDemo/Content/Characters/Heroes/Mannequin/Animations/Locomotion/Unarmed/MM_Unarmed_Walk_Bwd_Pivot.uasset" 3627
"C:/Users/user/Documents/Unreal Projects/AdvancedCombatDemo/Content/Characters/Heroes/Mannequin/Animations/Locomotion/Unarmed/MM_Unarmed_Walk_Bwd_Pivot.uexp" 3628
"C:/Users/user/Documents/Unreal Projects/AdvancedCombatDemo/Content/Characters/Heroes/Mannequin/Animations/Locomotion/Unarmed/MM_Unarmed_Walk_Bwd.uasset" 3629
"C:/Users/user/Documents/Unreal Projects/AdvancedCombatDemo/Content/Characters/Heroes/Mannequin/Animations/Locomotion/Unarmed/MM_Unarmed_Walk_Bwd.uexp" 3630
"C:/Users/user/Documents/Unreal Projects/AdvancedCombatDemo/Content/Characters/Heroes/Mannequin/Animations/Locomotion/Unarmed/MM_Unarmed_TurnRight_90.uasset" 3631
"C:/Users/user/Documents/Unreal Projects/AdvancedCombatDemo/Content/Characters/Heroes/Mannequin/Animations/Locomotion/Unarmed/MM_Unarmed_TurnRight_90.uexp" 3632
"C:/Users/user/Documents/Unreal Projects/AdvancedCombatDemo/Content/Characters/Heroes/Mannequin/Animations/Locomotion/Unarmed/MM_Unarmed_TurnRight_180.uasset" 3633
"C:/Users/user/Documents/Unreal Projects/AdvancedCombatDemo/Content/Characters/Heroes/Mannequin/Animations/Locomotion/Unarmed/MM_Unarmed_TurnRight_180.uexp" 3634
"C:/Users/user/Documents/Unreal Projects/AdvancedCombatDemo/Content/Characters/Heroes/Mannequin/Animations/Locomotion/Unarmed/MM_Unarmed_TurnLeft_90.uasset" 3635
"C:/Users/user/Documents/Unreal Projects/AdvancedCombatDemo/Content/Characters/Heroes/Mannequin/Animations/Locomotion/Unarmed/MM_Unarmed_TurnLeft_90.uexp" 3636
"C:/Users/user/Documents/Unreal Projects/AdvancedCombatDemo/Content/Characters/Heroes/Mannequin/Animations/Locomotion/Unarmed/MM_Unarmed_TurnLeft_180.uasset" 3637
"C:/Users/user/Documents/Unreal Projects/AdvancedCombatDemo/Content/Characters/Heroes/Mannequin/Animations/Locomotion/Unarmed/MM_Unarmed_TurnLeft_180.uexp" 3638
"C:/Users/user/Documents/Unreal Projects/AdvancedCombatDemo/Content/Characters/Heroes/Mannequin/Animations/Locomotion/Unarmed/MM_Unarmed_Jump_Start_Loop.uasset" 3639
"C:/Users/user/Documents/Unreal Projects/AdvancedCombatDemo/Content/Characters/Heroes/Mannequin/Animations/Locomotion/Unarmed/MM_Unarmed_Jump_Start_Loop.uexp" 3640
"C:/Users/user/Documents/Unreal Projects/AdvancedCombatDemo/Content/Characters/Heroes/Mannequin/Animations/Locomotion/Unarmed/MM_Unarmed_Jump_Start.uasset" 3641
"C:/Users/user/Documents/Unreal Projects/AdvancedCombatDemo/Content/Characters/Heroes/Mannequin/Animations/Locomotion/Unarmed/MM_Unarmed_Jump_Start.uexp" 3642
"C:/Users/user/Documents/Unreal Projects/AdvancedCombatDemo/Content/Characters/Heroes/Mannequin/Animations/Locomotion/Unarmed/MM_Unarmed_Jump_RecoveryAdditive.uasset" 3643
"C:/Users/user/Documents/Unreal Projects/AdvancedCombatDemo/Content/Characters/Heroes/Mannequin/Animations/Locomotion/Unarmed/MM_Unarmed_Jump_RecoveryAdditive.uexp" 3644
"C:/Users/user/Documents/Unreal Projects/AdvancedCombatDemo/Content/Characters/Heroes/Mannequin/Animations/Locomotion/Unarmed/MM_Unarmed_Jump_Fall_Loop.uasset" 3645
"C:/Users/user/Documents/Unreal Projects/AdvancedCombatDemo/Content/Characters/Heroes/Mannequin/Animations/Locomotion/Unarmed/MM_Unarmed_Jump_Fall_Loop.uexp" 3646
"C:/Users/user/Documents/Unreal Projects/AdvancedCombatDemo/Content/Characters/Heroes/Mannequin/Animations/Locomotion/Unarmed/MM_Unarmed_Jump_Fall_Land.uasset" 3647
"C:/Users/user/Documents/Unreal Projects/AdvancedCombatDemo/Content/Characters/Heroes/Mannequin/Animations/Locomotion/Unarmed/MM_Unarmed_Jump_Fall_Land.uexp" 3648
"C:/Users/user/Documents/Unreal Projects/AdvancedCombatDemo/Content/Characters/Heroes/Mannequin/Animations/Locomotion/Unarmed/MM_Unarmed_Jump_Apex.uasset" 3649
"C:/Users/user/Documents/Unreal Projects/AdvancedCombatDemo/Content/Characters/Heroes/Mannequin/Animations/Locomotion/Unarmed/MM_Unarmed_Jump_Apex.uexp" 3650
"C:/Users/user/Documents/Unreal Projects/AdvancedCombatDemo/Content/Characters/Heroes/Mannequin/Animations/Locomotion/Unarmed/MM_Unarmed_Jog_Right_Stop.uasset" 3651
"C:/Users/user/Documents/Unreal Projects/AdvancedCombatDemo/Content/Characters/Heroes/Mannequin/Animations/Locomotion/Unarmed/MM_Unarmed_Jog_Right_Stop.uexp" 3652
"C:/Users/user/Documents/Unreal Projects/AdvancedCombatDemo/Content/Characters/Heroes/Mannequin/Animations/Locomotion/Unarmed/MM_Unarmed_Jog_Right_Start.uasset" 3653
"C:/Users/user/Documents/Unreal Projects/AdvancedCombatDemo/Content/Characters/Heroes/Mannequin/Animations/Locomotion/Unarmed/MM_Unarmed_Jog_Right_Start.uexp" 3654
"C:/Users/user/Documents/Unreal Projects/AdvancedCombatDemo/Content/Characters/Heroes/Mannequin/Animations/Locomotion/Unarmed/MM_Unarmed_Jog_Right.uasset" 3655
"C:/Users/user/Documents/Unreal Projects/AdvancedCombatDemo/Content/Characters/Heroes/Mannequin/Animations/Locomotion/Unarmed/MM_Unarmed_Jog_Right.uexp" 3656
"C:/Users/user/Documents/Unreal Projects/AdvancedCombatDemo/Content/Characters/Heroes/Mannequin/Animations/Locomotion/Unarmed/MM_Unarmed_Jog_Pivot_Right.uasset" 3657
"C:/Users/user/Documents/Unreal Projects/AdvancedCombatDemo/Content/Characters/Heroes/Mannequin/Animations/Locomotion/Unarmed/MM_Unarmed_Jog_Pivot_Right.uexp" 3658
"C:/Users/user/Documents/Unreal Projects/AdvancedCombatDemo/Content/Characters/Heroes/Mannequin/Animations/Locomotion/Unarmed/MM_Unarmed_Jog_Left_Stop.uasset" 3659
"C:/Users/user/Documents/Unreal Projects/AdvancedCombatDemo/Content/Characters/Heroes/Mannequin/Animations/Locomotion/Unarmed/MM_Unarmed_Jog_Left_Stop.uexp" 3660
"C:/Users/user/Documents/Unreal Projects/AdvancedCombatDemo/Content/Characters/Heroes/Mannequin/Animations/Locomotion/Unarmed/MM_Unarmed_Jog_Left_Start.uasset" 3661
"C:/Users/user/Documents/Unreal Projects/AdvancedCombatDemo/Content/Characters/Heroes/Mannequin/Animations/Locomotion/Unarmed/MM_Unarmed_Jog_Left_Start.uexp" 3662
"C:/Users/user/Documents/Unreal Projects/AdvancedCombatDemo/Content/Characters/Heroes/Mannequin/Animations/Locomotion/Unarmed/MM_Unarmed_Jog_Left_Pivot.uasset" 3663
"C:/Users/user/Documents/Unreal Projects/AdvancedCombatDemo/Content/Characters/Heroes/Mannequin/Animations/Locomotion/Unarmed/MM_Unarmed_Jog_Left_Pivot.uexp" 3664
"C:/Users/user/Documents/Unreal Projects/AdvancedCombatDemo/Content/Characters/Heroes/Mannequin/Animations/Locomotion/Unarmed/MM_Unarmed_Jog_Left.uasset" 3665
"C:/Users/user/Documents/Unreal Projects/AdvancedCombatDemo/Content/Characters/Heroes/Mannequin/Animations/Locomotion/Unarmed/MM_Unarmed_Jog_Left.uexp" 3666
"C:/Users/user/Documents/Unreal Projects/AdvancedCombatDemo/Content/Characters/Heroes/Mannequin/Animations/Locomotion/Unarmed/MM_Unarmed_Jog_Fwd_Stop.uasset" 3667
"C:/Users/user/Documents/Unreal Projects/AdvancedCombatDemo/Content/Characters/Heroes/Mannequin/Animations/Locomotion/Unarmed/MM_Unarmed_Jog_Fwd_Stop.uexp" 3668
"C:/Users/user/Documents/Unreal Projects/AdvancedCombatDemo/Content/Characters/Heroes/Mannequin/Animations/Locomotion/Unarmed/MM_Unarmed_Jog_Fwd_Start.uasset" 3669
"C:/Users/user/Documents/Unreal Projects/AdvancedCombatDemo/Content/Characters/Heroes/Mannequin/Animations/Locomotion/Unarmed/MM_Unarmed_Jog_Fwd_Start.uexp" 3670
"C:/Users/user/Documents/Unreal Projects/AdvancedCombatDemo/Content/Characters/Heroes/Mannequin/Animations/Locomotion/Unarmed/MM_Unarmed_Jog_Fwd_Pivot.uasset" 3671
"C:/Users/user/Documents/Unreal Projects/AdvancedCombatDemo/Content/Characters/Heroes/Mannequin/Animations/Locomotion/Unarmed/MM_Unarmed_Jog_Fwd_Pivot.uexp" 3672
"C:/Users/user/Documents/Unreal Projects/AdvancedCombatDemo/Content/Characters/Heroes/Mannequin/Animations/Locomotion/Unarmed/MM_Unarmed_Jog_Bwd_Stop.uasset" 3673
"C:/Users/user/Documents/Unreal Projects/AdvancedCombatDemo/Content/Characters/Heroes/Mannequin/Animations/Locomotion/Unarmed/MM_Unarmed_Jog_Bwd_Stop.uexp" 3674
"C:/Users/user/Documents/Unreal Projects/AdvancedCombatDemo/Content/Characters/Heroes/Mannequin/Animations/Locomotion/Unarmed/MM_Unarmed_Jog_Bwd_Start.uasset" 3675
"C:/Users/user/Documents/Unreal Projects/AdvancedCombatDemo/Content/Characters/Heroes/Mannequin/Animations/Locomotion/Unarmed/MM_Unarmed_Jog_Bwd_Start.uexp" 3676
"C:/Users/user/Documents/Unreal Projects/AdvancedCombatDemo/Content/Characters/Heroes/Mannequin/Animations/Locomotion/Unarmed/MM_Unarmed_Jog_Bwd_Pivot.uasset" 3677
"C:/Users/user/Documents/Unreal Projects/AdvancedCombatDemo/Content/Characters/Heroes/Mannequin/Animations/Locomotion/Unarmed/MM_Unarmed_Jog_Bwd_Pivot.uexp" 3678
"C:/Users/user/Documents/Unreal Projects/AdvancedCombatDemo/Content/Characters/Heroes/Mannequin/Animations/Locomotion/Unarmed/MM_Unarmed_Jog_Bwd.uasset" 3679
"C:/Users/user/Documents/Unreal Projects/AdvancedCombatDemo/Content/Characters/Heroes/Mannequin/Animations/Locomotion/Unarmed/MM_Unarmed_Jog_Bwd.uexp" 3680
"C:/Users/user/Documents/Unreal Projects/AdvancedCombatDemo/Content/Characters/Heroes/Mannequin/Animations/Locomotion/Unarmed/MM_Unarmed_IdleBreak_Scan.uasset" 3681
"C:/Users/user/Documents/Unreal Projects/AdvancedCombatDemo/Content/Characters/Heroes/Mannequin/Animations/Locomotion/Unarmed/MM_Unarmed_IdleBreak_Scan.uexp" 3682
"C:/Users/user/Documents/Unreal Projects/AdvancedCombatDemo/Content/Characters/Heroes/Mannequin/Animations/Locomotion/Unarmed/MM_Unarmed_IdleBreak_Fidget.uasset" 3683
"C:/Users/user/Documents/Unreal Projects/AdvancedCombatDemo/Content/Characters/Heroes/Mannequin/Animations/Locomotion/Unarmed/MM_Unarmed_IdleBreak_Fidget.uexp" 3684
"C:/Users/user/Documents/Unreal Projects/AdvancedCombatDemo/Content/Characters/Heroes/Mannequin/Animations/Locomotion/Unarmed/MM_Unarmed_Crouch_Walk_Right_Stop.uasset" 3685
"C:/Users/user/Documents/Unreal Projects/AdvancedCombatDemo/Content/Characters/Heroes/Mannequin/Animations/Locomotion/Unarmed/MM_Unarmed_Crouch_Walk_Right_Stop.uexp" 3686
"C:/Users/user/Documents/Unreal Projects/AdvancedCombatDemo/Content/Characters/Heroes/Mannequin/Animations/Locomotion/Unarmed/MM_Unarmed_Crouch_Walk_Right_Start.uasset" 3687
"C:/Users/user/Documents/Unreal Projects/AdvancedCombatDemo/Content/Characters/Heroes/Mannequin/Animations/Locomotion/Unarmed/MM_Unarmed_Crouch_Walk_Right_Start.uexp" 3688
"C:/Users/user/Documents/Unreal Projects/AdvancedCombatDemo/Content/Characters/Heroes/Mannequin/Animations/Locomotion/Unarmed/MM_Unarmed_Crouch_Walk_Right_Pivot.uasset" 3689
"C:/Users/user/Documents/Unreal Projects/AdvancedCombatDemo/Content/Characters/Heroes/Mannequin/Animations/Locomotion/Unarmed/MM_Unarmed_Crouch_Walk_Right_Pivot.uexp" 3690
"C:/Users/user/Documents/Unreal Projects/AdvancedCombatDemo/Content/Characters/Heroes/Mannequin/Animations/Locomotion/Unarmed/MM_Unarmed_Crouch_Walk_Right.uasset" 3691
"C:/Users/user/Documents/Unreal Projects/AdvancedCombatDemo/Content/Characters/Heroes/Mannequin/Animations/Locomotion/Unarmed/MM_Unarmed_Crouch_Walk_Right.uexp" 3692
"C:/Users/user/Documents/Unreal Projects/AdvancedCombatDemo/Content/Characters/Heroes/Mannequin/Animations/Locomotion/Unarmed/MM_Unarmed_Crouch_Walk_Left_Stop.uasset" 3693
"C:/Users/user/Documents/Unreal Projects/AdvancedCombatDemo/Content/Characters/Heroes/Mannequin/Animations/Locomotion/Unarmed/MM_Unarmed_Crouch_Walk_Left_Stop.uexp" 3694
"C:/Users/user/Documents/Unreal Projects/AdvancedCombatDemo/Content/Characters/Heroes/Mannequin/Animations/Locomotion/Unarmed/MM_Unarmed_Crouch_Walk_Left_Start.uasset" 3695
"C:/Users/user/Documents/Unreal Projects/AdvancedCombatDemo/Content/Characters/Heroes/Mannequin/Animations/Locomotion/Unarmed/MM_Unarmed_Crouch_Walk_Left_Start.uexp" 3696
"C:/Users/user/Documents/Unreal Projects/AdvancedCombatDemo/Content/Characters/Heroes/Mannequin/Animations/Locomotion/Unarmed/MM_Unarmed_Crouch_Walk_Left_Pivot.uasset" 3697
"C:/Users/user/Documents/Unreal Projects/AdvancedCombatDemo/Content/Characters/Heroes/Mannequin/Animations/Locomotion/Unarmed/MM_Unarmed_Crouch_Walk_Left_Pivot.uexp" 3698
"C:/Users/user/Documents/Unreal Projects/AdvancedCombatDemo/Content/Characters/Heroes/Mannequin/Animations/Locomotion/Unarmed/MM_Unarmed_Crouch_Walk_Left.uasset" 3699
"C:/Users/user/Documents/Unreal Projects/AdvancedCombatDemo/Content/Characters/Heroes/Mannequin/Animations/Locomotion/Unarmed/MM_Unarmed_Crouch_Walk_Left.uexp" 3700
"C:/Users/user/Documents/Unreal Projects/AdvancedCombatDemo/Content/Characters/Heroes/Mannequin/Animations/Locomotion/Unarmed/MM_Unarmed_Crouch_Walk_Fwd_Stop.uasset" 3701
"C:/Users/user/Documents/Unreal Projects/AdvancedCombatDemo/Content/Characters/Heroes/Mannequin/Animations/Locomotion/Unarmed/MM_Unarmed_Crouch_Walk_Fwd_Stop.uexp" 3702
"C:/Users/user/Documents/Unreal Projects/AdvancedCombatDemo/Content/Characters/Heroes/Mannequin/Animations/Locomotion/Unarmed/MM_Unarmed_Crouch_Walk_Fwd_Start.uasset" 3703
"C:/Users/user/Documents/Unreal Projects/AdvancedCombatDemo/Content/Characters/Heroes/Mannequin/Animations/Locomotion/Unarmed/MM_Unarmed_Crouch_Walk_Fwd_Start.uexp" 3704
"C:/Users/user/Documents/Unreal Projects/AdvancedCombatDemo/Content/Characters/Heroes/Mannequin/Animations/Locomotion/Unarmed/MM_Unarmed_Crouch_Walk_Fwd_Pivot.uasset" 3705
"C:/Users/user/Documents/Unreal Projects/AdvancedCombatDemo/Content/Characters/Heroes/Mannequin/Animations/Locomotion/Unarmed/MM_Unarmed_Crouch_Walk_Fwd_Pivot.uexp" 3706
"C:/Users/user/Documents/Unreal Projects/AdvancedCombatDemo/Content/Characters/Heroes/Mannequin/Animations/Locomotion/Unarmed/MM_Unarmed_Crouch_Walk_Fwd.uasset" 3707
"C:/Users/user/Documents/Unreal Projects/AdvancedCombatDemo/Content/Characters/Heroes/Mannequin/Animations/Locomotion/Unarmed/MM_Unarmed_Crouch_Walk_Fwd.uexp" 3708
"C:/Users/user/Documents/Unreal Projects/AdvancedCombatDemo/Content/Characters/Heroes/Mannequin/Animations/Locomotion/Unarmed/MM_Unarmed_Crouch_Walk_Bwd_Stop.uasset" 3709
"C:/Users/user/Documents/Unreal Projects/AdvancedCombatDemo/Content/Characters/Heroes/Mannequin/Animations/Locomotion/Unarmed/MM_Unarmed_Crouch_Walk_Bwd_Stop.uexp" 3710
"C:/Users/user/Documents/Unreal Projects/AdvancedCombatDemo/Content/Characters/Heroes/Mannequin/Animations/Locomotion/Unarmed/MM_Unarmed_Crouch_Walk_Bwd_Start.uasset" 3711
"C:/Users/user/Documents/Unreal Projects/AdvancedCombatDemo/Content/Characters/Heroes/Mannequin/Animations/Locomotion/Unarmed/MM_Unarmed_Crouch_Walk_Bwd_Start.uexp" 3712
"C:/Users/user/Documents/Unreal Projects/AdvancedCombatDemo/Content/Characters/Heroes/Mannequin/Animations/Locomotion/Unarmed/MM_Unarmed_Crouch_Walk_Bwd_Pivot.uasset" 3713
"C:/Users/user/Documents/Unreal Projects/AdvancedCombatDemo/Content/Characters/Heroes/Mannequin/Animations/Locomotion/Unarmed/MM_Unarmed_Crouch_Walk_Bwd_Pivot.uexp" 3714
"C:/Users/user/Documents/Unreal Projects/AdvancedCombatDemo/Content/Characters/Heroes/Mannequin/Animations/Locomotion/Unarmed/MM_Unarmed_Crouch_Walk_Bwd.uasset" 3715
"C:/Users/user/Documents/Unreal Projects/AdvancedCombatDemo/Content/Characters/Heroes/Mannequin/Animations/Locomotion/Unarmed/MM_Unarmed_Crouch_Walk_Bwd.uexp" 3716
"C:/Users/user/Documents/Unreal Projects/AdvancedCombatDemo/Content/Characters/Heroes/Mannequin/Animations/Locomotion/Unarmed/MM_Unarmed_Crouch_TurnRight_90.uasset" 3717
"C:/Users/user/Documents/Unreal Projects/AdvancedCombatDemo/Content/Characters/Heroes/Mannequin/Animations/Locomotion/Unarmed/MM_Unarmed_Crouch_TurnRight_90.uexp" 3718
"C:/Users/user/Documents/Unreal Projects/AdvancedCombatDemo/Content/Characters/Heroes/Mannequin/Animations/Locomotion/Unarmed/MM_Unarmed_Crouch_TurnRight_180.uasset" 3719
"C:/Users/user/Documents/Unreal Projects/AdvancedCombatDemo/Content/Characters/Heroes/Mannequin/Animations/Locomotion/Unarmed/MM_Unarmed_Crouch_TurnRight_180.uexp" 3720
"C:/Users/user/Documents/Unreal Projects/AdvancedCombatDemo/Content/Characters/Heroes/Mannequin/Animations/Locomotion/Unarmed/MM_Unarmed_Crouch_TurnLeft_90.uasset" 3721
"C:/Users/user/Documents/Unreal Projects/AdvancedCombatDemo/Content/Characters/Heroes/Mannequin/Animations/Locomotion/Unarmed/MM_Unarmed_Crouch_TurnLeft_90.uexp" 3722
"C:/Users/user/Documents/Unreal Projects/AdvancedCombatDemo/Content/Characters/Heroes/Mannequin/Animations/Locomotion/Unarmed/MM_Unarmed_Crouch_TurnLeft_180.uasset" 3723
"C:/Users/user/Documents/Unreal Projects/AdvancedCombatDemo/Content/Characters/Heroes/Mannequin/Animations/Locomotion/Unarmed/MM_Unarmed_Crouch_TurnLeft_180.uexp" 3724
"C:/Users/user/Documents/Unreal Projects/AdvancedCombatDemo/Content/Characters/Heroes/Mannequin/Animations/Locomotion/Unarmed/MM_Unarmed_Crouch_Idle.uasset" 3725
"C:/Users/user/Documents/Unreal Projects/AdvancedCombatDemo/Content/Characters/Heroes/Mannequin/Animations/Locomotion/Unarmed/MM_Unarmed_Crouch_Idle.uexp" 3726
"C:/Users/user/Documents/Unreal Projects/AdvancedCombatDemo/Content/Characters/Heroes/Mannequin/Animations/Locomotion/Unarmed/MM_Unarmed_Crouch_Exit.uasset" 3727
"C:/Users/user/Documents/Unreal Projects/AdvancedCombatDemo/Content/Characters/Heroes/Mannequin/Animations/Locomotion/Unarmed/MM_Unarmed_Crouch_Exit.uexp" 3728
"C:/Users/user/Documents/Unreal Projects/AdvancedCombatDemo/Content/Characters/Heroes/Mannequin/Animations/Locomotion/Unarmed/MM_Unarmed_Crouch_Entry.uasset" 3729
"C:/Users/user/Documents/Unreal Projects/AdvancedCombatDemo/Content/Characters/Heroes/Mannequin/Animations/Locomotion/Unarmed/MM_Unarmed_Crouch_Entry.uexp" 3730
"C:/Users/user/Documents/Unreal Projects/AdvancedCombatDemo/Content/Characters/Heroes/Mannequin/Animations/Locomotion/Unarmed/MF_Unarmed_Walk_Right_Stop.uasset" 3731
"C:/Users/user/Documents/Unreal Projects/AdvancedCombatDemo/Content/Characters/Heroes/Mannequin/Animations/Locomotion/Unarmed/MF_Unarmed_Walk_Right_Stop.uexp" 3732
"C:/Users/user/Documents/Unreal Projects/AdvancedCombatDemo/Content/Characters/Heroes/Mannequin/Animations/Locomotion/Unarmed/MF_Unarmed_Walk_Right_Start.uasset" 3733
"C:/Users/user/Documents/Unreal Projects/AdvancedCombatDemo/Content/Characters/Heroes/Mannequin/Animations/Locomotion/Unarmed/MF_Unarmed_Walk_Right_Start.uexp" 3734
"C:/Users/user/Documents/Unreal Projects/AdvancedCombatDemo/Content/Characters/Heroes/Mannequin/Animations/Locomotion/Unarmed/MF_Unarmed_Walk_Right_Pivot.uasset" 3735
"C:/Users/user/Documents/Unreal Projects/AdvancedCombatDemo/Content/Characters/Heroes/Mannequin/Animations/Locomotion/Unarmed/MF_Unarmed_Walk_Right_Pivot.uexp" 3736
"C:/Users/user/Documents/Unreal Projects/AdvancedCombatDemo/Content/Characters/Heroes/Mannequin/Animations/Locomotion/Unarmed/MF_Unarmed_Walk_Right.uasset" 3737
"C:/Users/user/Documents/Unreal Projects/AdvancedCombatDemo/Content/Characters/Heroes/Mannequin/Animations/Locomotion/Unarmed/MF_Unarmed_Walk_Right.uexp" 3738
"C:/Users/user/Documents/Unreal Projects/AdvancedCombatDemo/Content/Characters/Heroes/Mannequin/Animations/Locomotion/Unarmed/MF_Unarmed_Walk_Left_Stop.uasset" 3739
"C:/Users/user/Documents/Unreal Projects/AdvancedCombatDemo/Content/Characters/Heroes/Mannequin/Animations/Locomotion/Unarmed/MF_Unarmed_Walk_Left_Stop.uexp" 3740
"C:/Users/user/Documents/Unreal Projects/AdvancedCombatDemo/Content/Characters/Heroes/Mannequin/Animations/Locomotion/Unarmed/MF_Unarmed_Walk_Left_Start.uasset" 3741
"C:/Users/user/Documents/Unreal Projects/AdvancedCombatDemo/Content/Characters/Heroes/Mannequin/Animations/Locomotion/Unarmed/MF_Unarmed_Walk_Left_Start.uexp" 3742
"C:/Users/user/Documents/Unreal Projects/AdvancedCombatDemo/Content/Characters/Heroes/Mannequin/Animations/Locomotion/Unarmed/MF_Unarmed_Walk_Left_Pivot.uasset" 3743
"C:/Users/user/Documents/Unreal Projects/AdvancedCombatDemo/Content/Characters/Heroes/Mannequin/Animations/Locomotion/Unarmed/MF_Unarmed_Walk_Left_Pivot.uexp" 3744
"C:/Users/user/Documents/Unreal Projects/AdvancedCombatDemo/Content/Characters/Heroes/Mannequin/Animations/Locomotion/Unarmed/MF_Unarmed_Walk_Left.uasset" 3745
"C:/Users/user/Documents/Unreal Projects/AdvancedCombatDemo/Content/Characters/Heroes/Mannequin/Animations/Locomotion/Unarmed/MF_Unarmed_Walk_Left.uexp" 3746
"C:/Users/user/Documents/Unreal Projects/AdvancedCombatDemo/Content/Characters/Heroes/Mannequin/Animations/Locomotion/Unarmed/MF_Unarmed_Walk_Fwd_Stop.uasset" 3747
"C:/Users/user/Documents/Unreal Projects/AdvancedCombatDemo/Content/Characters/Heroes/Mannequin/Animations/Locomotion/Unarmed/MF_Unarmed_Walk_Fwd_Stop.uexp" 3748
"C:/Users/user/Documents/Unreal Projects/AdvancedCombatDemo/Content/Characters/Heroes/Mannequin/Animations/Locomotion/Unarmed/MF_Unarmed_Walk_Fwd_Start.uasset" 3749
"C:/Users/user/Documents/Unreal Projects/AdvancedCombatDemo/Content/Characters/Heroes/Mannequin/Animations/Locomotion/Unarmed/MF_Unarmed_Walk_Fwd_Start.uexp" 3750
"C:/Users/user/Documents/Unreal Projects/AdvancedCombatDemo/Content/Characters/Heroes/Mannequin/Animations/Locomotion/Unarmed/MF_Unarmed_Walk_Fwd_Pivot.uasset" 3751
"C:/Users/user/Documents/Unreal Projects/AdvancedCombatDemo/Content/Characters/Heroes/Mannequin/Animations/Locomotion/Unarmed/MF_Unarmed_Walk_Fwd_Pivot.uexp" 3752
"C:/Users/user/Documents/Unreal Projects/AdvancedCombatDemo/Content/Characters/Heroes/Mannequin/Animations/Locomotion/Unarmed/MF_Unarmed_Walk_Fwd.uasset" 3753
"C:/Users/user/Documents/Unreal Projects/AdvancedCombatDemo/Content/Characters/Heroes/Mannequin/Animations/Locomotion/Unarmed/MF_Unarmed_Walk_Fwd.uexp" 3754
"C:/Users/user/Documents/Unreal Projects/AdvancedCombatDemo/Content/Characters/Heroes/Mannequin/Animations/Locomotion/Unarmed/MF_Unarmed_Walk_Bwd_Stop.uasset" 3755
"C:/Users/user/Documents/Unreal Projects/AdvancedCombatDemo/Content/Characters/Heroes/Mannequin/Animations/Locomotion/Unarmed/MF_Unarmed_Walk_Bwd_Stop.uexp" 3756
"C:/Users/user/Documents/Unreal Projects/AdvancedCombatDemo/Content/Characters/Heroes/Mannequin/Animations/Locomotion/Unarmed/MF_Unarmed_Walk_Bwd_Start.uasset" 3757
"C:/Users/user/Documents/Unreal Projects/AdvancedCombatDemo/Content/Characters/Heroes/Mannequin/Animations/Locomotion/Unarmed/MF_Unarmed_Walk_Bwd_Start.uexp" 3758
"C:/Users/user/Documents/Unreal Projects/AdvancedCombatDemo/Content/Characters/Heroes/Mannequin/Animations/Locomotion/Unarmed/MF_Unarmed_Walk_Bwd_Pivot.uasset" 3759
"C:/Users/user/Documents/Unreal Projects/AdvancedCombatDemo/Content/Characters/Heroes/Mannequin/Animations/Locomotion/Unarmed/MF_Unarmed_Walk_Bwd_Pivot.uexp" 3760
"C:/Users/user/Documents/Unreal Projects/AdvancedCombatDemo/Content/Characters/Heroes/Mannequin/Animations/Locomotion/Unarmed/MF_Unarmed_Walk_Bwd.uasset" 3761
"C:/Users/user/Documents/Unreal Projects/AdvancedCombatDemo/Content/Characters/Heroes/Mannequin/Animations/Locomotion/Unarmed/MF_Unarmed_Walk_Bwd.uexp" 3762
"C:/Users/user/Documents/Unreal Projects/AdvancedCombatDemo/Content/Characters/Heroes/Mannequin/Animations/Locomotion/Unarmed/MF_Unarmed_TurnRight_90.uasset" 3763
"C:/Users/user/Documents/Unreal Projects/AdvancedCombatDemo/Content/Characters/Heroes/Mannequin/Animations/Locomotion/Unarmed/MF_Unarmed_TurnRight_90.uexp" 3764
"C:/Users/user/Documents/Unreal Projects/AdvancedCombatDemo/Content/Characters/Heroes/Mannequin/Animations/Locomotion/Unarmed/MF_Unarmed_TurnRight_180.uasset" 3765
"C:/Users/user/Documents/Unreal Projects/AdvancedCombatDemo/Content/Characters/Heroes/Mannequin/Animations/Locomotion/Unarmed/MF_Unarmed_TurnRight_180.uexp" 3766
"C:/Users/user/Documents/Unreal Projects/AdvancedCombatDemo/Content/Characters/Heroes/Mannequin/Animations/Locomotion/Unarmed/MF_Unarmed_TurnLeft_90.uasset" 3767
"C:/Users/user/Documents/Unreal Projects/AdvancedCombatDemo/Content/Characters/Heroes/Mannequin/Animations/Locomotion/Unarmed/MF_Unarmed_TurnLeft_90.uexp" 3768
"C:/Users/user/Documents/Unreal Projects/AdvancedCombatDemo/Content/Characters/Heroes/Mannequin/Animations/Locomotion/Unarmed/MF_Unarmed_TurnLeft_180.uasset" 3769
"C:/Users/user/Documents/Unreal Projects/AdvancedCombatDemo/Content/Characters/Heroes/Mannequin/Animations/Locomotion/Unarmed/MF_Unarmed_TurnLeft_180.uexp" 3770
"C:/Users/user/Documents/Unreal Projects/AdvancedCombatDemo/Content/Characters/Heroes/Mannequin/Animations/Locomotion/Unarmed/MF_Unarmed_Jog_Right_Stop.uasset" 3771
"C:/Users/user/Documents/Unreal Projects/AdvancedCombatDemo/Content/Characters/Heroes/Mannequin/Animations/Locomotion/Unarmed/MF_Unarmed_Jog_Right_Stop.uexp" 3772
"C:/Users/user/Documents/Unreal Projects/AdvancedCombatDemo/Content/Characters/Heroes/Mannequin/Animations/Locomotion/Unarmed/MF_Unarmed_Jog_Right_Start.uasset" 3773
"C:/Users/user/Documents/Unreal Projects/AdvancedCombatDemo/Content/Characters/Heroes/Mannequin/Animations/Locomotion/Unarmed/MF_Unarmed_Jog_Right_Start.uexp" 3774
"C:/Users/user/Documents/Unreal Projects/AdvancedCombatDemo/Content/Characters/Heroes/Mannequin/Animations/Locomotion/Unarmed/MF_Unarmed_Jog_Right_Pivot.uasset" 3775
"C:/Users/user/Documents/Unreal Projects/AdvancedCombatDemo/Content/Characters/Heroes/Mannequin/Animations/Locomotion/Unarmed/MF_Unarmed_Jog_Right_Pivot.uexp" 3776
"C:/Users/user/Documents/Unreal Projects/AdvancedCombatDemo/Content/Characters/Heroes/Mannequin/Animations/Locomotion/Unarmed/MF_Unarmed_Jog_Right.uasset" 3777
"C:/Users/user/Documents/Unreal Projects/AdvancedCombatDemo/Content/Characters/Heroes/Mannequin/Animations/Locomotion/Unarmed/MF_Unarmed_Jog_Right.uexp" 3778
"C:/Users/user/Documents/Unreal Projects/AdvancedCombatDemo/Content/Characters/Heroes/Mannequin/Animations/Locomotion/Unarmed/MF_Unarmed_Jog_Left_Stop.uasset" 3779
"C:/Users/user/Documents/Unreal Projects/AdvancedCombatDemo/Content/Characters/Heroes/Mannequin/Animations/Locomotion/Unarmed/MF_Unarmed_Jog_Left_Stop.uexp" 3780
"C:/Users/user/Documents/Unreal Projects/AdvancedCombatDemo/Content/Characters/Heroes/Mannequin/Animations/Locomotion/Unarmed/MF_Unarmed_Jog_Left_Start.uasset" 3781
"C:/Users/user/Documents/Unreal Projects/AdvancedCombatDemo/Content/Characters/Heroes/Mannequin/Animations/Locomotion/Unarmed/MF_Unarmed_Jog_Left_Start.uexp" 3782
"C:/Users/user/Documents/Unreal Projects/AdvancedCombatDemo/Content/Characters/Heroes/Mannequin/Animations/Locomotion/Unarmed/MF_Unarmed_Jog_Left_Pivot.uasset" 3783
"C:/Users/user/Documents/Unreal Projects/AdvancedCombatDemo/Content/Characters/Heroes/Mannequin/Animations/Locomotion/Unarmed/MF_Unarmed_Jog_Left_Pivot.uexp" 3784
"C:/Users/user/Documents/Unreal Projects/AdvancedCombatDemo/Content/Characters/Heroes/Mannequin/Animations/Locomotion/Unarmed/MF_Unarmed_Jog_Left.uasset" 3785
"C:/Users/user/Documents/Unreal Projects/AdvancedCombatDemo/Content/Characters/Heroes/Mannequin/Animations/Locomotion/Unarmed/MF_Unarmed_Jog_Left.uexp" 3786
"C:/Users/user/Documents/Unreal Projects/AdvancedCombatDemo/Content/Characters/Heroes/Mannequin/Animations/Locomotion/Unarmed/MF_Unarmed_Jog_Fwd_Stop.uasset" 3787
"C:/Users/user/Documents/Unreal Projects/AdvancedCombatDemo/Content/Characters/Heroes/Mannequin/Animations/Locomotion/Unarmed/MF_Unarmed_Jog_Fwd_Stop.uexp" 3788
"C:/Users/user/Documents/Unreal Projects/AdvancedCombatDemo/Content/Characters/Heroes/Mannequin/Animations/Locomotion/Unarmed/MF_Unarmed_Jog_Fwd_Start.uasset" 3789
"C:/Users/user/Documents/Unreal Projects/AdvancedCombatDemo/Content/Characters/Heroes/Mannequin/Animations/Locomotion/Unarmed/MF_Unarmed_Jog_Fwd_Start.uexp" 3790
"C:/Users/user/Documents/Unreal Projects/AdvancedCombatDemo/Content/Characters/Heroes/Mannequin/Animations/Locomotion/Unarmed/MF_Unarmed_Jog_Fwd_Pivot.uasset" 3791
"C:/Users/user/Documents/Unreal Projects/AdvancedCombatDemo/Content/Characters/Heroes/Mannequin/Animations/Locomotion/Unarmed/MF_Unarmed_Jog_Fwd_Pivot.uexp" 3792
"C:/Users/user/Documents/Unreal Projects/AdvancedCombatDemo/Content/Characters/Heroes/Mannequin/Animations/Locomotion/Unarmed/MF_Unarmed_Jog_Fwd.uasset" 3793
"C:/Users/user/Documents/Unreal Projects/AdvancedCombatDemo/Content/Characters/Heroes/Mannequin/Animations/Locomotion/Unarmed/MF_Unarmed_Jog_Fwd.uexp" 3794
"C:/Users/user/Documents/Unreal Projects/AdvancedCombatDemo/Content/Characters/Heroes/Mannequin/Animations/Locomotion/Unarmed/MF_Unarmed_Jog_Bwd_Stop.uasset" 3795
"C:/Users/user/Documents/Unreal Projects/AdvancedCombatDemo/Content/Characters/Heroes/Mannequin/Animations/Locomotion/Unarmed/MF_Unarmed_Jog_Bwd_Stop.uexp" 3796
"C:/Users/user/Documents/Unreal Projects/AdvancedCombatDemo/Content/Characters/Heroes/Mannequin/Animations/Locomotion/Unarmed/MF_Unarmed_Jog_Bwd_Start.uasset" 3797
"C:/Users/user/Documents/Unreal Projects/AdvancedCombatDemo/Content/Characters/Heroes/Mannequin/Animations/Locomotion/Unarmed/MF_Unarmed_Jog_Bwd_Start.uexp" 3798
"C:/Users/user/Documents/Unreal Projects/AdvancedCombatDemo/Content/Characters/Heroes/Mannequin/Animations/Locomotion/Unarmed/MF_Unarmed_Jog_Bwd_Pivot.uasset" 3799
"C:/Users/user/Documents/Unreal Projects/AdvancedCombatDemo/Content/Characters/Heroes/Mannequin/Animations/Locomotion/Unarmed/MF_Unarmed_Jog_Bwd_Pivot.uexp" 3800
"C:/Users/user/Documents/Unreal Projects/AdvancedCombatDemo/Content/Characters/Heroes/Mannequin/Animations/Locomotion/Unarmed/MF_Unarmed_Jog_Bwd.uasset" 3801
"C:/Users/user/Documents/Unreal Projects/AdvancedCombatDemo/Content/Characters/Heroes/Mannequin/Animations/Locomotion/Unarmed/MF_Unarmed_Jog_Bwd.uexp" 3802
"C:/Users/user/Documents/Unreal Projects/AdvancedCombatDemo/Content/Characters/Heroes/Mannequin/Animations/Locomotion/Unarmed/MF_Unarmed_Idle_Break.uasset" 3803
"C:/Users/user/Documents/Unreal Projects/AdvancedCombatDemo/Content/Characters/Heroes/Mannequin/Animations/Locomotion/Unarmed/MF_Unarmed_Idle_Break.uexp" 3804
"C:/Users/user/Documents/Unreal Projects/AdvancedCombatDemo/Content/Characters/Heroes/Mannequin/Animations/Locomotion/Unarmed/MM_Unarmed_Jog_Fwd.uasset" 3805
"C:/Users/user/Documents/Unreal Projects/AdvancedCombatDemo/Content/Characters/Heroes/Mannequin/Animations/Locomotion/Unarmed/MM_Unarmed_Jog_Fwd.uexp" 3806
"C:/Users/user/Documents/Unreal Projects/AdvancedCombatDemo/Content/Characters/Heroes/Mannequin/Animations/Locomotion/Unarmed/MM_Unarmed_Walk_Fwd.uasset" 3807
"C:/Users/user/Documents/Unreal Projects/AdvancedCombatDemo/Content/Characters/Heroes/Mannequin/Animations/Locomotion/Unarmed/MM_Unarmed_Walk_Fwd.uexp" 3808
"C:/Users/user/Documents/Unreal Projects/AdvancedCombatDemo/Content/Characters/Heroes/Mannequin/Animations/Locomotion/Unarmed/BS_MM_Unarmed_Jog_Walk.uasset" 3809
"C:/Users/user/Documents/Unreal Projects/AdvancedCombatDemo/Content/Characters/Heroes/Mannequin/Animations/Locomotion/Unarmed/BS_MM_Unarmed_Jog_Walk.uexp" 3810
"C:/Users/user/Documents/Unreal Projects/AdvancedCombatDemo/Content/Characters/Heroes/Mannequin/Animations/Locomotion/Shotgun/MM_Shotgun_Idle_Hipfire.uasset" 3811
"C:/Users/user/Documents/Unreal Projects/AdvancedCombatDemo/Content/Characters/Heroes/Mannequin/Animations/Locomotion/Shotgun/MM_Shotgun_Idle_Hipfire.uexp" 3812
"C:/Users/user/Documents/Unreal Projects/AdvancedCombatDemo/Content/Characters/Heroes/Mannequin/Animations/Locomotion/Shotgun/MM_Shotgun_Idle_ADS.uasset" 3813
"C:/Users/user/Documents/Unreal Projects/AdvancedCombatDemo/Content/Characters/Heroes/Mannequin/Animations/Locomotion/Shotgun/MM_Shotgun_Idle_ADS.uexp" 3814
"C:/Users/user/Documents/Unreal Projects/AdvancedCombatDemo/Content/Characters/Heroes/Mannequin/Animations/Locomotion/Rifle/MM_Rifle_Walk_Right_Stop.uasset" 3815
"C:/Users/user/Documents/Unreal Projects/AdvancedCombatDemo/Content/Characters/Heroes/Mannequin/Animations/Locomotion/Rifle/MM_Rifle_Walk_Right_Stop.uexp" 3816
"C:/Users/user/Documents/Unreal Projects/AdvancedCombatDemo/Content/Characters/Heroes/Mannequin/Animations/Locomotion/Rifle/MM_Rifle_Walk_Right_Start.uasset" 3817
"C:/Users/user/Documents/Unreal Projects/AdvancedCombatDemo/Content/Characters/Heroes/Mannequin/Animations/Locomotion/Rifle/MM_Rifle_Walk_Right_Start.uexp" 3818
"C:/Users/user/Documents/Unreal Projects/AdvancedCombatDemo/Content/Characters/Heroes/Mannequin/Animations/Locomotion/Rifle/MM_Rifle_Walk_Right_Pivot.uasset" 3819
"C:/Users/user/Documents/Unreal Projects/AdvancedCombatDemo/Content/Characters/Heroes/Mannequin/Animations/Locomotion/Rifle/MM_Rifle_Walk_Right_Pivot.uexp" 3820
"C:/Users/user/Documents/Unreal Projects/AdvancedCombatDemo/Content/Characters/Heroes/Mannequin/Animations/Locomotion/Rifle/MM_Rifle_Walk_Right.uasset" 3821
"C:/Users/user/Documents/Unreal Projects/AdvancedCombatDemo/Content/Characters/Heroes/Mannequin/Animations/Locomotion/Rifle/MM_Rifle_Walk_Right.uexp" 3822
"C:/Users/user/Documents/Unreal Projects/AdvancedCombatDemo/Content/Characters/Heroes/Mannequin/Animations/Locomotion/Rifle/MM_Rifle_Walk_Left_Stop.uasset" 3823
"C:/Users/user/Documents/Unreal Projects/AdvancedCombatDemo/Content/Characters/Heroes/Mannequin/Animations/Locomotion/Rifle/MM_Rifle_Walk_Left_Stop.uexp" 3824
"C:/Users/user/Documents/Unreal Projects/AdvancedCombatDemo/Content/Characters/Heroes/Mannequin/Animations/Locomotion/Rifle/MM_Rifle_Walk_Left_Start.uasset" 3825
"C:/Users/user/Documents/Unreal Projects/AdvancedCombatDemo/Content/Characters/Heroes/Mannequin/Animations/Locomotion/Rifle/MM_Rifle_Walk_Left_Start.uexp" 3826
"C:/Users/user/Documents/Unreal Projects/AdvancedCombatDemo/Content/Characters/Heroes/Mannequin/Animations/Locomotion/Rifle/MM_Rifle_Walk_Left_Pivot.uasset" 3827
"C:/Users/user/Documents/Unreal Projects/AdvancedCombatDemo/Content/Characters/Heroes/Mannequin/Animations/Locomotion/Rifle/MM_Rifle_Walk_Left_Pivot.uexp" 3828
"C:/Users/user/Documents/Unreal Projects/AdvancedCombatDemo/Content/Characters/Heroes/Mannequin/Animations/Locomotion/Rifle/MM_Rifle_Walk_Left.uasset" 3829
"C:/Users/user/Documents/Unreal Projects/AdvancedCombatDemo/Content/Characters/Heroes/Mannequin/Animations/Locomotion/Rifle/MM_Rifle_Walk_Left.uexp" 3830
"C:/Users/user/Documents/Unreal Projects/AdvancedCombatDemo/Content/Characters/Heroes/Mannequin/Animations/Locomotion/Rifle/MM_Rifle_Walk_Fwd_Stop.uasset" 3831
"C:/Users/user/Documents/Unreal Projects/AdvancedCombatDemo/Content/Characters/Heroes/Mannequin/Animations/Locomotion/Rifle/MM_Rifle_Walk_Fwd_Stop.uexp" 3832
"C:/Users/user/Documents/Unreal Projects/AdvancedCombatDemo/Content/Characters/Heroes/Mannequin/Animations/Locomotion/Rifle/MM_Rifle_Walk_Fwd_Start.uasset" 3833
"C:/Users/user/Documents/Unreal Projects/AdvancedCombatDemo/Content/Characters/Heroes/Mannequin/Animations/Locomotion/Rifle/MM_Rifle_Walk_Fwd_Start.uexp" 3834
"C:/Users/user/Documents/Unreal Projects/AdvancedCombatDemo/Content/Characters/Heroes/Mannequin/Animations/Locomotion/Rifle/MM_Rifle_Walk_Fwd_Pivot.uasset" 3835
"C:/Users/user/Documents/Unreal Projects/AdvancedCombatDemo/Content/Characters/Heroes/Mannequin/Animations/Locomotion/Rifle/MM_Rifle_Walk_Fwd_Pivot.uexp" 3836
"C:/Users/user/Documents/Unreal Projects/AdvancedCombatDemo/Content/Characters/Heroes/Mannequin/Animations/Locomotion/Rifle/MM_Rifle_Walk_Fwd.uasset" 3837
"C:/Users/user/Documents/Unreal Projects/AdvancedCombatDemo/Content/Characters/Heroes/Mannequin/Animations/Locomotion/Rifle/MM_Rifle_Walk_Fwd.uexp" 3838
"C:/Users/user/Documents/Unreal Projects/AdvancedCombatDemo/Content/Characters/Heroes/Mannequin/Animations/Locomotion/Rifle/MM_Rifle_Walk_Bwd_Stop.uasset" 3839
"C:/Users/user/Documents/Unreal Projects/AdvancedCombatDemo/Content/Characters/Heroes/Mannequin/Animations/Locomotion/Rifle/MM_Rifle_Walk_Bwd_Stop.uexp" 3840
"C:/Users/user/Documents/Unreal Projects/AdvancedCombatDemo/Content/Characters/Heroes/Mannequin/Animations/Locomotion/Rifle/MM_Rifle_Walk_Bwd_Start.uasset" 3841
"C:/Users/user/Documents/Unreal Projects/AdvancedCombatDemo/Content/Characters/Heroes/Mannequin/Animations/Locomotion/Rifle/MM_Rifle_Walk_Bwd_Start.uexp" 3842
"C:/Users/user/Documents/Unreal Projects/AdvancedCombatDemo/Content/Characters/Heroes/Mannequin/Animations/Locomotion/Rifle/MM_Rifle_Walk_Bwd_Pivot.uasset" 3843
"C:/Users/user/Documents/Unreal Projects/AdvancedCombatDemo/Content/Characters/Heroes/Mannequin/Animations/Locomotion/Rifle/MM_Rifle_Walk_Bwd_Pivot.uexp" 3844
"C:/Users/user/Documents/Unreal Projects/AdvancedCombatDemo/Content/Characters/Heroes/Mannequin/Animations/Locomotion/Rifle/MM_Rifle_Walk_Bwd.uasset" 3845
"C:/Users/user/Documents/Unreal Projects/AdvancedCombatDemo/Content/Characters/Heroes/Mannequin/Animations/Locomotion/Rifle/MM_Rifle_Walk_Bwd.uexp" 3846
"C:/Users/user/Documents/Unreal Projects/AdvancedCombatDemo/Content/Characters/Heroes/Mannequin/Animations/Locomotion/Rifle/MM_Rifle_TurnRight_90.uasset" 3847
"C:/Users/user/Documents/Unreal Projects/AdvancedCombatDemo/Content/Characters/Heroes/Mannequin/Animations/Locomotion/Rifle/MM_Rifle_TurnRight_90.uexp" 3848
"C:/Users/user/Documents/Unreal Projects/AdvancedCombatDemo/Content/Characters/Heroes/Mannequin/Animations/Locomotion/Rifle/MM_Rifle_TurnRight_180.uasset" 3849
"C:/Users/user/Documents/Unreal Projects/AdvancedCombatDemo/Content/Characters/Heroes/Mannequin/Animations/Locomotion/Rifle/MM_Rifle_TurnRight_180.uexp" 3850
"C:/Users/user/Documents/Unreal Projects/AdvancedCombatDemo/Content/Characters/Heroes/Mannequin/Animations/Locomotion/Rifle/MM_Rifle_TurnLeft_90.uasset" 3851
"C:/Users/user/Documents/Unreal Projects/AdvancedCombatDemo/Content/Characters/Heroes/Mannequin/Animations/Locomotion/Rifle/MM_Rifle_TurnLeft_90.uexp" 3852
"C:/Users/user/Documents/Unreal Projects/AdvancedCombatDemo/Content/Characters/Heroes/Mannequin/Animations/Locomotion/Rifle/MM_Rifle_TurnLeft_180.uasset" 3853
"C:/Users/user/Documents/Unreal Projects/AdvancedCombatDemo/Content/Characters/Heroes/Mannequin/Animations/Locomotion/Rifle/MM_Rifle_TurnLeft_180.uexp" 3854
"C:/Users/user/Documents/Unreal Projects/AdvancedCombatDemo/Content/Characters/Heroes/Mannequin/Animations/Locomotion/Rifle/MM_Rifle_Jump_Start_Loop.uasset" 3855
"C:/Users/user/Documents/Unreal Projects/AdvancedCombatDemo/Content/Characters/Heroes/Mannequin/Animations/Locomotion/Rifle/MM_Rifle_Jump_Start_Loop.uexp" 3856
"C:/Users/user/Documents/Unreal Projects/AdvancedCombatDemo/Content/Characters/Heroes/Mannequin/Animations/Locomotion/Rifle/MM_Rifle_Jump_Start.uasset" 3857
"C:/Users/user/Documents/Unreal Projects/AdvancedCombatDemo/Content/Characters/Heroes/Mannequin/Animations/Locomotion/Rifle/MM_Rifle_Jump_Start.uexp" 3858
"C:/Users/user/Documents/Unreal Projects/AdvancedCombatDemo/Content/Characters/Heroes/Mannequin/Animations/Locomotion/Rifle/MM_Rifle_Jump_RecoveryAdditive.uasset" 3859
"C:/Users/user/Documents/Unreal Projects/AdvancedCombatDemo/Content/Characters/Heroes/Mannequin/Animations/Locomotion/Rifle/MM_Rifle_Jump_RecoveryAdditive.uexp" 3860
"C:/Users/user/Documents/Unreal Projects/AdvancedCombatDemo/Content/Characters/Heroes/Mannequin/Animations/Locomotion/Rifle/MM_Rifle_Jump_Fall_Loop.uasset" 3861
"C:/Users/user/Documents/Unreal Projects/AdvancedCombatDemo/Content/Characters/Heroes/Mannequin/Animations/Locomotion/Rifle/MM_Rifle_Jump_Fall_Loop.uexp" 3862
"C:/Users/user/Documents/Unreal Projects/AdvancedCombatDemo/Content/Characters/Heroes/Mannequin/Animations/Locomotion/Rifle/MM_Rifle_Jump_Fall_Land.uasset" 3863
"C:/Users/user/Documents/Unreal Projects/AdvancedCombatDemo/Content/Characters/Heroes/Mannequin/Animations/Locomotion/Rifle/MM_Rifle_Jump_Fall_Land.uexp" 3864
"C:/Users/user/Documents/Unreal Projects/AdvancedCombatDemo/Content/Characters/Heroes/Mannequin/Animations/Locomotion/Rifle/MM_Rifle_Jump_Apex.uasset" 3865
"C:/Users/user/Documents/Unreal Projects/AdvancedCombatDemo/Content/Characters/Heroes/Mannequin/Animations/Locomotion/Rifle/MM_Rifle_Jump_Apex.uexp" 3866
"C:/Users/user/Documents/Unreal Projects/AdvancedCombatDemo/Content/Characters/Heroes/Mannequin/Animations/Locomotion/Rifle/MM_Rifle_Jog_Right_Stop.uasset" 3867
"C:/Users/user/Documents/Unreal Projects/AdvancedCombatDemo/Content/Characters/Heroes/Mannequin/Animations/Locomotion/Rifle/MM_Rifle_Jog_Right_Stop.uexp" 3868
"C:/Users/user/Documents/Unreal Projects/AdvancedCombatDemo/Content/Characters/Heroes/Mannequin/Animations/Locomotion/Rifle/MM_Rifle_Jog_Right_Start.uasset" 3869
"C:/Users/user/Documents/Unreal Projects/AdvancedCombatDemo/Content/Characters/Heroes/Mannequin/Animations/Locomotion/Rifle/MM_Rifle_Jog_Right_Start.uexp" 3870
"C:/Users/user/Documents/Unreal Projects/AdvancedCombatDemo/Content/Characters/Heroes/Mannequin/Animations/Locomotion/Rifle/MM_Rifle_Jog_Right_Pivot.uasset" 3871
"C:/Users/user/Documents/Unreal Projects/AdvancedCombatDemo/Content/Characters/Heroes/Mannequin/Animations/Locomotion/Rifle/MM_Rifle_Jog_Right_Pivot.uexp" 3872
"C:/Users/user/Documents/Unreal Projects/AdvancedCombatDemo/Content/Characters/Heroes/Mannequin/Animations/Locomotion/Rifle/MM_Rifle_Jog_Right.uasset" 3873
"C:/Users/user/Documents/Unreal Projects/AdvancedCombatDemo/Content/Characters/Heroes/Mannequin/Animations/Locomotion/Rifle/MM_Rifle_Jog_Right.uexp" 3874
"C:/Users/user/Documents/Unreal Projects/AdvancedCombatDemo/Content/Characters/Heroes/Mannequin/Animations/Locomotion/Rifle/MM_Rifle_Jog_Left_Stop.uasset" 3875
"C:/Users/user/Documents/Unreal Projects/AdvancedCombatDemo/Content/Characters/Heroes/Mannequin/Animations/Locomotion/Rifle/MM_Rifle_Jog_Left_Stop.uexp" 3876
"C:/Users/user/Documents/Unreal Projects/AdvancedCombatDemo/Content/Characters/Heroes/Mannequin/Animations/Locomotion/Rifle/MM_Rifle_Jog_Left_Start.uasset" 3877
"C:/Users/user/Documents/Unreal Projects/AdvancedCombatDemo/Content/Characters/Heroes/Mannequin/Animations/Locomotion/Rifle/MM_Rifle_Jog_Left_Start.uexp" 3878
"C:/Users/user/Documents/Unreal Projects/AdvancedCombatDemo/Content/Characters/Heroes/Mannequin/Animations/Locomotion/Rifle/MM_Rifle_Jog_Left_Pivot.uasset" 3879
"C:/Users/user/Documents/Unreal Projects/AdvancedCombatDemo/Content/Characters/Heroes/Mannequin/Animations/Locomotion/Rifle/MM_Rifle_Jog_Left_Pivot.uexp" 3880
"C:/Users/user/Documents/Unreal Projects/AdvancedCombatDemo/Content/Characters/Heroes/Mannequin/Animations/Locomotion/Rifle/MM_Rifle_Jog_Left.uasset" 3881
"C:/Users/user/Documents/Unreal Projects/AdvancedCombatDemo/Content/Characters/Heroes/Mannequin/Animations/Locomotion/Rifle/MM_Rifle_Jog_Left.uexp" 3882
"C:/Users/user/Documents/Unreal Projects/AdvancedCombatDemo/Content/Characters/Heroes/Mannequin/Animations/Locomotion/Rifle/MM_Rifle_Jog_Fwd_Stop.uasset" 3883
"C:/Users/user/Documents/Unreal Projects/AdvancedCombatDemo/Content/Characters/Heroes/Mannequin/Animations/Locomotion/Rifle/MM_Rifle_Jog_Fwd_Stop.uexp" 3884
"C:/Users/user/Documents/Unreal Projects/AdvancedCombatDemo/Content/Characters/Heroes/Mannequin/Animations/Locomotion/Rifle/MM_Rifle_Jog_Fwd_Start.uasset" 3885
"C:/Users/user/Documents/Unreal Projects/AdvancedCombatDemo/Content/Characters/Heroes/Mannequin/Animations/Locomotion/Rifle/MM_Rifle_Jog_Fwd_Start.uexp" 3886
"C:/Users/user/Documents/Unreal Projects/AdvancedCombatDemo/Content/Characters/Heroes/Mannequin/Animations/Locomotion/Rifle/MM_Rifle_Jog_Fwd_RAW.uasset" 3887
"C:/Users/user/Documents/Unreal Projects/AdvancedCombatDemo/Content/Characters/Heroes/Mannequin/Animations/Locomotion/Rifle/MM_Rifle_Jog_Fwd_RAW.uexp" 3888
"C:/Users/user/Documents/Unreal Projects/AdvancedCombatDemo/Content/Characters/Heroes/Mannequin/Animations/Locomotion/Rifle/MM_Rifle_Jog_Fwd_Pivot.uasset" 3889
"C:/Users/user/Documents/Unreal Projects/AdvancedCombatDemo/Content/Characters/Heroes/Mannequin/Animations/Locomotion/Rifle/MM_Rifle_Jog_Fwd_Pivot.uexp" 3890
"C:/Users/user/Documents/Unreal Projects/AdvancedCombatDemo/Content/Characters/Heroes/Mannequin/Animations/Locomotion/Rifle/MM_Rifle_Jog_Bwd_Stop.uasset" 3891
"C:/Users/user/Documents/Unreal Projects/AdvancedCombatDemo/Content/Characters/Heroes/Mannequin/Animations/Locomotion/Rifle/MM_Rifle_Jog_Bwd_Stop.uexp" 3892
"C:/Users/user/Documents/Unreal Projects/AdvancedCombatDemo/Content/Characters/Heroes/Mannequin/Animations/Locomotion/Rifle/MM_Rifle_Jog_Bwd_Start.uasset" 3893
"C:/Users/user/Documents/Unreal Projects/AdvancedCombatDemo/Content/Characters/Heroes/Mannequin/Animations/Locomotion/Rifle/MM_Rifle_Jog_Bwd_Start.uexp" 3894
"C:/Users/user/Documents/Unreal Projects/AdvancedCombatDemo/Content/Characters/Heroes/Mannequin/Animations/Locomotion/Rifle/MM_Rifle_Jog_Bwd_Pivot.uasset" 3895
"C:/Users/user/Documents/Unreal Projects/AdvancedCombatDemo/Content/Characters/Heroes/Mannequin/Animations/Locomotion/Rifle/MM_Rifle_Jog_Bwd_Pivot.uexp" 3896
"C:/Users/user/Documents/Unreal Projects/AdvancedCombatDemo/Content/Characters/Heroes/Mannequin/Animations/Locomotion/Rifle/MM_Rifle_Jog_Bwd.uasset" 3897
"C:/Users/user/Documents/Unreal Projects/AdvancedCombatDemo/Content/Characters/Heroes/Mannequin/Animations/Locomotion/Rifle/MM_Rifle_Jog_Bwd.uexp" 3898
"C:/Users/user/Documents/Unreal Projects/AdvancedCombatDemo/Content/Characters/Heroes/Mannequin/Animations/Locomotion/Rifle/MM_Rifle_IdleBreak_Scan.uasset" 3899
"C:/Users/user/Documents/Unreal Projects/AdvancedCombatDemo/Content/Characters/Heroes/Mannequin/Animations/Locomotion/Rifle/MM_Rifle_IdleBreak_Scan.uexp" 3900
"C:/Users/user/Documents/Unreal Projects/AdvancedCombatDemo/Content/Characters/Heroes/Mannequin/Animations/Locomotion/Rifle/MM_Rifle_IdleBreak_Fidget.uasset" 3901
"C:/Users/user/Documents/Unreal Projects/AdvancedCombatDemo/Content/Characters/Heroes/Mannequin/Animations/Locomotion/Rifle/MM_Rifle_IdleBreak_Fidget.uexp" 3902
"C:/Users/user/Documents/Unreal Projects/AdvancedCombatDemo/Content/Characters/Heroes/Mannequin/Animations/Locomotion/Rifle/MM_Rifle_Hipfire_OverridePose.uasset" 3903
"C:/Users/user/Documents/Unreal Projects/AdvancedCombatDemo/Content/Characters/Heroes/Mannequin/Animations/Locomotion/Rifle/MM_Rifle_Hipfire_OverridePose.uexp" 3904
"C:/Users/user/Documents/Unreal Projects/AdvancedCombatDemo/Content/Characters/Heroes/Mannequin/Animations/Locomotion/Rifle/MM_Rifle_Crouch_Walk_Right_Stop.uasset" 3905
"C:/Users/user/Documents/Unreal Projects/AdvancedCombatDemo/Content/Characters/Heroes/Mannequin/Animations/Locomotion/Rifle/MM_Rifle_Crouch_Walk_Right_Stop.uexp" 3906
"C:/Users/user/Documents/Unreal Projects/AdvancedCombatDemo/Content/Characters/Heroes/Mannequin/Animations/Locomotion/Rifle/MM_Rifle_Crouch_Walk_Right_Start.uasset" 3907
"C:/Users/user/Documents/Unreal Projects/AdvancedCombatDemo/Content/Characters/Heroes/Mannequin/Animations/Locomotion/Rifle/MM_Rifle_Crouch_Walk_Right_Start.uexp" 3908
"C:/Users/user/Documents/Unreal Projects/AdvancedCombatDemo/Content/Characters/Heroes/Mannequin/Animations/Locomotion/Rifle/MM_Rifle_Crouch_Walk_Right_Pivot.uasset" 3909
"C:/Users/user/Documents/Unreal Projects/AdvancedCombatDemo/Content/Characters/Heroes/Mannequin/Animations/Locomotion/Rifle/MM_Rifle_Crouch_Walk_Right_Pivot.uexp" 3910
"C:/Users/user/Documents/Unreal Projects/AdvancedCombatDemo/Content/Characters/Heroes/Mannequin/Animations/Locomotion/Rifle/MM_Rifle_Crouch_Walk_Left_Stop.uasset" 3911
"C:/Users/user/Documents/Unreal Projects/AdvancedCombatDemo/Content/Characters/Heroes/Mannequin/Animations/Locomotion/Rifle/MM_Rifle_Crouch_Walk_Left_Stop.uexp" 3912
"C:/Users/user/Documents/Unreal Projects/AdvancedCombatDemo/Content/Characters/Heroes/Mannequin/Animations/Locomotion/Rifle/MM_Rifle_Crouch_Walk_Left_Start.uasset" 3913
"C:/Users/user/Documents/Unreal Projects/AdvancedCombatDemo/Content/Characters/Heroes/Mannequin/Animations/Locomotion/Rifle/MM_Rifle_Crouch_Walk_Left_Start.uexp" 3914
"C:/Users/user/Documents/Unreal Projects/AdvancedCombatDemo/Content/Characters/Heroes/Mannequin/Animations/Locomotion/Rifle/MM_Rifle_Crouch_Walk_Left_Pivot.uasset" 3915
"C:/Users/user/Documents/Unreal Projects/AdvancedCombatDemo/Content/Characters/Heroes/Mannequin/Animations/Locomotion/Rifle/MM_Rifle_Crouch_Walk_Left_Pivot.uexp" 3916
"C:/Users/user/Documents/Unreal Projects/AdvancedCombatDemo/Content/Characters/Heroes/Mannequin/Animations/Locomotion/Rifle/MM_Rifle_Crouch_Walk_Fwd_Stop.uasset" 3917
"C:/Users/user/Documents/Unreal Projects/AdvancedCombatDemo/Content/Characters/Heroes/Mannequin/Animations/Locomotion/Rifle/MM_Rifle_Crouch_Walk_Fwd_Stop.uexp" 3918
"C:/Users/user/Documents/Unreal Projects/AdvancedCombatDemo/Content/Characters/Heroes/Mannequin/Animations/Locomotion/Rifle/MM_Rifle_Crouch_Walk_Fwd_Start.uasset" 3919
"C:/Users/user/Documents/Unreal Projects/AdvancedCombatDemo/Content/Characters/Heroes/Mannequin/Animations/Locomotion/Rifle/MM_Rifle_Crouch_Walk_Fwd_Start.uexp" 3920
"C:/Users/user/Documents/Unreal Projects/AdvancedCombatDemo/Content/Characters/Heroes/Mannequin/Animations/Locomotion/Rifle/MM_Rifle_Crouch_Walk_Fwd_Pivot.uasset" 3921
"C:/Users/user/Documents/Unreal Projects/AdvancedCombatDemo/Content/Characters/Heroes/Mannequin/Animations/Locomotion/Rifle/MM_Rifle_Crouch_Walk_Fwd_Pivot.uexp" 3922
"C:/Users/user/Documents/Unreal Projects/AdvancedCombatDemo/Content/Characters/Heroes/Mannequin/Animations/Locomotion/Rifle/MM_Rifle_Crouch_Walk_Bwd_Stop.uasset" 3923
"C:/Users/user/Documents/Unreal Projects/AdvancedCombatDemo/Content/Characters/Heroes/Mannequin/Animations/Locomotion/Rifle/MM_Rifle_Crouch_Walk_Bwd_Stop.uexp" 3924
"C:/Users/user/Documents/Unreal Projects/AdvancedCombatDemo/Content/Characters/Heroes/Mannequin/Animations/Locomotion/Rifle/MM_Rifle_Crouch_Walk_Bwd_Start.uasset" 3925
"C:/Users/user/Documents/Unreal Projects/AdvancedCombatDemo/Content/Characters/Heroes/Mannequin/Animations/Locomotion/Rifle/MM_Rifle_Crouch_Walk_Bwd_Start.uexp" 3926
"C:/Users/user/Documents/Unreal Projects/AdvancedCombatDemo/Content/Characters/Heroes/Mannequin/Animations/Locomotion/Rifle/MM_Rifle_Crouch_Walk_Bwd_Pivot.uasset" 3927
"C:/Users/user/Documents/Unreal Projects/AdvancedCombatDemo/Content/Characters/Heroes/Mannequin/Animations/Locomotion/Rifle/MM_Rifle_Crouch_Walk_Bwd_Pivot.uexp" 3928
"C:/Users/user/Documents/Unreal Projects/AdvancedCombatDemo/Content/Characters/Heroes/Mannequin/Animations/Locomotion/Rifle/MM_Rifle_Crouch_TurnRight_90.uasset" 3929
"C:/Users/user/Documents/Unreal Projects/AdvancedCombatDemo/Content/Characters/Heroes/Mannequin/Animations/Locomotion/Rifle/MM_Rifle_Crouch_TurnRight_90.uexp" 3930
"C:/Users/user/Documents/Unreal Projects/AdvancedCombatDemo/Content/Characters/Heroes/Mannequin/Animations/Locomotion/Rifle/MM_Rifle_Crouch_TurnRight_180.uasset" 3931
"C:/Users/user/Documents/Unreal Projects/AdvancedCombatDemo/Content/Characters/Heroes/Mannequin/Animations/Locomotion/Rifle/MM_Rifle_Crouch_TurnRight_180.uexp" 3932
"C:/Users/user/Documents/Unreal Projects/AdvancedCombatDemo/Content/Characters/Heroes/Mannequin/Animations/Locomotion/Rifle/MM_Rifle_Crouch_TurnLeft_90.uasset" 3933
"C:/Users/user/Documents/Unreal Projects/AdvancedCombatDemo/Content/Characters/Heroes/Mannequin/Animations/Locomotion/Rifle/MM_Rifle_Crouch_TurnLeft_90.uexp" 3934
"C:/Users/user/Documents/Unreal Projects/AdvancedCombatDemo/Content/Characters/Heroes/Mannequin/Animations/Locomotion/Rifle/MM_Rifle_Crouch_TurnLeft_180.uasset" 3935
"C:/Users/user/Documents/Unreal Projects/AdvancedCombatDemo/Content/Characters/Heroes/Mannequin/Animations/Locomotion/Rifle/MM_Rifle_Crouch_TurnLeft_180.uexp" 3936
"C:/Users/user/Documents/Unreal Projects/AdvancedCombatDemo/Content/Characters/Heroes/Mannequin/Animations/Locomotion/Rifle/MM_Rifle_Crouch_OverridePose.uasset" 3937
"C:/Users/user/Documents/Unreal Projects/AdvancedCombatDemo/Content/Characters/Heroes/Mannequin/Animations/Locomotion/Rifle/MM_Rifle_Crouch_OverridePose.uexp" 3938
"C:/Users/user/Documents/Unreal Projects/AdvancedCombatDemo/Content/Characters/Heroes/Mannequin/Animations/Locomotion/Rifle/MM_Rifle_Crouch_Exit.uasset" 3939
"C:/Users/user/Documents/Unreal Projects/AdvancedCombatDemo/Content/Characters/Heroes/Mannequin/Animations/Locomotion/Rifle/MM_Rifle_Crouch_Exit.uexp" 3940
"C:/Users/user/Documents/Unreal Projects/AdvancedCombatDemo/Content/Characters/Heroes/Mannequin/Animations/Locomotion/Rifle/MM_Rifle_Crouch_Entry.uasset" 3941
"C:/Users/user/Documents/Unreal Projects/AdvancedCombatDemo/Content/Characters/Heroes/Mannequin/Animations/Locomotion/Rifle/MM_Rifle_Crouch_Entry.uexp" 3942
"C:/Users/user/Documents/Unreal Projects/AdvancedCombatDemo/Content/Characters/Heroes/Mannequin/Animations/Locomotion/Rifle/MF_Rifle_Walk_Right_Stop.uasset" 3943
"C:/Users/user/Documents/Unreal Projects/AdvancedCombatDemo/Content/Characters/Heroes/Mannequin/Animations/Locomotion/Rifle/MF_Rifle_Walk_Right_Stop.uexp" 3944
"C:/Users/user/Documents/Unreal Projects/AdvancedCombatDemo/Content/Characters/Heroes/Mannequin/Animations/Locomotion/Rifle/MF_Rifle_Walk_Right_Start.uasset" 3945
"C:/Users/user/Documents/Unreal Projects/AdvancedCombatDemo/Content/Characters/Heroes/Mannequin/Animations/Locomotion/Rifle/MF_Rifle_Walk_Right_Start.uexp" 3946
"C:/Users/user/Documents/Unreal Projects/AdvancedCombatDemo/Content/Characters/Heroes/Mannequin/Animations/Locomotion/Rifle/MF_Rifle_Walk_Right_Pivot.uasset" 3947
"C:/Users/user/Documents/Unreal Projects/AdvancedCombatDemo/Content/Characters/Heroes/Mannequin/Animations/Locomotion/Rifle/MF_Rifle_Walk_Right_Pivot.uexp" 3948
"C:/Users/user/Documents/Unreal Projects/AdvancedCombatDemo/Content/Characters/Heroes/Mannequin/Animations/Locomotion/Rifle/MF_Rifle_Walk_Right.uasset" 3949
"C:/Users/user/Documents/Unreal Projects/AdvancedCombatDemo/Content/Characters/Heroes/Mannequin/Animations/Locomotion/Rifle/MF_Rifle_Walk_Right.uexp" 3950
"C:/Users/user/Documents/Unreal Projects/AdvancedCombatDemo/Content/Characters/Heroes/Mannequin/Animations/Locomotion/Rifle/MF_Rifle_Walk_Left_Stop.uasset" 3951
"C:/Users/user/Documents/Unreal Projects/AdvancedCombatDemo/Content/Characters/Heroes/Mannequin/Animations/Locomotion/Rifle/MF_Rifle_Walk_Left_Stop.uexp" 3952
"C:/Users/user/Documents/Unreal Projects/AdvancedCombatDemo/Content/Characters/Heroes/Mannequin/Animations/Locomotion/Rifle/MF_Rifle_Walk_Left_Start.uasset" 3953
"C:/Users/user/Documents/Unreal Projects/AdvancedCombatDemo/Content/Characters/Heroes/Mannequin/Animations/Locomotion/Rifle/MF_Rifle_Walk_Left_Start.uexp" 3954
"C:/Users/user/Documents/Unreal Projects/AdvancedCombatDemo/Content/Characters/Heroes/Mannequin/Animations/Locomotion/Rifle/MF_Rifle_Walk_Left_Pivot.uasset" 3955
"C:/Users/user/Documents/Unreal Projects/AdvancedCombatDemo/Content/Characters/Heroes/Mannequin/Animations/Locomotion/Rifle/MF_Rifle_Walk_Left_Pivot.uexp" 3956
"C:/Users/user/Documents/Unreal Projects/AdvancedCombatDemo/Content/Characters/Heroes/Mannequin/Animations/Locomotion/Rifle/MF_Rifle_Walk_Left.uasset" 3957
"C:/Users/user/Documents/Unreal Projects/AdvancedCombatDemo/Content/Characters/Heroes/Mannequin/Animations/Locomotion/Rifle/MF_Rifle_Walk_Left.uexp" 3958
"C:/Users/user/Documents/Unreal Projects/AdvancedCombatDemo/Content/Characters/Heroes/Mannequin/Animations/Locomotion/Rifle/MF_Rifle_Walk_Fwd_Stop.uasset" 3959
"C:/Users/user/Documents/Unreal Projects/AdvancedCombatDemo/Content/Characters/Heroes/Mannequin/Animations/Locomotion/Rifle/MF_Rifle_Walk_Fwd_Stop.uexp" 3960
"C:/Users/user/Documents/Unreal Projects/AdvancedCombatDemo/Content/Characters/Heroes/Mannequin/Animations/Locomotion/Rifle/MF_Rifle_Walk_Fwd_Start.uasset" 3961
"C:/Users/user/Documents/Unreal Projects/AdvancedCombatDemo/Content/Characters/Heroes/Mannequin/Animations/Locomotion/Rifle/MF_Rifle_Walk_Fwd_Start.uexp" 3962
"C:/Users/user/Documents/Unreal Projects/AdvancedCombatDemo/Content/Characters/Heroes/Mannequin/Animations/Locomotion/Rifle/MF_Rifle_Walk_Fwd_Pivot.uasset" 3963
"C:/Users/user/Documents/Unreal Projects/AdvancedCombatDemo/Content/Characters/Heroes/Mannequin/Animations/Locomotion/Rifle/MF_Rifle_Walk_Fwd_Pivot.uexp" 3964
"C:/Users/user/Documents/Unreal Projects/AdvancedCombatDemo/Content/Characters/Heroes/Mannequin/Animations/Locomotion/Rifle/MF_Rifle_Walk_Fwd.uasset" 3965
"C:/Users/user/Documents/Unreal Projects/AdvancedCombatDemo/Content/Characters/Heroes/Mannequin/Animations/Locomotion/Rifle/MF_Rifle_Walk_Fwd.uexp" 3966
"C:/Users/user/Documents/Unreal Projects/AdvancedCombatDemo/Content/Characters/Heroes/Mannequin/Animations/Locomotion/Rifle/MF_Rifle_Walk_Bwd_Stop.uasset" 3967
"C:/Users/user/Documents/Unreal Projects/AdvancedCombatDemo/Content/Characters/Heroes/Mannequin/Animations/Locomotion/Rifle/MF_Rifle_Walk_Bwd_Stop.uexp" 3968
"C:/Users/user/Documents/Unreal Projects/AdvancedCombatDemo/Content/Characters/Heroes/Mannequin/Animations/Locomotion/Rifle/MF_Rifle_Walk_Bwd_Start.uasset" 3969
"C:/Users/user/Documents/Unreal Projects/AdvancedCombatDemo/Content/Characters/Heroes/Mannequin/Animations/Locomotion/Rifle/MF_Rifle_Walk_Bwd_Start.uexp" 3970
"C:/Users/user/Documents/Unreal Projects/AdvancedCombatDemo/Content/Characters/Heroes/Mannequin/Animations/Locomotion/Rifle/MF_Rifle_Walk_Bwd_Pivot.uasset" 3971
"C:/Users/user/Documents/Unreal Projects/AdvancedCombatDemo/Content/Characters/Heroes/Mannequin/Animations/Locomotion/Rifle/MF_Rifle_Walk_Bwd_Pivot.uexp" 3972
"C:/Users/user/Documents/Unreal Projects/AdvancedCombatDemo/Content/Characters/Heroes/Mannequin/Animations/Locomotion/Rifle/MF_Rifle_Walk_Bwd.uasset" 3973
"C:/Users/user/Documents/Unreal Projects/AdvancedCombatDemo/Content/Characters/Heroes/Mannequin/Animations/Locomotion/Rifle/MF_Rifle_Walk_Bwd.uexp" 3974
"C:/Users/user/Documents/Unreal Projects/AdvancedCombatDemo/Content/Characters/Heroes/Mannequin/Animations/Locomotion/Rifle/MF_Rifle_TurnRight_90.uasset" 3975
"C:/Users/user/Documents/Unreal Projects/AdvancedCombatDemo/Content/Characters/Heroes/Mannequin/Animations/Locomotion/Rifle/MF_Rifle_TurnRight_90.uexp" 3976
"C:/Users/user/Documents/Unreal Projects/AdvancedCombatDemo/Content/Characters/Heroes/Mannequin/Animations/Locomotion/Rifle/MF_Rifle_TurnRight_180.uasset" 3977
"C:/Users/user/Documents/Unreal Projects/AdvancedCombatDemo/Content/Characters/Heroes/Mannequin/Animations/Locomotion/Rifle/MF_Rifle_TurnRight_180.uexp" 3978
"C:/Users/user/Documents/Unreal Projects/AdvancedCombatDemo/Content/Characters/Heroes/Mannequin/Animations/Locomotion/Rifle/MF_Rifle_TurnLeft_90.uasset" 3979
"C:/Users/user/Documents/Unreal Projects/AdvancedCombatDemo/Content/Characters/Heroes/Mannequin/Animations/Locomotion/Rifle/MF_Rifle_TurnLeft_90.uexp" 3980
"C:/Users/user/Documents/Unreal Projects/AdvancedCombatDemo/Content/Characters/Heroes/Mannequin/Animations/Locomotion/Rifle/MF_Rifle_TurnLeft_180.uasset" 3981
"C:/Users/user/Documents/Unreal Projects/AdvancedCombatDemo/Content/Characters/Heroes/Mannequin/Animations/Locomotion/Rifle/MF_Rifle_TurnLeft_180.uexp" 3982
"C:/Users/user/Documents/Unreal Projects/AdvancedCombatDemo/Content/Characters/Heroes/Mannequin/Animations/Locomotion/Rifle/MF_Rifle_Jog_Right_Stop.uasset" 3983
"C:/Users/user/Documents/Unreal Projects/AdvancedCombatDemo/Content/Characters/Heroes/Mannequin/Animations/Locomotion/Rifle/MF_Rifle_Jog_Right_Stop.uexp" 3984
"C:/Users/user/Documents/Unreal Projects/AdvancedCombatDemo/Content/Characters/Heroes/Mannequin/Animations/Locomotion/Rifle/MF_Rifle_Jog_Right_Start.uasset" 3985
"C:/Users/user/Documents/Unreal Projects/AdvancedCombatDemo/Content/Characters/Heroes/Mannequin/Animations/Locomotion/Rifle/MF_Rifle_Jog_Right_Start.uexp" 3986
"C:/Users/user/Documents/Unreal Projects/AdvancedCombatDemo/Content/Characters/Heroes/Mannequin/Animations/Locomotion/Rifle/MF_Rifle_Jog_Right_Pivot.uasset" 3987
"C:/Users/user/Documents/Unreal Projects/AdvancedCombatDemo/Content/Characters/Heroes/Mannequin/Animations/Locomotion/Rifle/MF_Rifle_Jog_Right_Pivot.uexp" 3988
"C:/Users/user/Documents/Unreal Projects/AdvancedCombatDemo/Content/Characters/Heroes/Mannequin/Animations/Locomotion/Rifle/MF_Rifle_Jog_Right.uasset" 3989
"C:/Users/user/Documents/Unreal Projects/AdvancedCombatDemo/Content/Characters/Heroes/Mannequin/Animations/Locomotion/Rifle/MF_Rifle_Jog_Right.uexp" 3990
"C:/Users/user/Documents/Unreal Projects/AdvancedCombatDemo/Content/Characters/Heroes/Mannequin/Animations/Locomotion/Rifle/MF_Rifle_Jog_Left_Stop.uasset" 3991
"C:/Users/user/Documents/Unreal Projects/AdvancedCombatDemo/Content/Characters/Heroes/Mannequin/Animations/Locomotion/Rifle/MF_Rifle_Jog_Left_Stop.uexp" 3992
"C:/Users/user/Documents/Unreal Projects/AdvancedCombatDemo/Content/Characters/Heroes/Mannequin/Animations/Locomotion/Rifle/MF_Rifle_Jog_Left_Start.uasset" 3993
"C:/Users/user/Documents/Unreal Projects/AdvancedCombatDemo/Content/Characters/Heroes/Mannequin/Animations/Locomotion/Rifle/MF_Rifle_Jog_Left_Start.uexp" 3994
"C:/Users/user/Documents/Unreal Projects/AdvancedCombatDemo/Content/Characters/Heroes/Mannequin/Animations/Locomotion/Rifle/MF_Rifle_Jog_Left_Pivot.uasset" 3995
"C:/Users/user/Documents/Unreal Projects/AdvancedCombatDemo/Content/Characters/Heroes/Mannequin/Animations/Locomotion/Rifle/MF_Rifle_Jog_Left_Pivot.uexp" 3996
"C:/Users/user/Documents/Unreal Projects/AdvancedCombatDemo/Content/Characters/Heroes/Mannequin/Animations/Locomotion/Rifle/MF_Rifle_Jog_Left.uasset" 3997
"C:/Users/user/Documents/Unreal Projects/AdvancedCombatDemo/Content/Characters/Heroes/Mannequin/Animations/Locomotion/Rifle/MF_Rifle_Jog_Left.uexp" 3998
"C:/Users/user/Documents/Unreal Projects/AdvancedCombatDemo/Content/Characters/Heroes/Mannequin/Animations/Locomotion/Rifle/MF_Rifle_Jog_Fwd_Stop.uasset" 3999
"C:/Users/user/Documents/Unreal Projects/AdvancedCombatDemo/Content/Characters/Heroes/Mannequin/Animations/Locomotion/Rifle/MF_Rifle_Jog_Fwd_Stop.uexp" 4000
"C:/Users/user/Documents/Unreal Projects/AdvancedCombatDemo/Content/Characters/Heroes/Mannequin/Animations/Locomotion/Rifle/MF_Rifle_Jog_Fwd_Start.uasset" 4001
"C:/Users/user/Documents/Unreal Projects/AdvancedCombatDemo/Content/Characters/Heroes/Mannequin/Animations/Locomotion/Rifle/MF_Rifle_Jog_Fwd_Start.uexp" 4002
"C:/Users/user/Documents/Unreal Projects/AdvancedCombatDemo/Content/Characters/Heroes/Mannequin/Animations/Locomotion/Rifle/MF_Rifle_Jog_Fwd_Pivot.uasset" 4003
"C:/Users/user/Documents/Unreal Projects/AdvancedCombatDemo/Content/Characters/Heroes/Mannequin/Animations/Locomotion/Rifle/MF_Rifle_Jog_Fwd_Pivot.uexp" 4004
"C:/Users/user/Documents/Unreal Projects/AdvancedCombatDemo/Content/Characters/Heroes/Mannequin/Animations/Locomotion/Rifle/MF_Rifle_Jog_Fwd.uasset" 4005
"C:/Users/user/Documents/Unreal Projects/AdvancedCombatDemo/Content/Characters/Heroes/Mannequin/Animations/Locomotion/Rifle/MF_Rifle_Jog_Fwd.uexp" 4006
"C:/Users/user/Documents/Unreal Projects/AdvancedCombatDemo/Content/Characters/Heroes/Mannequin/Animations/Locomotion/Rifle/MF_Rifle_Jog_Bwd_Stop.uasset" 4007
"C:/Users/user/Documents/Unreal Projects/AdvancedCombatDemo/Content/Characters/Heroes/Mannequin/Animations/Locomotion/Rifle/MF_Rifle_Jog_Bwd_Stop.uexp" 4008
"C:/Users/user/Documents/Unreal Projects/AdvancedCombatDemo/Content/Characters/Heroes/Mannequin/Animations/Locomotion/Rifle/MF_Rifle_Jog_Bwd_Start.uasset" 4009
"C:/Users/user/Documents/Unreal Projects/AdvancedCombatDemo/Content/Characters/Heroes/Mannequin/Animations/Locomotion/Rifle/MF_Rifle_Jog_Bwd_Start.uexp" 4010
"C:/Users/user/Documents/Unreal Projects/AdvancedCombatDemo/Content/Characters/Heroes/Mannequin/Animations/Locomotion/Rifle/MF_Rifle_Jog_Bwd_Pivot.uasset" 4011
"C:/Users/user/Documents/Unreal Projects/AdvancedCombatDemo/Content/Characters/Heroes/Mannequin/Animations/Locomotion/Rifle/MF_Rifle_Jog_Bwd_Pivot.uexp" 4012
"C:/Users/user/Documents/Unreal Projects/AdvancedCombatDemo/Content/Characters/Heroes/Mannequin/Animations/Locomotion/Rifle/MF_Rifle_Jog_Bwd.uasset" 4013
"C:/Users/user/Documents/Unreal Projects/AdvancedCombatDemo/Content/Characters/Heroes/Mannequin/Animations/Locomotion/Rifle/MF_Rifle_Jog_Bwd.uexp" 4014
"C:/Users/user/Documents/Unreal Projects/AdvancedCombatDemo/Content/Characters/Heroes/Mannequin/Animations/Locomotion/Rifle/MF_Rifle_Idle_Hipfire.uasset" 4015
"C:/Users/user/Documents/Unreal Projects/AdvancedCombatDemo/Content/Characters/Heroes/Mannequin/Animations/Locomotion/Rifle/MF_Rifle_Idle_Hipfire.uexp" 4016
"C:/Users/user/Documents/Unreal Projects/AdvancedCombatDemo/Content/Characters/Heroes/Mannequin/Animations/Locomotion/Rifle/Mf_Rifle_IdleBreak_Fidget.uasset" 4017
"C:/Users/user/Documents/Unreal Projects/AdvancedCombatDemo/Content/Characters/Heroes/Mannequin/Animations/Locomotion/Rifle/Mf_Rifle_IdleBreak_Fidget.uexp" 4018
"C:/Users/user/Documents/Unreal Projects/AdvancedCombatDemo/Content/Characters/Heroes/Mannequin/Animations/Locomotion/Rifle/MM_Rifle_Crouch_Walk_Right.uasset" 4019
"C:/Users/user/Documents/Unreal Projects/AdvancedCombatDemo/Content/Characters/Heroes/Mannequin/Animations/Locomotion/Rifle/MM_Rifle_Crouch_Walk_Right.uexp" 4020
"C:/Users/user/Documents/Unreal Projects/AdvancedCombatDemo/Content/Characters/Heroes/Mannequin/Animations/Locomotion/Rifle/MM_Rifle_Crouch_Walk_Left.uasset" 4021
"C:/Users/user/Documents/Unreal Projects/AdvancedCombatDemo/Content/Characters/Heroes/Mannequin/Animations/Locomotion/Rifle/MM_Rifle_Crouch_Walk_Left.uexp" 4022
"C:/Users/user/Documents/Unreal Projects/AdvancedCombatDemo/Content/Characters/Heroes/Mannequin/Animations/Locomotion/Rifle/MM_Rifle_Crouch_Walk_Bwd.uasset" 4023
"C:/Users/user/Documents/Unreal Projects/AdvancedCombatDemo/Content/Characters/Heroes/Mannequin/Animations/Locomotion/Rifle/MM_Rifle_Crouch_Walk_Bwd.uexp" 4024
"C:/Users/user/Documents/Unreal Projects/AdvancedCombatDemo/Content/Characters/Heroes/Mannequin/Animations/Locomotion/Rifle/MM_Rifle_Crouch_Walk_Fwd.uasset" 4025
"C:/Users/user/Documents/Unreal Projects/AdvancedCombatDemo/Content/Characters/Heroes/Mannequin/Animations/Locomotion/Rifle/MM_Rifle_Crouch_Walk_Fwd.uexp" 4026
"C:/Users/user/Documents/Unreal Projects/AdvancedCombatDemo/Content/Characters/Heroes/Mannequin/Animations/Locomotion/Rifle/BS_MM_Rifle_Crouch_Walk.uasset" 4027
"C:/Users/user/Documents/Unreal Projects/AdvancedCombatDemo/Content/Characters/Heroes/Mannequin/Animations/Locomotion/Rifle/BS_MM_Rifle_Crouch_Walk.uexp" 4028
"C:/Users/user/Documents/Unreal Projects/AdvancedCombatDemo/Content/Characters/Heroes/Mannequin/Animations/Locomotion/Pistol/MM_Pistol_Walk_Right_Stop.uasset" 4029
"C:/Users/user/Documents/Unreal Projects/AdvancedCombatDemo/Content/Characters/Heroes/Mannequin/Animations/Locomotion/Pistol/MM_Pistol_Walk_Right_Stop.uexp" 4030
"C:/Users/user/Documents/Unreal Projects/AdvancedCombatDemo/Content/Characters/Heroes/Mannequin/Animations/Locomotion/Pistol/MM_Pistol_Walk_Right_Start.uasset" 4031
"C:/Users/user/Documents/Unreal Projects/AdvancedCombatDemo/Content/Characters/Heroes/Mannequin/Animations/Locomotion/Pistol/MM_Pistol_Walk_Right_Start.uexp" 4032
"C:/Users/user/Documents/Unreal Projects/AdvancedCombatDemo/Content/Characters/Heroes/Mannequin/Animations/Locomotion/Pistol/MM_Pistol_Walk_Right_Pivot.uasset" 4033
"C:/Users/user/Documents/Unreal Projects/AdvancedCombatDemo/Content/Characters/Heroes/Mannequin/Animations/Locomotion/Pistol/MM_Pistol_Walk_Right_Pivot.uexp" 4034
"C:/Users/user/Documents/Unreal Projects/AdvancedCombatDemo/Content/Characters/Heroes/Mannequin/Animations/Locomotion/Pistol/MM_Pistol_Walk_Right.uasset" 4035
"C:/Users/user/Documents/Unreal Projects/AdvancedCombatDemo/Content/Characters/Heroes/Mannequin/Animations/Locomotion/Pistol/MM_Pistol_Walk_Right.uexp" 4036
"C:/Users/user/Documents/Unreal Projects/AdvancedCombatDemo/Content/Characters/Heroes/Mannequin/Animations/Locomotion/Pistol/MM_Pistol_Walk_Left_Stop.uasset" 4037
"C:/Users/user/Documents/Unreal Projects/AdvancedCombatDemo/Content/Characters/Heroes/Mannequin/Animations/Locomotion/Pistol/MM_Pistol_Walk_Left_Stop.uexp" 4038
"C:/Users/user/Documents/Unreal Projects/AdvancedCombatDemo/Content/Characters/Heroes/Mannequin/Animations/Locomotion/Pistol/MM_Pistol_Walk_Left_Start.uasset" 4039
"C:/Users/user/Documents/Unreal Projects/AdvancedCombatDemo/Content/Characters/Heroes/Mannequin/Animations/Locomotion/Pistol/MM_Pistol_Walk_Left_Start.uexp" 4040
"C:/Users/user/Documents/Unreal Projects/AdvancedCombatDemo/Content/Characters/Heroes/Mannequin/Animations/Locomotion/Pistol/MM_Pistol_Walk_Left_Pivot.uasset" 4041
"C:/Users/user/Documents/Unreal Projects/AdvancedCombatDemo/Content/Characters/Heroes/Mannequin/Animations/Locomotion/Pistol/MM_Pistol_Walk_Left_Pivot.uexp" 4042
"C:/Users/user/Documents/Unreal Projects/AdvancedCombatDemo/Content/Characters/Heroes/Mannequin/Animations/Locomotion/Pistol/MM_Pistol_Walk_Left.uasset" 4043
"C:/Users/user/Documents/Unreal Projects/AdvancedCombatDemo/Content/Characters/Heroes/Mannequin/Animations/Locomotion/Pistol/MM_Pistol_Walk_Left.uexp" 4044
"C:/Users/user/Documents/Unreal Projects/AdvancedCombatDemo/Content/Characters/Heroes/Mannequin/Animations/Locomotion/Pistol/MM_Pistol_Walk_Fwd_Stop.uasset" 4045
"C:/Users/user/Documents/Unreal Projects/AdvancedCombatDemo/Content/Characters/Heroes/Mannequin/Animations/Locomotion/Pistol/MM_Pistol_Walk_Fwd_Stop.uexp" 4046
"C:/Users/user/Documents/Unreal Projects/AdvancedCombatDemo/Content/Characters/Heroes/Mannequin/Animations/Locomotion/Pistol/MM_Pistol_Walk_Fwd_Start.uasset" 4047
"C:/Users/user/Documents/Unreal Projects/AdvancedCombatDemo/Content/Characters/Heroes/Mannequin/Animations/Locomotion/Pistol/MM_Pistol_Walk_Fwd_Start.uexp" 4048
"C:/Users/user/Documents/Unreal Projects/AdvancedCombatDemo/Content/Characters/Heroes/Mannequin/Animations/Locomotion/Pistol/MM_Pistol_Walk_Fwd_Pivot.uasset" 4049
"C:/Users/user/Documents/Unreal Projects/AdvancedCombatDemo/Content/Characters/Heroes/Mannequin/Animations/Locomotion/Pistol/MM_Pistol_Walk_Fwd_Pivot.uexp" 4050
"C:/Users/user/Documents/Unreal Projects/AdvancedCombatDemo/Content/Characters/Heroes/Mannequin/Animations/Locomotion/Pistol/MM_Pistol_Walk_Fwd.uasset" 4051
"C:/Users/user/Documents/Unreal Projects/AdvancedCombatDemo/Content/Characters/Heroes/Mannequin/Animations/Locomotion/Pistol/MM_Pistol_Walk_Fwd.uexp" 4052
"C:/Users/user/Documents/Unreal Projects/AdvancedCombatDemo/Content/Characters/Heroes/Mannequin/Animations/Locomotion/Pistol/MM_Pistol_Walk_Bwd_Stop.uasset" 4053
"C:/Users/user/Documents/Unreal Projects/AdvancedCombatDemo/Content/Characters/Heroes/Mannequin/Animations/Locomotion/Pistol/MM_Pistol_Walk_Bwd_Stop.uexp" 4054
"C:/Users/user/Documents/Unreal Projects/AdvancedCombatDemo/Content/Characters/Heroes/Mannequin/Animations/Locomotion/Pistol/MM_Pistol_Walk_Bwd_Start.uasset" 4055
"C:/Users/user/Documents/Unreal Projects/AdvancedCombatDemo/Content/Characters/Heroes/Mannequin/Animations/Locomotion/Pistol/MM_Pistol_Walk_Bwd_Start.uexp" 4056
"C:/Users/user/Documents/Unreal Projects/AdvancedCombatDemo/Content/Characters/Heroes/Mannequin/Animations/Locomotion/Pistol/MM_Pistol_Walk_Bwd_Pivot.uasset" 4057
"C:/Users/user/Documents/Unreal Projects/AdvancedCombatDemo/Content/Characters/Heroes/Mannequin/Animations/Locomotion/Pistol/MM_Pistol_Walk_Bwd_Pivot.uexp" 4058
"C:/Users/user/Documents/Unreal Projects/AdvancedCombatDemo/Content/Characters/Heroes/Mannequin/Animations/Locomotion/Pistol/MM_Pistol_Walk_Bwd.uasset" 4059
"C:/Users/user/Documents/Unreal Projects/AdvancedCombatDemo/Content/Characters/Heroes/Mannequin/Animations/Locomotion/Pistol/MM_Pistol_Walk_Bwd.uexp" 4060
"C:/Users/user/Documents/Unreal Projects/AdvancedCombatDemo/Content/Characters/Heroes/Mannequin/Animations/Locomotion/Pistol/MM_Pistol_TurnRight_90.uasset" 4061
"C:/Users/user/Documents/Unreal Projects/AdvancedCombatDemo/Content/Characters/Heroes/Mannequin/Animations/Locomotion/Pistol/MM_Pistol_TurnRight_90.uexp" 4062
"C:/Users/user/Documents/Unreal Projects/AdvancedCombatDemo/Content/Characters/Heroes/Mannequin/Animations/Locomotion/Pistol/MM_Pistol_TurnRight_180.uasset" 4063
"C:/Users/user/Documents/Unreal Projects/AdvancedCombatDemo/Content/Characters/Heroes/Mannequin/Animations/Locomotion/Pistol/MM_Pistol_TurnRight_180.uexp" 4064
"C:/Users/user/Documents/Unreal Projects/AdvancedCombatDemo/Content/Characters/Heroes/Mannequin/Animations/Locomotion/Pistol/MM_Pistol_TurnLeft_90.uasset" 4065
"C:/Users/user/Documents/Unreal Projects/AdvancedCombatDemo/Content/Characters/Heroes/Mannequin/Animations/Locomotion/Pistol/MM_Pistol_TurnLeft_90.uexp" 4066
"C:/Users/user/Documents/Unreal Projects/AdvancedCombatDemo/Content/Characters/Heroes/Mannequin/Animations/Locomotion/Pistol/MM_Pistol_TurnLeft_180.uasset" 4067
"C:/Users/user/Documents/Unreal Projects/AdvancedCombatDemo/Content/Characters/Heroes/Mannequin/Animations/Locomotion/Pistol/MM_Pistol_TurnLeft_180.uexp" 4068
"C:/Users/user/Documents/Unreal Projects/AdvancedCombatDemo/Content/Characters/Heroes/Mannequin/Animations/Locomotion/Pistol/MM_Pistol_Jump_Start_Loop.uasset" 4069
"C:/Users/user/Documents/Unreal Projects/AdvancedCombatDemo/Content/Characters/Heroes/Mannequin/Animations/Locomotion/Pistol/MM_Pistol_Jump_Start_Loop.uexp" 4070
"C:/Users/user/Documents/Unreal Projects/AdvancedCombatDemo/Content/Characters/Heroes/Mannequin/Animations/Locomotion/Pistol/MM_Pistol_Jump_Start.uasset" 4071
"C:/Users/user/Documents/Unreal Projects/AdvancedCombatDemo/Content/Characters/Heroes/Mannequin/Animations/Locomotion/Pistol/MM_Pistol_Jump_Start.uexp" 4072
"C:/Users/user/Documents/Unreal Projects/AdvancedCombatDemo/Content/Characters/Heroes/Mannequin/Animations/Locomotion/Pistol/MM_Pistol_Jump_RecoveryAdditive.uasset" 4073
"C:/Users/user/Documents/Unreal Projects/AdvancedCombatDemo/Content/Characters/Heroes/Mannequin/Animations/Locomotion/Pistol/MM_Pistol_Jump_RecoveryAdditive.uexp" 4074
"C:/Users/user/Documents/Unreal Projects/AdvancedCombatDemo/Content/Characters/Heroes/Mannequin/Animations/Locomotion/Pistol/MM_Pistol_Jump_Fall_Loop.uasset" 4075
"C:/Users/user/Documents/Unreal Projects/AdvancedCombatDemo/Content/Characters/Heroes/Mannequin/Animations/Locomotion/Pistol/MM_Pistol_Jump_Fall_Loop.uexp" 4076
"C:/Users/user/Documents/Unreal Projects/AdvancedCombatDemo/Content/Characters/Heroes/Mannequin/Animations/Locomotion/Pistol/MM_Pistol_Jump_Fall_Land.uasset" 4077
"C:/Users/user/Documents/Unreal Projects/AdvancedCombatDemo/Content/Characters/Heroes/Mannequin/Animations/Locomotion/Pistol/MM_Pistol_Jump_Fall_Land.uexp" 4078
"C:/Users/user/Documents/Unreal Projects/AdvancedCombatDemo/Content/Characters/Heroes/Mannequin/Animations/Locomotion/Pistol/MM_Pistol_Jump_Apex.uasset" 4079
"C:/Users/user/Documents/Unreal Projects/AdvancedCombatDemo/Content/Characters/Heroes/Mannequin/Animations/Locomotion/Pistol/MM_Pistol_Jump_Apex.uexp" 4080
"C:/Users/user/Documents/Unreal Projects/AdvancedCombatDemo/Content/Characters/Heroes/Mannequin/Animations/Locomotion/Pistol/MM_Pistol_Jog_Stop.uasset" 4081
"C:/Users/user/Documents/Unreal Projects/AdvancedCombatDemo/Content/Characters/Heroes/Mannequin/Animations/Locomotion/Pistol/MM_Pistol_Jog_Stop.uexp" 4082
"C:/Users/user/Documents/Unreal Projects/AdvancedCombatDemo/Content/Characters/Heroes/Mannequin/Animations/Locomotion/Pistol/MM_Pistol_Jog_Right_Stop.uasset" 4083
"C:/Users/user/Documents/Unreal Projects/AdvancedCombatDemo/Content/Characters/Heroes/Mannequin/Animations/Locomotion/Pistol/MM_Pistol_Jog_Right_Stop.uexp" 4084
"C:/Users/user/Documents/Unreal Projects/AdvancedCombatDemo/Content/Characters/Heroes/Mannequin/Animations/Locomotion/Pistol/MM_Pistol_Jog_Right_Start.uasset" 4085
"C:/Users/user/Documents/Unreal Projects/AdvancedCombatDemo/Content/Characters/Heroes/Mannequin/Animations/Locomotion/Pistol/MM_Pistol_Jog_Right_Start.uexp" 4086
"C:/Users/user/Documents/Unreal Projects/AdvancedCombatDemo/Content/Characters/Heroes/Mannequin/Animations/Locomotion/Pistol/MM_Pistol_Jog_Right.uasset" 4087
"C:/Users/user/Documents/Unreal Projects/AdvancedCombatDemo/Content/Characters/Heroes/Mannequin/Animations/Locomotion/Pistol/MM_Pistol_Jog_Right.uexp" 4088
"C:/Users/user/Documents/Unreal Projects/AdvancedCombatDemo/Content/Characters/Heroes/Mannequin/Animations/Locomotion/Pistol/MM_Pistol_Jog_Pivot_Right.uasset" 4089
"C:/Users/user/Documents/Unreal Projects/AdvancedCombatDemo/Content/Characters/Heroes/Mannequin/Animations/Locomotion/Pistol/MM_Pistol_Jog_Pivot_Right.uexp" 4090
"C:/Users/user/Documents/Unreal Projects/AdvancedCombatDemo/Content/Characters/Heroes/Mannequin/Animations/Locomotion/Pistol/MM_Pistol_Jog_Pivot_Left.uasset" 4091
"C:/Users/user/Documents/Unreal Projects/AdvancedCombatDemo/Content/Characters/Heroes/Mannequin/Animations/Locomotion/Pistol/MM_Pistol_Jog_Pivot_Left.uexp" 4092
"C:/Users/user/Documents/Unreal Projects/AdvancedCombatDemo/Content/Characters/Heroes/Mannequin/Animations/Locomotion/Pistol/MM_Pistol_Jog_Pivot_Fwd.uasset" 4093
"C:/Users/user/Documents/Unreal Projects/AdvancedCombatDemo/Content/Characters/Heroes/Mannequin/Animations/Locomotion/Pistol/MM_Pistol_Jog_Pivot_Fwd.uexp" 4094
"C:/Users/user/Documents/Unreal Projects/AdvancedCombatDemo/Content/Characters/Heroes/Mannequin/Animations/Locomotion/Pistol/MM_Pistol_Jog_Pivot_Bwd.uasset" 4095
"C:/Users/user/Documents/Unreal Projects/AdvancedCombatDemo/Content/Characters/Heroes/Mannequin/Animations/Locomotion/Pistol/MM_Pistol_Jog_Pivot_Bwd.uexp" 4096
"C:/Users/user/Documents/Unreal Projects/AdvancedCombatDemo/Content/Characters/Heroes/Mannequin/Animations/Locomotion/Pistol/MM_Pistol_Jog_Left_Stop.uasset" 4097
"C:/Users/user/Documents/Unreal Projects/AdvancedCombatDemo/Content/Characters/Heroes/Mannequin/Animations/Locomotion/Pistol/MM_Pistol_Jog_Left_Stop.uexp" 4098
"C:/Users/user/Documents/Unreal Projects/AdvancedCombatDemo/Content/Characters/Heroes/Mannequin/Animations/Locomotion/Pistol/MM_Pistol_Jog_Left_Start.uasset" 4099
"C:/Users/user/Documents/Unreal Projects/AdvancedCombatDemo/Content/Characters/Heroes/Mannequin/Animations/Locomotion/Pistol/MM_Pistol_Jog_Left_Start.uexp" 4100
"C:/Users/user/Documents/Unreal Projects/AdvancedCombatDemo/Content/Characters/Heroes/Mannequin/Animations/Locomotion/Pistol/MM_Pistol_Jog_Left.uasset" 4101
"C:/Users/user/Documents/Unreal Projects/AdvancedCombatDemo/Content/Characters/Heroes/Mannequin/Animations/Locomotion/Pistol/MM_Pistol_Jog_Left.uexp" 4102
"C:/Users/user/Documents/Unreal Projects/AdvancedCombatDemo/Content/Characters/Heroes/Mannequin/Animations/Locomotion/Pistol/MM_Pistol_Jog_Fwd_Stop.uasset" 4103
"C:/Users/user/Documents/Unreal Projects/AdvancedCombatDemo/Content/Characters/Heroes/Mannequin/Animations/Locomotion/Pistol/MM_Pistol_Jog_Fwd_Stop.uexp" 4104
"C:/Users/user/Documents/Unreal Projects/AdvancedCombatDemo/Content/Characters/Heroes/Mannequin/Animations/Locomotion/Pistol/MM_Pistol_Jog_Fwd_Start.uasset" 4105
"C:/Users/user/Documents/Unreal Projects/AdvancedCombatDemo/Content/Characters/Heroes/Mannequin/Animations/Locomotion/Pistol/MM_Pistol_Jog_Fwd_Start.uexp" 4106
"C:/Users/user/Documents/Unreal Projects/AdvancedCombatDemo/Content/Characters/Heroes/Mannequin/Animations/Locomotion/Pistol/MM_Pistol_Jog_Fwd.uasset" 4107
"C:/Users/user/Documents/Unreal Projects/AdvancedCombatDemo/Content/Characters/Heroes/Mannequin/Animations/Locomotion/Pistol/MM_Pistol_Jog_Fwd.uexp" 4108
"C:/Users/user/Documents/Unreal Projects/AdvancedCombatDemo/Content/Characters/Heroes/Mannequin/Animations/Locomotion/Pistol/MM_Pistol_Jog_Bwd_Stop.uasset" 4109
"C:/Users/user/Documents/Unreal Projects/AdvancedCombatDemo/Content/Characters/Heroes/Mannequin/Animations/Locomotion/Pistol/MM_Pistol_Jog_Bwd_Stop.uexp" 4110
"C:/Users/user/Documents/Unreal Projects/AdvancedCombatDemo/Content/Characters/Heroes/Mannequin/Animations/Locomotion/Pistol/MM_Pistol_Jog_Bwd_Start.uasset" 4111
"C:/Users/user/Documents/Unreal Projects/AdvancedCombatDemo/Content/Characters/Heroes/Mannequin/Animations/Locomotion/Pistol/MM_Pistol_Jog_Bwd_Start.uexp" 4112
"C:/Users/user/Documents/Unreal Projects/AdvancedCombatDemo/Content/Characters/Heroes/Mannequin/Animations/Locomotion/Pistol/MM_Pistol_Jog_Bwd.uasset" 4113
"C:/Users/user/Documents/Unreal Projects/AdvancedCombatDemo/Content/Characters/Heroes/Mannequin/Animations/Locomotion/Pistol/MM_Pistol_Jog_Bwd.uexp" 4114
"C:/Users/user/Documents/Unreal Projects/AdvancedCombatDemo/Content/Characters/Heroes/Mannequin/Animations/Locomotion/Pistol/MM_Pistol_Idle_Hipfire.uasset" 4115
"C:/Users/user/Documents/Unreal Projects/AdvancedCombatDemo/Content/Characters/Heroes/Mannequin/Animations/Locomotion/Pistol/MM_Pistol_Idle_Hipfire.uexp" 4116
"C:/Users/user/Documents/Unreal Projects/AdvancedCombatDemo/Content/Characters/Heroes/Mannequin/Animations/Locomotion/Pistol/MM_Pistol_IdleBreak_Scan.uasset" 4117
"C:/Users/user/Documents/Unreal Projects/AdvancedCombatDemo/Content/Characters/Heroes/Mannequin/Animations/Locomotion/Pistol/MM_Pistol_IdleBreak_Scan.uexp" 4118
"C:/Users/user/Documents/Unreal Projects/AdvancedCombatDemo/Content/Characters/Heroes/Mannequin/Animations/Locomotion/Pistol/MM_Pistol_Crouch_Walk_Right_Stop.uasset" 4119
"C:/Users/user/Documents/Unreal Projects/AdvancedCombatDemo/Content/Characters/Heroes/Mannequin/Animations/Locomotion/Pistol/MM_Pistol_Crouch_Walk_Right_Stop.uexp" 4120
"C:/Users/user/Documents/Unreal Projects/AdvancedCombatDemo/Content/Characters/Heroes/Mannequin/Animations/Locomotion/Pistol/MM_Pistol_Crouch_Walk_Right_Start.uasset" 4121
"C:/Users/user/Documents/Unreal Projects/AdvancedCombatDemo/Content/Characters/Heroes/Mannequin/Animations/Locomotion/Pistol/MM_Pistol_Crouch_Walk_Right_Start.uexp" 4122
"C:/Users/user/Documents/Unreal Projects/AdvancedCombatDemo/Content/Characters/Heroes/Mannequin/Animations/Locomotion/Pistol/MM_Pistol_Crouch_Walk_Right_Pivot.uasset" 4123
"C:/Users/user/Documents/Unreal Projects/AdvancedCombatDemo/Content/Characters/Heroes/Mannequin/Animations/Locomotion/Pistol/MM_Pistol_Crouch_Walk_Right_Pivot.uexp" 4124
"C:/Users/user/Documents/Unreal Projects/AdvancedCombatDemo/Content/Characters/Heroes/Mannequin/Animations/Locomotion/Pistol/MM_Pistol_Crouch_Walk_Right.uasset" 4125
"C:/Users/user/Documents/Unreal Projects/AdvancedCombatDemo/Content/Characters/Heroes/Mannequin/Animations/Locomotion/Pistol/MM_Pistol_Crouch_Walk_Right.uexp" 4126
"C:/Users/user/Documents/Unreal Projects/AdvancedCombatDemo/Content/Characters/Heroes/Mannequin/Animations/Locomotion/Pistol/MM_Pistol_Crouch_Walk_Left_Stop.uasset" 4127
"C:/Users/user/Documents/Unreal Projects/AdvancedCombatDemo/Content/Characters/Heroes/Mannequin/Animations/Locomotion/Pistol/MM_Pistol_Crouch_Walk_Left_Stop.uexp" 4128
"C:/Users/user/Documents/Unreal Projects/AdvancedCombatDemo/Content/Characters/Heroes/Mannequin/Animations/Locomotion/Pistol/MM_Pistol_Crouch_Walk_Left_Start.uasset" 4129
"C:/Users/user/Documents/Unreal Projects/AdvancedCombatDemo/Content/Characters/Heroes/Mannequin/Animations/Locomotion/Pistol/MM_Pistol_Crouch_Walk_Left_Start.uexp" 4130
"C:/Users/user/Documents/Unreal Projects/AdvancedCombatDemo/Content/Characters/Heroes/Mannequin/Animations/Locomotion/Pistol/MM_Pistol_Crouch_Walk_Left_Pivot.uasset" 4131
"C:/Users/user/Documents/Unreal Projects/AdvancedCombatDemo/Content/Characters/Heroes/Mannequin/Animations/Locomotion/Pistol/MM_Pistol_Crouch_Walk_Left_Pivot.uexp" 4132
"C:/Users/user/Documents/Unreal Projects/AdvancedCombatDemo/Content/Characters/Heroes/Mannequin/Animations/Locomotion/Pistol/MM_Pistol_Crouch_Walk_Left.uasset" 4133
"C:/Users/user/Documents/Unreal Projects/AdvancedCombatDemo/Content/Characters/Heroes/Mannequin/Animations/Locomotion/Pistol/MM_Pistol_Crouch_Walk_Left.uexp" 4134
"C:/Users/user/Documents/Unreal Projects/AdvancedCombatDemo/Content/Characters/Heroes/Mannequin/Animations/Locomotion/Pistol/MM_Pistol_Crouch_Walk_Fwd_Stop.uasset" 4135
"C:/Users/user/Documents/Unreal Projects/AdvancedCombatDemo/Content/Characters/Heroes/Mannequin/Animations/Locomotion/Pistol/MM_Pistol_Crouch_Walk_Fwd_Stop.uexp" 4136
"C:/Users/user/Documents/Unreal Projects/AdvancedCombatDemo/Content/Characters/Heroes/Mannequin/Animations/Locomotion/Pistol/MM_Pistol_Crouch_Walk_Fwd_Start.uasset" 4137
"C:/Users/user/Documents/Unreal Projects/AdvancedCombatDemo/Content/Characters/Heroes/Mannequin/Animations/Locomotion/Pistol/MM_Pistol_Crouch_Walk_Fwd_Start.uexp" 4138
"C:/Users/user/Documents/Unreal Projects/AdvancedCombatDemo/Content/Characters/Heroes/Mannequin/Animations/Locomotion/Pistol/MM_Pistol_Crouch_Walk_Fwd_Pivot.uasset" 4139
"C:/Users/user/Documents/Unreal Projects/AdvancedCombatDemo/Content/Characters/Heroes/Mannequin/Animations/Locomotion/Pistol/MM_Pistol_Crouch_Walk_Fwd_Pivot.uexp" 4140
"C:/Users/user/Documents/Unreal Projects/AdvancedCombatDemo/Content/Characters/Heroes/Mannequin/Animations/Locomotion/Pistol/MM_Pistol_Crouch_Walk_Fwd.uasset" 4141
"C:/Users/user/Documents/Unreal Projects/AdvancedCombatDemo/Content/Characters/Heroes/Mannequin/Animations/Locomotion/Pistol/MM_Pistol_Crouch_Walk_Fwd.uexp" 4142
"C:/Users/user/Documents/Unreal Projects/AdvancedCombatDemo/Content/Characters/Heroes/Mannequin/Animations/Locomotion/Pistol/MM_Pistol_Crouch_Walk_Bwd_Stop.uasset" 4143
"C:/Users/user/Documents/Unreal Projects/AdvancedCombatDemo/Content/Characters/Heroes/Mannequin/Animations/Locomotion/Pistol/MM_Pistol_Crouch_Walk_Bwd_Stop.uexp" 4144
"C:/Users/user/Documents/Unreal Projects/AdvancedCombatDemo/Content/Characters/Heroes/Mannequin/Animations/Locomotion/Pistol/MM_Pistol_Crouch_Walk_Bwd_Start.uasset" 4145
"C:/Users/user/Documents/Unreal Projects/AdvancedCombatDemo/Content/Characters/Heroes/Mannequin/Animations/Locomotion/Pistol/MM_Pistol_Crouch_Walk_Bwd_Start.uexp" 4146
"C:/Users/user/Documents/Unreal Projects/AdvancedCombatDemo/Content/Characters/Heroes/Mannequin/Animations/Locomotion/Pistol/MM_Pistol_Crouch_Walk_Bwd_Pivot.uasset" 4147
"C:/Users/user/Documents/Unreal Projects/AdvancedCombatDemo/Content/Characters/Heroes/Mannequin/Animations/Locomotion/Pistol/MM_Pistol_Crouch_Walk_Bwd_Pivot.uexp" 4148
"C:/Users/user/Documents/Unreal Projects/AdvancedCombatDemo/Content/Characters/Heroes/Mannequin/Animations/Locomotion/Pistol/MM_Pistol_Crouch_Walk_Bwd.uasset" 4149
"C:/Users/user/Documents/Unreal Projects/AdvancedCombatDemo/Content/Characters/Heroes/Mannequin/Animations/Locomotion/Pistol/MM_Pistol_Crouch_Walk_Bwd.uexp" 4150
"C:/Users/user/Documents/Unreal Projects/AdvancedCombatDemo/Content/Characters/Heroes/Mannequin/Animations/Locomotion/Pistol/MM_Pistol_Crouch_TurnRight_90.uasset" 4151
"C:/Users/user/Documents/Unreal Projects/AdvancedCombatDemo/Content/Characters/Heroes/Mannequin/Animations/Locomotion/Pistol/MM_Pistol_Crouch_TurnRight_90.uexp" 4152
"C:/Users/user/Documents/Unreal Projects/AdvancedCombatDemo/Content/Characters/Heroes/Mannequin/Animations/Locomotion/Pistol/MM_Pistol_Crouch_TurnRight_180.uasset" 4153
"C:/Users/user/Documents/Unreal Projects/AdvancedCombatDemo/Content/Characters/Heroes/Mannequin/Animations/Locomotion/Pistol/MM_Pistol_Crouch_TurnRight_180.uexp" 4154
"C:/Users/user/Documents/Unreal Projects/AdvancedCombatDemo/Content/Characters/Heroes/Mannequin/Animations/Locomotion/Pistol/MM_Pistol_Crouch_TurnLeft_90.uasset" 4155
"C:/Users/user/Documents/Unreal Projects/AdvancedCombatDemo/Content/Characters/Heroes/Mannequin/Animations/Locomotion/Pistol/MM_Pistol_Crouch_TurnLeft_90.uexp" 4156
"C:/Users/user/Documents/Unreal Projects/AdvancedCombatDemo/Content/Characters/Heroes/Mannequin/Animations/Locomotion/Pistol/MM_Pistol_Crouch_TurnLeft_180.uasset" 4157
"C:/Users/user/Documents/Unreal Projects/AdvancedCombatDemo/Content/Characters/Heroes/Mannequin/Animations/Locomotion/Pistol/MM_Pistol_Crouch_TurnLeft_180.uexp" 4158
"C:/Users/user/Documents/Unreal Projects/AdvancedCombatDemo/Content/Characters/Heroes/Mannequin/Animations/Locomotion/Pistol/MM_Pistol_Crouch_OverridePose.uasset" 4159
"C:/Users/user/Documents/Unreal Projects/AdvancedCombatDemo/Content/Characters/Heroes/Mannequin/Animations/Locomotion/Pistol/MM_Pistol_Crouch_OverridePose.uexp" 4160
"C:/Users/user/Documents/Unreal Projects/AdvancedCombatDemo/Content/Characters/Heroes/Mannequin/Animations/Locomotion/Pistol/MM_Pistol_Crouch_Idle.uasset" 4161
"C:/Users/user/Documents/Unreal Projects/AdvancedCombatDemo/Content/Characters/Heroes/Mannequin/Animations/Locomotion/Pistol/MM_Pistol_Crouch_Idle.uexp" 4162
"C:/Users/user/Documents/Unreal Projects/AdvancedCombatDemo/Content/Characters/Heroes/Mannequin/Animations/Locomotion/Pistol/MM_Pistol_Crouch_Exit.uasset" 4163
"C:/Users/user/Documents/Unreal Projects/AdvancedCombatDemo/Content/Characters/Heroes/Mannequin/Animations/Locomotion/Pistol/MM_Pistol_Crouch_Exit.uexp" 4164
"C:/Users/user/Documents/Unreal Projects/AdvancedCombatDemo/Content/Characters/Heroes/Mannequin/Animations/Locomotion/Pistol/MM_Pistol_Crouch_Entry.uasset" 4165
"C:/Users/user/Documents/Unreal Projects/AdvancedCombatDemo/Content/Characters/Heroes/Mannequin/Animations/Locomotion/Pistol/MM_Pistol_Crouch_Entry.uexp" 4166
"C:/Users/user/Documents/Unreal Projects/AdvancedCombatDemo/Content/Characters/Heroes/Mannequin/Animations/Locomotion/Pistol/MF_Pistol_Walk_Right_Stop.uasset" 4167
"C:/Users/user/Documents/Unreal Projects/AdvancedCombatDemo/Content/Characters/Heroes/Mannequin/Animations/Locomotion/Pistol/MF_Pistol_Walk_Right_Stop.uexp" 4168
"C:/Users/user/Documents/Unreal Projects/AdvancedCombatDemo/Content/Characters/Heroes/Mannequin/Animations/Locomotion/Pistol/MF_Pistol_Walk_Right_Start.uasset" 4169
"C:/Users/user/Documents/Unreal Projects/AdvancedCombatDemo/Content/Characters/Heroes/Mannequin/Animations/Locomotion/Pistol/MF_Pistol_Walk_Right_Start.uexp" 4170
"C:/Users/user/Documents/Unreal Projects/AdvancedCombatDemo/Content/Characters/Heroes/Mannequin/Animations/Locomotion/Pistol/MF_Pistol_Walk_Right.uasset" 4171
"C:/Users/user/Documents/Unreal Projects/AdvancedCombatDemo/Content/Characters/Heroes/Mannequin/Animations/Locomotion/Pistol/MF_Pistol_Walk_Right.uexp" 4172
"C:/Users/user/Documents/Unreal Projects/AdvancedCombatDemo/Content/Characters/Heroes/Mannequin/Animations/Locomotion/Pistol/MF_Pistol_Walk_Left_Stop.uasset" 4173
"C:/Users/user/Documents/Unreal Projects/AdvancedCombatDemo/Content/Characters/Heroes/Mannequin/Animations/Locomotion/Pistol/MF_Pistol_Walk_Left_Stop.uexp" 4174
"C:/Users/user/Documents/Unreal Projects/AdvancedCombatDemo/Content/Characters/Heroes/Mannequin/Animations/Locomotion/Pistol/MF_Pistol_Walk_Left.uasset" 4175
"C:/Users/user/Documents/Unreal Projects/AdvancedCombatDemo/Content/Characters/Heroes/Mannequin/Animations/Locomotion/Pistol/MF_Pistol_Walk_Left.uexp" 4176
"C:/Users/user/Documents/Unreal Projects/AdvancedCombatDemo/Content/Characters/Heroes/Mannequin/Animations/Locomotion/Pistol/MF_Pistol_Walk_Fwd_Stop.uasset" 4177
"C:/Users/user/Documents/Unreal Projects/AdvancedCombatDemo/Content/Characters/Heroes/Mannequin/Animations/Locomotion/Pistol/MF_Pistol_Walk_Fwd_Stop.uexp" 4178
"C:/Users/user/Documents/Unreal Projects/AdvancedCombatDemo/Content/Characters/Heroes/Mannequin/Animations/Locomotion/Pistol/MF_Pistol_Walk_Fwd_Start.uasset" 4179
"C:/Users/user/Documents/Unreal Projects/AdvancedCombatDemo/Content/Characters/Heroes/Mannequin/Animations/Locomotion/Pistol/MF_Pistol_Walk_Fwd_Start.uexp" 4180
"C:/Users/user/Documents/Unreal Projects/AdvancedCombatDemo/Content/Characters/Heroes/Mannequin/Animations/Locomotion/Pistol/MF_Pistol_Walk_Fwd.uasset" 4181
"C:/Users/user/Documents/Unreal Projects/AdvancedCombatDemo/Content/Characters/Heroes/Mannequin/Animations/Locomotion/Pistol/MF_Pistol_Walk_Fwd.uexp" 4182
"C:/Users/user/Documents/Unreal Projects/AdvancedCombatDemo/Content/Characters/Heroes/Mannequin/Animations/Locomotion/Pistol/MF_Pistol_Walk_Bwd_Stop.uasset" 4183
"C:/Users/user/Documents/Unreal Projects/AdvancedCombatDemo/Content/Characters/Heroes/Mannequin/Animations/Locomotion/Pistol/MF_Pistol_Walk_Bwd_Stop.uexp" 4184
"C:/Users/user/Documents/Unreal Projects/AdvancedCombatDemo/Content/Characters/Heroes/Mannequin/Animations/Locomotion/Pistol/MF_Pistol_Walk_Bwd_Start.uasset" 4185
"C:/Users/user/Documents/Unreal Projects/AdvancedCombatDemo/Content/Characters/Heroes/Mannequin/Animations/Locomotion/Pistol/MF_Pistol_Walk_Bwd_Start.uexp" 4186
"C:/Users/user/Documents/Unreal Projects/AdvancedCombatDemo/Content/Characters/Heroes/Mannequin/Animations/Locomotion/Pistol/MF_Pistol_Walk_Bwd.uasset" 4187
"C:/Users/user/Documents/Unreal Projects/AdvancedCombatDemo/Content/Characters/Heroes/Mannequin/Animations/Locomotion/Pistol/MF_Pistol_Walk_Bwd.uexp" 4188
"C:/Users/user/Documents/Unreal Projects/AdvancedCombatDemo/Content/Characters/Heroes/Mannequin/Animations/Locomotion/Pistol/MF_Pistol_TurnRight_90.uasset" 4189
"C:/Users/user/Documents/Unreal Projects/AdvancedCombatDemo/Content/Characters/Heroes/Mannequin/Animations/Locomotion/Pistol/MF_Pistol_TurnRight_90.uexp" 4190
"C:/Users/user/Documents/Unreal Projects/AdvancedCombatDemo/Content/Characters/Heroes/Mannequin/Animations/Locomotion/Pistol/MF_Pistol_TurnRight_180.uasset" 4191
"C:/Users/user/Documents/Unreal Projects/AdvancedCombatDemo/Content/Characters/Heroes/Mannequin/Animations/Locomotion/Pistol/MF_Pistol_TurnRight_180.uexp" 4192
"C:/Users/user/Documents/Unreal Projects/AdvancedCombatDemo/Content/Characters/Heroes/Mannequin/Animations/Locomotion/Pistol/MF_Pistol_TurnLeft_90.uasset" 4193
"C:/Users/user/Documents/Unreal Projects/AdvancedCombatDemo/Content/Characters/Heroes/Mannequin/Animations/Locomotion/Pistol/MF_Pistol_TurnLeft_90.uexp" 4194
"C:/Users/user/Documents/Unreal Projects/AdvancedCombatDemo/Content/Characters/Heroes/Mannequin/Animations/Locomotion/Pistol/MF_Pistol_TurnLeft_180.uasset" 4195
"C:/Users/user/Documents/Unreal Projects/AdvancedCombatDemo/Content/Characters/Heroes/Mannequin/Animations/Locomotion/Pistol/MF_Pistol_TurnLeft_180.uexp" 4196
"C:/Users/user/Documents/Unreal Projects/AdvancedCombatDemo/Content/Characters/Heroes/Mannequin/Animations/Locomotion/Pistol/MF_Pistol_Jog_Right_Stop.uasset" 4197
"C:/Users/user/Documents/Unreal Projects/AdvancedCombatDemo/Content/Characters/Heroes/Mannequin/Animations/Locomotion/Pistol/MF_Pistol_Jog_Right_Stop.uexp" 4198
"C:/Users/user/Documents/Unreal Projects/AdvancedCombatDemo/Content/Characters/Heroes/Mannequin/Animations/Locomotion/Pistol/MF_Pistol_Jog_Right_Start.uasset" 4199
"C:/Users/user/Documents/Unreal Projects/AdvancedCombatDemo/Content/Characters/Heroes/Mannequin/Animations/Locomotion/Pistol/MF_Pistol_Jog_Right_Start.uexp" 4200
"C:/Users/user/Documents/Unreal Projects/AdvancedCombatDemo/Content/Characters/Heroes/Mannequin/Animations/Locomotion/Pistol/MF_Pistol_Jog_Right_Pivot.uasset" 4201
"C:/Users/user/Documents/Unreal Projects/AdvancedCombatDemo/Content/Characters/Heroes/Mannequin/Animations/Locomotion/Pistol/MF_Pistol_Jog_Right_Pivot.uexp" 4202
"C:/Users/user/Documents/Unreal Projects/AdvancedCombatDemo/Content/Characters/Heroes/Mannequin/Animations/Locomotion/Pistol/MF_Pistol_Jog_Right.uasset" 4203
"C:/Users/user/Documents/Unreal Projects/AdvancedCombatDemo/Content/Characters/Heroes/Mannequin/Animations/Locomotion/Pistol/MF_Pistol_Jog_Right.uexp" 4204
"C:/Users/user/Documents/Unreal Projects/AdvancedCombatDemo/Content/Characters/Heroes/Mannequin/Animations/Locomotion/Pistol/MF_Pistol_Jog_Left_Stop.uasset" 4205
"C:/Users/user/Documents/Unreal Projects/AdvancedCombatDemo/Content/Characters/Heroes/Mannequin/Animations/Locomotion/Pistol/MF_Pistol_Jog_Left_Stop.uexp" 4206
"C:/Users/user/Documents/Unreal Projects/AdvancedCombatDemo/Content/Characters/Heroes/Mannequin/Animations/Locomotion/Pistol/MF_Pistol_Jog_Left_Start.uasset" 4207
"C:/Users/user/Documents/Unreal Projects/AdvancedCombatDemo/Content/Characters/Heroes/Mannequin/Animations/Locomotion/Pistol/MF_Pistol_Jog_Left_Start.uexp" 4208
"C:/Users/user/Documents/Unreal Projects/AdvancedCombatDemo/Content/Characters/Heroes/Mannequin/Animations/Locomotion/Pistol/MF_Pistol_Jog_Left_Pivot.uasset" 4209
"C:/Users/user/Documents/Unreal Projects/AdvancedCombatDemo/Content/Characters/Heroes/Mannequin/Animations/Locomotion/Pistol/MF_Pistol_Jog_Left_Pivot.uexp" 4210
"C:/Users/user/Documents/Unreal Projects/AdvancedCombatDemo/Content/Characters/Heroes/Mannequin/Animations/Locomotion/Pistol/MF_Pistol_Jog_Left.uasset" 4211
"C:/Users/user/Documents/Unreal Projects/AdvancedCombatDemo/Content/Characters/Heroes/Mannequin/Animations/Locomotion/Pistol/MF_Pistol_Jog_Left.uexp" 4212
"C:/Users/user/Documents/Unreal Projects/AdvancedCombatDemo/Content/Characters/Heroes/Mannequin/Animations/Locomotion/Pistol/MF_Pistol_Jog_Fwd_Stop.uasset" 4213
"C:/Users/user/Documents/Unreal Projects/AdvancedCombatDemo/Content/Characters/Heroes/Mannequin/Animations/Locomotion/Pistol/MF_Pistol_Jog_Fwd_Stop.uexp" 4214
"C:/Users/user/Documents/Unreal Projects/AdvancedCombatDemo/Content/Characters/Heroes/Mannequin/Animations/Locomotion/Pistol/MF_Pistol_Jog_Fwd_Start.uasset" 4215
"C:/Users/user/Documents/Unreal Projects/AdvancedCombatDemo/Content/Characters/Heroes/Mannequin/Animations/Locomotion/Pistol/MF_Pistol_Jog_Fwd_Start.uexp" 4216
"C:/Users/user/Documents/Unreal Projects/AdvancedCombatDemo/Content/Characters/Heroes/Mannequin/Animations/Locomotion/Pistol/MF_Pistol_Jog_Fwd_Pivot.uasset" 4217
"C:/Users/user/Documents/Unreal Projects/AdvancedCombatDemo/Content/Characters/Heroes/Mannequin/Animations/Locomotion/Pistol/MF_Pistol_Jog_Fwd_Pivot.uexp" 4218
"C:/Users/user/Documents/Unreal Projects/AdvancedCombatDemo/Content/Characters/Heroes/Mannequin/Animations/Locomotion/Pistol/MF_Pistol_Jog_Fwd.uasset" 4219
"C:/Users/user/Documents/Unreal Projects/AdvancedCombatDemo/Content/Characters/Heroes/Mannequin/Animations/Locomotion/Pistol/MF_Pistol_Jog_Fwd.uexp" 4220
"C:/Users/user/Documents/Unreal Projects/AdvancedCombatDemo/Content/Characters/Heroes/Mannequin/Animations/Locomotion/Pistol/MF_Pistol_Jog_Bwd_Stop.uasset" 4221
"C:/Users/user/Documents/Unreal Projects/AdvancedCombatDemo/Content/Characters/Heroes/Mannequin/Animations/Locomotion/Pistol/MF_Pistol_Jog_Bwd_Stop.uexp" 4222
"C:/Users/user/Documents/Unreal Projects/AdvancedCombatDemo/Content/Characters/Heroes/Mannequin/Animations/Locomotion/Pistol/MF_Pistol_Jog_Bwd_Start.uasset" 4223
"C:/Users/user/Documents/Unreal Projects/AdvancedCombatDemo/Content/Characters/Heroes/Mannequin/Animations/Locomotion/Pistol/MF_Pistol_Jog_Bwd_Start.uexp" 4224
"C:/Users/user/Documents/Unreal Projects/AdvancedCombatDemo/Content/Characters/Heroes/Mannequin/Animations/Locomotion/Pistol/MF_Pistol_Jog_Bwd_Pivot.uasset" 4225
"C:/Users/user/Documents/Unreal Projects/AdvancedCombatDemo/Content/Characters/Heroes/Mannequin/Animations/Locomotion/Pistol/MF_Pistol_Jog_Bwd_Pivot.uexp" 4226
"C:/Users/user/Documents/Unreal Projects/AdvancedCombatDemo/Content/Characters/Heroes/Mannequin/Animations/Locomotion/Pistol/MF_Pistol_Jog_Bwd.uasset" 4227
"C:/Users/user/Documents/Unreal Projects/AdvancedCombatDemo/Content/Characters/Heroes/Mannequin/Animations/Locomotion/Pistol/MF_Pistol_Jog_Bwd.uexp" 4228
"C:/Users/user/Documents/Unreal Projects/AdvancedCombatDemo/Content/Characters/Heroes/Mannequin/Animations/Locomotion/Pistol/MF_Pistol_Idle_Hipfire.uasset" 4229
"C:/Users/user/Documents/Unreal Projects/AdvancedCombatDemo/Content/Characters/Heroes/Mannequin/Animations/Locomotion/Pistol/MF_Pistol_Idle_Hipfire.uexp" 4230
"C:/Users/user/Documents/Unreal Projects/AdvancedCombatDemo/Content/Characters/Heroes/Mannequin/Animations/Locomotion/Pistol/MF_Pistol_IdleBreak_Scan.uasset" 4231
"C:/Users/user/Documents/Unreal Projects/AdvancedCombatDemo/Content/Characters/Heroes/Mannequin/Animations/Locomotion/Pistol/MF_Pistol_IdleBreak_Scan.uexp" 4232
"C:/Users/user/Documents/Unreal Projects/AdvancedCombatDemo/Content/ACS_BP/Characters/Player/PC_PlayerController.uasset" 4233
"C:/Users/user/Documents/Unreal Projects/AdvancedCombatDemo/Content/ACS_BP/Characters/Player/PC_PlayerController.uexp" 4234
"C:/Users/user/Documents/Unreal Projects/AdvancedCombatDemo/Content/Input/IA_Look.uasset" 4235
"C:/Users/user/Documents/Unreal Projects/AdvancedCombatDemo/Content/Input/IA_Look.uexp" 4236
"C:/Users/user/Documents/Unreal Projects/AdvancedCombatDemo/Content/ACS_BP/UI/Weapons/Ammo/WeaponAmmo.uasset" 4237
"C:/Users/user/Documents/Unreal Projects/AdvancedCombatDemo/Content/ACS_BP/UI/Weapons/Ammo/WeaponAmmo.uexp" 4238
"C:/Users/user/Documents/Unreal Projects/AdvancedCombatDemo/Content/ACS_BP/UI/Mods/ModificationButton.uasset" 4239
"C:/Users/user/Documents/Unreal Projects/AdvancedCombatDemo/Content/ACS_BP/UI/Mods/ModificationButton.uexp" 4240
"C:/Users/user/Documents/Unreal Projects/AdvancedCombatDemo/Content/ACS_BP/UI/Mods/ModificationsList.uasset" 4241
"C:/Users/user/Documents/Unreal Projects/AdvancedCombatDemo/Content/ACS_BP/UI/Mods/ModificationsList.uexp" 4242
"C:/Users/user/Documents/Unreal Projects/AdvancedCombatDemo/Content/ACS_BP/UI/Mods/ModificationsContainer.uasset" 4243
"C:/Users/user/Documents/Unreal Projects/AdvancedCombatDemo/Content/ACS_BP/UI/Mods/ModificationsContainer.uexp" 4244
"../../../Engine/Content/Functions/UserInterface/GetUserInterfaceUV.uasset" 4245
"../../../Engine/Content/Functions/UserInterface/GetUserInterfaceUV.uexp" 4246
"C:/Users/user/Documents/Unreal Projects/AdvancedCombatDemo/Content/ACS_BP/UI/Weapons/Cooldown/M_ColldownProgressBar.uasset" 4247
"C:/Users/user/Documents/Unreal Projects/AdvancedCombatDemo/Content/ACS_BP/UI/Weapons/Cooldown/M_ColldownProgressBar.uexp" 4248
"C:/Users/user/Documents/Unreal Projects/AdvancedCombatDemo/Content/ACS_BP/UI/Weapons/Cooldown/M_ColldownProgressBar_Inst.uasset" 4249
"C:/Users/user/Documents/Unreal Projects/AdvancedCombatDemo/Content/ACS_BP/UI/Weapons/Cooldown/M_ColldownProgressBar_Inst.uexp" 4250
"C:/Users/user/Documents/Unreal Projects/AdvancedCombatDemo/Content/ACS_BP/UI/Weapons/Cooldown/CooldownVisualizer.uasset" 4251
"C:/Users/user/Documents/Unreal Projects/AdvancedCombatDemo/Content/ACS_BP/UI/Weapons/Cooldown/CooldownVisualizer.uexp" 4252
"C:/Users/user/Documents/Unreal Projects/AdvancedCombatDemo/Content/ACS_BP/UI/Pool/WD_PoolContainer.uasset" 4253
"C:/Users/user/Documents/Unreal Projects/AdvancedCombatDemo/Content/ACS_BP/UI/Pool/WD_PoolContainer.uexp" 4254
"C:/Users/user/Documents/Unreal Projects/AdvancedCombatDemo/Content/ACS_BP/UI/Weapons/Ammo/AmmoAmount.uasset" 4255
"C:/Users/user/Documents/Unreal Projects/AdvancedCombatDemo/Content/ACS_BP/UI/Weapons/Ammo/AmmoAmount.uexp" 4256
"C:/Users/user/Documents/Unreal Projects/AdvancedCombatDemo/Content/ACS_BP/UI/Weapons/Ammo/AmmoGroup.uasset" 4257
"C:/Users/user/Documents/Unreal Projects/AdvancedCombatDemo/Content/ACS_BP/UI/Weapons/Ammo/AmmoGroup.uexp" 4258
"C:/Users/user/Documents/Unreal Projects/AdvancedCombatDemo/Content/ACS_BP/UI/MainUI.uasset" 4259
"C:/Users/user/Documents/Unreal Projects/AdvancedCombatDemo/Content/ACS_BP/UI/MainUI.uexp" 4260
"C:/Users/user/Documents/Unreal Projects/AdvancedCombatDemo/Content/Input/IA_Shoot.uasset" 4261
"C:/Users/user/Documents/Unreal Projects/AdvancedCombatDemo/Content/Input/IA_Shoot.uexp" 4262
"C:/Users/user/Documents/Unreal Projects/AdvancedCombatDemo/Content/Input/IA_UnJamm.uasset" 4263
"C:/Users/user/Documents/Unreal Projects/AdvancedCombatDemo/Content/Input/IA_UnJamm.uexp" 4264
"C:/Users/user/Documents/Unreal Projects/AdvancedCombatDemo/Content/Weapons/Pistol/Animations/Weap_Pistol_Reload.uasset" 4265
"C:/Users/user/Documents/Unreal Projects/AdvancedCombatDemo/Content/Weapons/Pistol/Animations/Weap_Pistol_Reload.uexp" 4266
"C:/Users/user/Documents/Unreal Projects/AdvancedCombatDemo/Content/Weapons/Shotgun/Animations/Weap_Shotgun_Reload.uasset" 4267
"C:/Users/user/Documents/Unreal Projects/AdvancedCombatDemo/Content/Weapons/Shotgun/Animations/Weap_Shotgun_Reload.uexp" 4268
"C:/Users/user/Documents/Unreal Projects/AdvancedCombatDemo/Content/Characters/Heroes/Mannequin/Animations/Actions/MM_Pistol_Reload.uasset" 4269
"C:/Users/user/Documents/Unreal Projects/AdvancedCombatDemo/Content/Characters/Heroes/Mannequin/Animations/Actions/MM_Pistol_Reload.uexp" 4270
"C:/Users/user/Documents/Unreal Projects/AdvancedCombatDemo/Content/Characters/Heroes/Mannequin/Animations/Actions/MM_Pistol_Reload_Montage.uasset" 4271
"C:/Users/user/Documents/Unreal Projects/AdvancedCombatDemo/Content/Characters/Heroes/Mannequin/Animations/Actions/MM_Pistol_Reload_Montage.uexp" 4272
"C:/Users/user/Documents/Unreal Projects/AdvancedCombatDemo/Content/Input/IA_WeaponChange.uasset" 4273
"C:/Users/user/Documents/Unreal Projects/AdvancedCombatDemo/Content/Input/IA_WeaponChange.uexp" 4274
"C:/Users/user/Documents/Unreal Projects/AdvancedCombatDemo/Content/Input/WeaponInput.uasset" 4275
"C:/Users/user/Documents/Unreal Projects/AdvancedCombatDemo/Content/Input/WeaponInput.uexp" 4276
"C:/Users/user/Documents/Unreal Projects/AdvancedCombatDemo/Content/Input/IA_Movement.uasset" 4277
"C:/Users/user/Documents/Unreal Projects/AdvancedCombatDemo/Content/Input/IA_Movement.uexp" 4278
"C:/Users/user/Documents/Unreal Projects/AdvancedCombatDemo/Content/Input/IA_Aim.uasset" 4279
"C:/Users/user/Documents/Unreal Projects/AdvancedCombatDemo/Content/Input/IA_Aim.uexp" 4280
"C:/Users/user/Documents/Unreal Projects/AdvancedCombatDemo/Content/Input/IMP_Base.uasset" 4281
"C:/Users/user/Documents/Unreal Projects/AdvancedCombatDemo/Content/Input/IMP_Base.uexp" 4282
"C:/Users/user/Documents/Unreal Projects/AdvancedCombatDemo/Content/Characters/Heroes/Mannequin/Animations/Actions/MM_Shotgun_Reload_Additive.uasset" 4283
"C:/Users/user/Documents/Unreal Projects/AdvancedCombatDemo/Content/Characters/Heroes/Mannequin/Animations/Actions/MM_Shotgun_Reload_Additive.uexp" 4284
"C:/Users/user/Documents/Unreal Projects/AdvancedCombatDemo/Content/Characters/Heroes/Mannequin/Animations/Actions/MM_Shotgun_Reload_Additive_Montage.uasset" 4285
"C:/Users/user/Documents/Unreal Projects/AdvancedCombatDemo/Content/Characters/Heroes/Mannequin/Animations/Actions/MM_Shotgun_Reload_Additive_Montage.uexp" 4286
"C:/Users/user/Documents/Unreal Projects/AdvancedCombatDemo/Content/Characters/Heroes/Mannequin/Animations/Actions/MM_Rifle_Reload_Additive.uasset" 4287
"C:/Users/user/Documents/Unreal Projects/AdvancedCombatDemo/Content/Characters/Heroes/Mannequin/Animations/Actions/MM_Rifle_Reload_Additive.uexp" 4288
"C:/Users/user/Documents/Unreal Projects/AdvancedCombatDemo/Content/Characters/Heroes/Mannequin/Animations/Actions/MM_Rifle_Reload_Additive_Montage.uasset" 4289
"C:/Users/user/Documents/Unreal Projects/AdvancedCombatDemo/Content/Characters/Heroes/Mannequin/Animations/Actions/MM_Rifle_Reload_Additive_Montage.uexp" 4290
"C:/Users/user/Documents/Unreal Projects/AdvancedCombatDemo/Content/Weapons/Rifle/Animations/Weap_Rifle_Reload.uasset" 4291
"C:/Users/user/Documents/Unreal Projects/AdvancedCombatDemo/Content/Weapons/Rifle/Animations/Weap_Rifle_Reload.uexp" 4292
"C:/Users/user/Documents/Unreal Projects/AdvancedCombatDemo/Content/ACS_BP/Characters/Player/BP_Player.uasset" 4293
"C:/Users/user/Documents/Unreal Projects/AdvancedCombatDemo/Content/ACS_BP/Characters/Player/BP_Player.uexp" 4294
"C:/Users/user/Documents/Unreal Projects/AdvancedCombatDemo/Content/ACS_BP/Characters/Player/GM_GameMode.uasset" 4295
"C:/Users/user/Documents/Unreal Projects/AdvancedCombatDemo/Content/ACS_BP/Characters/Player/GM_GameMode.uexp" 4296
"C:/Users/user/Documents/Unreal Projects/AdvancedCombatDemo/Content/NewMap_HLOD0_Instancing.uasset" 4297
"C:/Users/user/Documents/Unreal Projects/AdvancedCombatDemo/Content/NewMap_HLOD0_Instancing.uexp" 4298
"C:/Users/user/Documents/Unreal Projects/AdvancedCombatDemo/Content/Map.uexp" 4299
"C:/Users/user/Documents/Unreal Projects/AdvancedCombatDemo/Content/Map.ubulk" 4300
"C:/Users/user/Documents/Unreal Projects/AdvancedCombatDemo/Content/Map.umap" 4301
"../../../Engine/Content/BasicShapes/Plane.ubulk" 4302
"../../../Engine/Content/BasicShapes/Plane.uasset" 4303
"../../../Engine/Content/BasicShapes/Plane.uexp" 4304
"C:/Users/user/Documents/Unreal Projects/AdvancedCombatDemo/Content/MSPresets/M_MS_Surface_Material/M_MS_Surface_Material.uasset" 4305
"C:/Users/user/Documents/Unreal Projects/AdvancedCombatDemo/Content/MSPresets/M_MS_Surface_Material/M_MS_Surface_Material.uexp" 4306
"C:/Users/user/Documents/Unreal Projects/AdvancedCombatDemo/Content/Megascans/Surfaces/Detailed_Mossy_Rock_Texture_xicmef1r/T_DetailedMossyRockTexture_xicmef1r_2K_ORDp.ubulk" 4307
"C:/Users/user/Documents/Unreal Projects/AdvancedCombatDemo/Content/Megascans/Surfaces/Detailed_Mossy_Rock_Texture_xicmef1r/T_DetailedMossyRockTexture_xicmef1r_2K_ORDp.uasset" 4308
"C:/Users/user/Documents/Unreal Projects/AdvancedCombatDemo/Content/Megascans/Surfaces/Detailed_Mossy_Rock_Texture_xicmef1r/T_DetailedMossyRockTexture_xicmef1r_2K_ORDp.uexp" 4309
"C:/Users/user/Documents/Unreal Projects/AdvancedCombatDemo/Content/Megascans/Surfaces/Detailed_Mossy_Rock_Texture_xicmef1r/T_Detailed_Mossy_Rock_Texture_xicmef1r_2K_N.ubulk" 4310
"C:/Users/user/Documents/Unreal Projects/AdvancedCombatDemo/Content/Megascans/Surfaces/Detailed_Mossy_Rock_Texture_xicmef1r/T_Detailed_Mossy_Rock_Texture_xicmef1r_2K_N.uasset" 4311
"C:/Users/user/Documents/Unreal Projects/AdvancedCombatDemo/Content/Megascans/Surfaces/Detailed_Mossy_Rock_Texture_xicmef1r/T_Detailed_Mossy_Rock_Texture_xicmef1r_2K_N.uexp" 4312
"C:/Users/user/Documents/Unreal Projects/AdvancedCombatDemo/Content/Megascans/Surfaces/Detailed_Mossy_Rock_Texture_xicmef1r/T_Detailed_Mossy_Rock_Texture_xicmef1r_2K_D.ubulk" 4313
"C:/Users/user/Documents/Unreal Projects/AdvancedCombatDemo/Content/Megascans/Surfaces/Detailed_Mossy_Rock_Texture_xicmef1r/T_Detailed_Mossy_Rock_Texture_xicmef1r_2K_D.uasset" 4314
"C:/Users/user/Documents/Unreal Projects/AdvancedCombatDemo/Content/Megascans/Surfaces/Detailed_Mossy_Rock_Texture_xicmef1r/T_Detailed_Mossy_Rock_Texture_xicmef1r_2K_D.uexp" 4315
"C:/Users/user/Documents/Unreal Projects/AdvancedCombatDemo/Content/VFX/Grass/PM_Grass.uasset" 4316
"C:/Users/user/Documents/Unreal Projects/AdvancedCombatDemo/Content/VFX/Grass/PM_Grass.uexp" 4317
"C:/Users/user/Documents/Unreal Projects/AdvancedCombatDemo/Content/Megascans/Surfaces/Detailed_Mossy_Rock_Texture_xicmef1r/MI_Detailed_Mossy_Rock_Texture_xicmef1r_2K.uasset" 4318
"C:/Users/user/Documents/Unreal Projects/AdvancedCombatDemo/Content/Megascans/Surfaces/Detailed_Mossy_Rock_Texture_xicmef1r/MI_Detailed_Mossy_Rock_Texture_xicmef1r_2K.uexp" 4319
"C:/Users/user/Documents/Unreal Projects/AdvancedCombatDemo/Content/Global/DemoRoom/Materials/Textures/T_GrungySurface_slnneipc_4K_MR.ubulk" 4320
"C:/Users/user/Documents/Unreal Projects/AdvancedCombatDemo/Content/Global/DemoRoom/Materials/Textures/T_GrungySurface_slnneipc_4K_MR.uasset" 4321
"C:/Users/user/Documents/Unreal Projects/AdvancedCombatDemo/Content/Global/DemoRoom/Materials/Textures/T_GrungySurface_slnneipc_4K_MR.uexp" 4322
"../../../Engine/Content/Functions/Engine_MaterialFunctions01/Gradient/BoxMask-2D.uasset" 4323
"../../../Engine/Content/Functions/Engine_MaterialFunctions01/Gradient/BoxMask-2D.uexp" 4324
"../../../Engine/Content/OpenWorldTemplate/LandscapeMaterial/MF_RSquareGradient.uasset" 4325
"../../../Engine/Content/OpenWorldTemplate/LandscapeMaterial/MF_RSquareGradient.uexp" 4326
"C:/Users/user/Documents/Unreal Projects/AdvancedCombatDemo/Content/Global/DemoRoom/Materials/M_Tile.uasset" 4327
"C:/Users/user/Documents/Unreal Projects/AdvancedCombatDemo/Content/Global/DemoRoom/Materials/M_Tile.uexp" 4328
"C:/Users/user/Documents/Unreal Projects/AdvancedCombatDemo/Content/Global/DemoRoom/Materials/MI_TileBlack.uasset" 4329
"C:/Users/user/Documents/Unreal Projects/AdvancedCombatDemo/Content/Global/DemoRoom/Materials/MI_TileBlack.uexp" 4330
"C:/Users/user/Documents/Unreal Projects/AdvancedCombatDemo/Content/Global/DemoRoom/Materials/M_Glow.uasset" 4331
"C:/Users/user/Documents/Unreal Projects/AdvancedCombatDemo/Content/Global/DemoRoom/Materials/M_Glow.uexp" 4332
"C:/Users/user/Documents/Unreal Projects/AdvancedCombatDemo/Content/Global/DemoRoom/Materials/M_Tile_Glossy.uasset" 4333
"C:/Users/user/Documents/Unreal Projects/AdvancedCombatDemo/Content/Global/DemoRoom/Materials/M_Tile_Glossy.uexp" 4334
"C:/Users/user/Documents/Unreal Projects/AdvancedCombatDemo/Content/Global/DemoRoom/Meshes/ShadowBox_1MPanel.ubulk" 4335
"C:/Users/user/Documents/Unreal Projects/AdvancedCombatDemo/Content/Global/DemoRoom/Meshes/ShadowBox_1MPanel.uasset" 4336
"C:/Users/user/Documents/Unreal Projects/AdvancedCombatDemo/Content/Global/DemoRoom/Meshes/ShadowBox_1MPanel.uexp" 4337
"C:/Users/user/Documents/Unreal Projects/AdvancedCombatDemo/Content/Global/DemoRoom/Meshes/ShadowBox_RoundEdge.ubulk" 4338
"C:/Users/user/Documents/Unreal Projects/AdvancedCombatDemo/Content/Global/DemoRoom/Meshes/ShadowBox_RoundEdge.uasset" 4339
"C:/Users/user/Documents/Unreal Projects/AdvancedCombatDemo/Content/Global/DemoRoom/Meshes/ShadowBox_RoundEdge.uexp" 4340
"C:/Users/user/Documents/Unreal Projects/AdvancedCombatDemo/Content/Global/DemoRoom/Misc/S_Colour.uasset" 4341
"C:/Users/user/Documents/Unreal Projects/AdvancedCombatDemo/Content/Global/DemoRoom/Misc/S_Colour.uexp" 4342
"C:/Users/user/Documents/Unreal Projects/AdvancedCombatDemo/Content/Global/DemoRoom/Materials/M_Metal.uasset" 4343
"C:/Users/user/Documents/Unreal Projects/AdvancedCombatDemo/Content/Global/DemoRoom/Materials/M_Metal.uexp" 4344
"C:/Users/user/Documents/Unreal Projects/AdvancedCombatDemo/Content/Global/DemoRoom/Meshes/TagBar_TitleCap1.ubulk" 4345
"C:/Users/user/Documents/Unreal Projects/AdvancedCombatDemo/Content/Global/DemoRoom/Meshes/TagBar_TitleCap1.uasset" 4346
"C:/Users/user/Documents/Unreal Projects/AdvancedCombatDemo/Content/Global/DemoRoom/Meshes/TagBar_TitleCap1.uexp" 4347
"C:/Users/user/Documents/Unreal Projects/AdvancedCombatDemo/Content/Global/DemoRoom/Meshes/TagBar_TitleCap.ubulk" 4348
"C:/Users/user/Documents/Unreal Projects/AdvancedCombatDemo/Content/Global/DemoRoom/Meshes/TagBar_TitleCap.uasset" 4349
"C:/Users/user/Documents/Unreal Projects/AdvancedCombatDemo/Content/Global/DemoRoom/Meshes/TagBar_TitleCap.uexp" 4350
"C:/Users/user/Documents/Unreal Projects/AdvancedCombatDemo/Content/Global/DemoRoom/Misc/DT_Colourways.uasset" 4351
"C:/Users/user/Documents/Unreal Projects/AdvancedCombatDemo/Content/Global/DemoRoom/Misc/DT_Colourways.uexp" 4352
"C:/Users/user/Documents/Unreal Projects/AdvancedCombatDemo/Content/Global/DemoRoom/Materials/M_Display.uasset" 4353
"C:/Users/user/Documents/Unreal Projects/AdvancedCombatDemo/Content/Global/DemoRoom/Materials/M_Display.uexp" 4354
"C:/Users/user/Documents/Unreal Projects/AdvancedCombatDemo/Content/Global/DemoRoom/Meshes/Display_Curve_B.ubulk" 4355
"C:/Users/user/Documents/Unreal Projects/AdvancedCombatDemo/Content/Global/DemoRoom/Meshes/Display_Curve_B.uasset" 4356
"C:/Users/user/Documents/Unreal Projects/AdvancedCombatDemo/Content/Global/DemoRoom/Meshes/Display_Curve_B.uexp" 4357
"C:/Users/user/Documents/Unreal Projects/AdvancedCombatDemo/Content/Global/DemoRoom/Meshes/TagBar_Middle.ubulk" 4358
"C:/Users/user/Documents/Unreal Projects/AdvancedCombatDemo/Content/Global/DemoRoom/Meshes/TagBar_Middle.uasset" 4359
"C:/Users/user/Documents/Unreal Projects/AdvancedCombatDemo/Content/Global/DemoRoom/Meshes/TagBar_Middle.uexp" 4360
"C:/Users/user/Documents/Unreal Projects/AdvancedCombatDemo/Content/Global/DemoRoom/Meshes/Display_Main_B.ubulk" 4361
"C:/Users/user/Documents/Unreal Projects/AdvancedCombatDemo/Content/Global/DemoRoom/Meshes/Display_Main_B.uasset" 4362
"C:/Users/user/Documents/Unreal Projects/AdvancedCombatDemo/Content/Global/DemoRoom/Meshes/Display_Main_B.uexp" 4363
"C:/Users/user/Documents/Unreal Projects/AdvancedCombatDemo/Content/Global/DemoRoom/Materials/MI_Display_Blue.uasset" 4364
"C:/Users/user/Documents/Unreal Projects/AdvancedCombatDemo/Content/Global/DemoRoom/Materials/MI_Display_Blue.uexp" 4365
"C:/Users/user/Documents/Unreal Projects/AdvancedCombatDemo/Content/Global/DemoRoom/Meshes/Display_EdgeCurve_B.ubulk" 4366
"C:/Users/user/Documents/Unreal Projects/AdvancedCombatDemo/Content/Global/DemoRoom/Meshes/Display_EdgeCurve_B.uasset" 4367
"C:/Users/user/Documents/Unreal Projects/AdvancedCombatDemo/Content/Global/DemoRoom/Meshes/Display_EdgeCurve_B.uexp" 4368
"../../../Engine/Content/EngineLightProfiles/180Degree_IES.uasset" 4369
"../../../Engine/Content/EngineLightProfiles/180Degree_IES.uexp" 4370
"C:/Users/user/Documents/Unreal Projects/AdvancedCombatDemo/Content/Global/DemoRoom/Meshes/Display_Corner_B.ubulk" 4371
"C:/Users/user/Documents/Unreal Projects/AdvancedCombatDemo/Content/Global/DemoRoom/Meshes/Display_Corner_B.uasset" 4372
"C:/Users/user/Documents/Unreal Projects/AdvancedCombatDemo/Content/Global/DemoRoom/Meshes/Display_Corner_B.uexp" 4373
"C:/Users/user/Documents/Unreal Projects/AdvancedCombatDemo/Content/Global/DemoRoom/Meshes/ShadowBox_1MPanel2.ubulk" 4374
"C:/Users/user/Documents/Unreal Projects/AdvancedCombatDemo/Content/Global/DemoRoom/Meshes/ShadowBox_1MPanel2.uasset" 4375
"C:/Users/user/Documents/Unreal Projects/AdvancedCombatDemo/Content/Global/DemoRoom/Meshes/ShadowBox_1MPanel2.uexp" 4376
"C:/Users/user/Documents/Unreal Projects/AdvancedCombatDemo/Content/Global/DemoRoom/Meshes/Display_Side_B.ubulk" 4377
"C:/Users/user/Documents/Unreal Projects/AdvancedCombatDemo/Content/Global/DemoRoom/Meshes/Display_Side_B.uasset" 4378
"C:/Users/user/Documents/Unreal Projects/AdvancedCombatDemo/Content/Global/DemoRoom/Meshes/Display_Side_B.uexp" 4379
"C:/Users/user/Documents/Unreal Projects/AdvancedCombatDemo/Content/Global/DemoRoom/Blueprints/BP_DemoDisplay.uasset" 4380
"C:/Users/user/Documents/Unreal Projects/AdvancedCombatDemo/Content/Global/DemoRoom/Blueprints/BP_DemoDisplay.uexp" 4381
"C:/Users/user/Documents/Unreal Projects/AdvancedCombatDemo/Content/Megascans/Surfaces/Dirty_Concrete_Ceiling_xeokfboga/T_DirtyConcreteCeiling_xeokfboga_2K_ORDp.ubulk" 4382
"C:/Users/user/Documents/Unreal Projects/AdvancedCombatDemo/Content/Megascans/Surfaces/Dirty_Concrete_Ceiling_xeokfboga/T_DirtyConcreteCeiling_xeokfboga_2K_ORDp.uasset" 4383
"C:/Users/user/Documents/Unreal Projects/AdvancedCombatDemo/Content/Megascans/Surfaces/Dirty_Concrete_Ceiling_xeokfboga/T_DirtyConcreteCeiling_xeokfboga_2K_ORDp.uexp" 4384
"C:/Users/user/Documents/Unreal Projects/AdvancedCombatDemo/Content/Megascans/Surfaces/Dirty_Concrete_Ceiling_xeokfboga/T_Dirty_Concrete_Ceiling_xeokfboga_2K_D.ubulk" 4385
"C:/Users/user/Documents/Unreal Projects/AdvancedCombatDemo/Content/Megascans/Surfaces/Dirty_Concrete_Ceiling_xeokfboga/T_Dirty_Concrete_Ceiling_xeokfboga_2K_D.uasset" 4386
"C:/Users/user/Documents/Unreal Projects/AdvancedCombatDemo/Content/Megascans/Surfaces/Dirty_Concrete_Ceiling_xeokfboga/T_Dirty_Concrete_Ceiling_xeokfboga_2K_D.uexp" 4387
"C:/Users/user/Documents/Unreal Projects/AdvancedCombatDemo/Content/VFX/Concrete/PM_Concrete.uasset" 4388
"C:/Users/user/Documents/Unreal Projects/AdvancedCombatDemo/Content/VFX/Concrete/PM_Concrete.uexp" 4389
"C:/Users/user/Documents/Unreal Projects/AdvancedCombatDemo/Content/Megascans/Surfaces/Dirty_Concrete_Ceiling_xeokfboga/T_Dirty_Concrete_Ceiling_xeokfboga_2K_N.ubulk" 4390
"C:/Users/user/Documents/Unreal Projects/AdvancedCombatDemo/Content/Megascans/Surfaces/Dirty_Concrete_Ceiling_xeokfboga/T_Dirty_Concrete_Ceiling_xeokfboga_2K_N.uasset" 4391
"C:/Users/user/Documents/Unreal Projects/AdvancedCombatDemo/Content/Megascans/Surfaces/Dirty_Concrete_Ceiling_xeokfboga/T_Dirty_Concrete_Ceiling_xeokfboga_2K_N.uexp" 4392
"C:/Users/user/Documents/Unreal Projects/AdvancedCombatDemo/Content/Megascans/Surfaces/Dirty_Concrete_Ceiling_xeokfboga/MI_Dirty_Concrete_Ceiling_xeokfboga_2K.uasset" 4393
"C:/Users/user/Documents/Unreal Projects/AdvancedCombatDemo/Content/Megascans/Surfaces/Dirty_Concrete_Ceiling_xeokfboga/MI_Dirty_Concrete_Ceiling_xeokfboga_2K.uexp" 4394
"C:/Users/user/Documents/Unreal Projects/AdvancedCombatDemo/Content/Megascans/Surfaces/Studded_Leather_tlooadar/T_Studded_Leather_tlooadar_2K_D.ubulk" 4395
"C:/Users/user/Documents/Unreal Projects/AdvancedCombatDemo/Content/Megascans/Surfaces/Studded_Leather_tlooadar/T_Studded_Leather_tlooadar_2K_D.uasset" 4396
"C:/Users/user/Documents/Unreal Projects/AdvancedCombatDemo/Content/Megascans/Surfaces/Studded_Leather_tlooadar/T_Studded_Leather_tlooadar_2K_D.uexp" 4397
"C:/Users/user/Documents/Unreal Projects/AdvancedCombatDemo/Content/Megascans/Surfaces/Studded_Leather_tlooadar/T_Studded_Leather_tlooadar_2K_N.ubulk" 4398
"C:/Users/user/Documents/Unreal Projects/AdvancedCombatDemo/Content/Megascans/Surfaces/Studded_Leather_tlooadar/T_Studded_Leather_tlooadar_2K_N.uasset" 4399
"C:/Users/user/Documents/Unreal Projects/AdvancedCombatDemo/Content/Megascans/Surfaces/Studded_Leather_tlooadar/T_Studded_Leather_tlooadar_2K_N.uexp" 4400
"C:/Users/user/Documents/Unreal Projects/AdvancedCombatDemo/Content/Megascans/Surfaces/Studded_Leather_tlooadar/T_StuddedLeather_tlooadar_2K_ORDp.ubulk" 4401
"C:/Users/user/Documents/Unreal Projects/AdvancedCombatDemo/Content/Megascans/Surfaces/Studded_Leather_tlooadar/T_StuddedLeather_tlooadar_2K_ORDp.uasset" 4402
"C:/Users/user/Documents/Unreal Projects/AdvancedCombatDemo/Content/Megascans/Surfaces/Studded_Leather_tlooadar/T_StuddedLeather_tlooadar_2K_ORDp.uexp" 4403
"C:/Users/user/Documents/Unreal Projects/AdvancedCombatDemo/Content/VFX/Leather/PM_Leather.uasset" 4404
"C:/Users/user/Documents/Unreal Projects/AdvancedCombatDemo/Content/VFX/Leather/PM_Leather.uexp" 4405
"C:/Users/user/Documents/Unreal Projects/AdvancedCombatDemo/Content/Megascans/Surfaces/Studded_Leather_tlooadar/MI_Studded_Leather_tlooadar_2K.uasset" 4406
"C:/Users/user/Documents/Unreal Projects/AdvancedCombatDemo/Content/Megascans/Surfaces/Studded_Leather_tlooadar/MI_Studded_Leather_tlooadar_2K.uexp" 4407
"C:/Users/user/Documents/Unreal Projects/AdvancedCombatDemo/Content/ACS_BP/Game/EnemyRespanw.uasset" 4408
"C:/Users/user/Documents/Unreal Projects/AdvancedCombatDemo/Content/ACS_BP/Game/EnemyRespanw.uexp" 4409
"C:/Users/user/Documents/Unreal Projects/AdvancedCombatDemo/Content/Megascans/Surfaces/Rusty_Shipping_Container_vl3iaiedy/T_Rusty_Shipping_Container_vl3iaiedy_2K_D.ubulk" 4410
"C:/Users/user/Documents/Unreal Projects/AdvancedCombatDemo/Content/Megascans/Surfaces/Rusty_Shipping_Container_vl3iaiedy/T_Rusty_Shipping_Container_vl3iaiedy_2K_D.uasset" 4411
"C:/Users/user/Documents/Unreal Projects/AdvancedCombatDemo/Content/Megascans/Surfaces/Rusty_Shipping_Container_vl3iaiedy/T_Rusty_Shipping_Container_vl3iaiedy_2K_D.uexp" 4412
"C:/Users/user/Documents/Unreal Projects/AdvancedCombatDemo/Content/Megascans/Surfaces/Rusty_Shipping_Container_vl3iaiedy/T_Rusty_Shipping_Container_vl3iaiedy_2K_N.ubulk" 4413
"C:/Users/user/Documents/Unreal Projects/AdvancedCombatDemo/Content/Megascans/Surfaces/Rusty_Shipping_Container_vl3iaiedy/T_Rusty_Shipping_Container_vl3iaiedy_2K_N.uasset" 4414
"C:/Users/user/Documents/Unreal Projects/AdvancedCombatDemo/Content/Megascans/Surfaces/Rusty_Shipping_Container_vl3iaiedy/T_Rusty_Shipping_Container_vl3iaiedy_2K_N.uexp" 4415
"C:/Users/user/Documents/Unreal Projects/AdvancedCombatDemo/Content/Megascans/Surfaces/Rusty_Shipping_Container_vl3iaiedy/T_RustyShippingContainer_vl3iaiedy_2K_ORDp.ubulk" 4416
"C:/Users/user/Documents/Unreal Projects/AdvancedCombatDemo/Content/Megascans/Surfaces/Rusty_Shipping_Container_vl3iaiedy/T_RustyShippingContainer_vl3iaiedy_2K_ORDp.uasset" 4417
"C:/Users/user/Documents/Unreal Projects/AdvancedCombatDemo/Content/Megascans/Surfaces/Rusty_Shipping_Container_vl3iaiedy/T_RustyShippingContainer_vl3iaiedy_2K_ORDp.uexp" 4418
"C:/Users/user/Documents/Unreal Projects/AdvancedCombatDemo/Content/VFX/Metal/PM_Metal.uasset" 4419
"C:/Users/user/Documents/Unreal Projects/AdvancedCombatDemo/Content/VFX/Metal/PM_Metal.uexp" 4420
"C:/Users/user/Documents/Unreal Projects/AdvancedCombatDemo/Content/Megascans/Surfaces/Rusty_Shipping_Container_vl3iaiedy/MI_Rusty_Shipping_Container_vl3iaiedy_2K.uasset" 4421
"C:/Users/user/Documents/Unreal Projects/AdvancedCombatDemo/Content/Megascans/Surfaces/Rusty_Shipping_Container_vl3iaiedy/MI_Rusty_Shipping_Container_vl3iaiedy_2K.uexp" 4422
"C:/Users/user/Documents/Unreal Projects/AdvancedCombatDemo/Content/Megascans/Surfaces/Rippled_Sand_xd0mda1/T_Rippled_Sand_xd0mda1_2K_N.ubulk" 4423
"C:/Users/user/Documents/Unreal Projects/AdvancedCombatDemo/Content/Megascans/Surfaces/Rippled_Sand_xd0mda1/T_Rippled_Sand_xd0mda1_2K_N.uasset" 4424
"C:/Users/user/Documents/Unreal Projects/AdvancedCombatDemo/Content/Megascans/Surfaces/Rippled_Sand_xd0mda1/T_Rippled_Sand_xd0mda1_2K_N.uexp" 4425
"C:/Users/user/Documents/Unreal Projects/AdvancedCombatDemo/Content/VFX/Sand/PM_Sand.uasset" 4426
"C:/Users/user/Documents/Unreal Projects/AdvancedCombatDemo/Content/VFX/Sand/PM_Sand.uexp" 4427
"C:/Users/user/Documents/Unreal Projects/AdvancedCombatDemo/Content/Megascans/Surfaces/Rippled_Sand_xd0mda1/T_RippledSand_xd0mda1_2K_ORDp.ubulk" 4428
"C:/Users/user/Documents/Unreal Projects/AdvancedCombatDemo/Content/Megascans/Surfaces/Rippled_Sand_xd0mda1/T_RippledSand_xd0mda1_2K_ORDp.uasset" 4429
"C:/Users/user/Documents/Unreal Projects/AdvancedCombatDemo/Content/Megascans/Surfaces/Rippled_Sand_xd0mda1/T_RippledSand_xd0mda1_2K_ORDp.uexp" 4430
"C:/Users/user/Documents/Unreal Projects/AdvancedCombatDemo/Content/Megascans/Surfaces/Rippled_Sand_xd0mda1/T_Rippled_Sand_xd0mda1_2K_D.ubulk" 4431
"C:/Users/user/Documents/Unreal Projects/AdvancedCombatDemo/Content/Megascans/Surfaces/Rippled_Sand_xd0mda1/T_Rippled_Sand_xd0mda1_2K_D.uasset" 4432
"C:/Users/user/Documents/Unreal Projects/AdvancedCombatDemo/Content/Megascans/Surfaces/Rippled_Sand_xd0mda1/T_Rippled_Sand_xd0mda1_2K_D.uexp" 4433
"C:/Users/user/Documents/Unreal Projects/AdvancedCombatDemo/Content/Megascans/Surfaces/Rippled_Sand_xd0mda1/MI_Rippled_Sand_xd0mda1_2K.uasset" 4434
"C:/Users/user/Documents/Unreal Projects/AdvancedCombatDemo/Content/Megascans/Surfaces/Rippled_Sand_xd0mda1/MI_Rippled_Sand_xd0mda1_2K.uexp" 4435
"C:/Users/user/Documents/Unreal Projects/AdvancedCombatDemo/Content/Global/DemoRoom/Meshes/Tile_10MWall.ubulk" 4436
"C:/Users/user/Documents/Unreal Projects/AdvancedCombatDemo/Content/Global/DemoRoom/Meshes/Tile_10MWall.uasset" 4437
"C:/Users/user/Documents/Unreal Projects/AdvancedCombatDemo/Content/Global/DemoRoom/Meshes/Tile_10MWall.uexp" 4438
"C:/Users/user/Documents/Unreal Projects/AdvancedCombatDemo/Content/Global/DemoRoom/Meshes/Tile_InnerCurveEdge2.ubulk" 4439
"C:/Users/user/Documents/Unreal Projects/AdvancedCombatDemo/Content/Global/DemoRoom/Meshes/Tile_InnerCurveEdge2.uasset" 4440
"C:/Users/user/Documents/Unreal Projects/AdvancedCombatDemo/Content/Global/DemoRoom/Meshes/Tile_InnerCurveEdge2.uexp" 4441
"C:/Users/user/Documents/Unreal Projects/AdvancedCombatDemo/Content/Global/DemoRoom/Meshes/Splitter_Wall2.ubulk" 4442
"C:/Users/user/Documents/Unreal Projects/AdvancedCombatDemo/Content/Global/DemoRoom/Meshes/Splitter_Wall2.uasset" 4443
"C:/Users/user/Documents/Unreal Projects/AdvancedCombatDemo/Content/Global/DemoRoom/Meshes/Splitter_Wall2.uexp" 4444
"C:/Users/user/Documents/Unreal Projects/AdvancedCombatDemo/Content/Global/DemoRoom/Meshes/Tile_10MPillar.ubulk" 4445
"C:/Users/user/Documents/Unreal Projects/AdvancedCombatDemo/Content/Global/DemoRoom/Meshes/Tile_10MPillar.uasset" 4446
"C:/Users/user/Documents/Unreal Projects/AdvancedCombatDemo/Content/Global/DemoRoom/Meshes/Tile_10MPillar.uexp" 4447
"C:/Users/user/Documents/Unreal Projects/AdvancedCombatDemo/Content/Global/DemoRoom/Meshes/Tile_Edge.ubulk" 4448
"C:/Users/user/Documents/Unreal Projects/AdvancedCombatDemo/Content/Global/DemoRoom/Meshes/Tile_Edge.uasset" 4449
"C:/Users/user/Documents/Unreal Projects/AdvancedCombatDemo/Content/Global/DemoRoom/Meshes/Tile_Edge.uexp" 4450
"C:/Users/user/Documents/Unreal Projects/AdvancedCombatDemo/Content/Global/DemoRoom/Meshes/Tile_InnerCurve_B.ubulk" 4451
"C:/Users/user/Documents/Unreal Projects/AdvancedCombatDemo/Content/Global/DemoRoom/Meshes/Tile_InnerCurve_B.uasset" 4452
"C:/Users/user/Documents/Unreal Projects/AdvancedCombatDemo/Content/Global/DemoRoom/Meshes/Tile_InnerCurve_B.uexp" 4453
"C:/Users/user/Documents/Unreal Projects/AdvancedCombatDemo/Content/Global/DemoRoom/Materials/M_Tile_Grey.uasset" 4454
"C:/Users/user/Documents/Unreal Projects/AdvancedCombatDemo/Content/Global/DemoRoom/Materials/M_Tile_Grey.uexp" 4455
"C:/Users/user/Documents/Unreal Projects/AdvancedCombatDemo/Content/Global/DemoRoom/Meshes/TrimFeature_MetalTrim_Bend.ubulk" 4456
"C:/Users/user/Documents/Unreal Projects/AdvancedCombatDemo/Content/Global/DemoRoom/Meshes/TrimFeature_MetalTrim_Bend.uasset" 4457
"C:/Users/user/Documents/Unreal Projects/AdvancedCombatDemo/Content/Global/DemoRoom/Meshes/TrimFeature_MetalTrim_Bend.uexp" 4458
"C:/Users/user/Documents/Unreal Projects/AdvancedCombatDemo/Content/Global/DemoRoom/Misc/E_EnclosureLevel.uasset" 4459
"C:/Users/user/Documents/Unreal Projects/AdvancedCombatDemo/Content/Global/DemoRoom/Misc/E_EnclosureLevel.uexp" 4460
"C:/Users/user/Documents/Unreal Projects/AdvancedCombatDemo/Content/Global/DemoRoom/Meshes/Tile_InnerCurveEdge.ubulk" 4461
"C:/Users/user/Documents/Unreal Projects/AdvancedCombatDemo/Content/Global/DemoRoom/Meshes/Tile_InnerCurveEdge.uasset" 4462
"C:/Users/user/Documents/Unreal Projects/AdvancedCombatDemo/Content/Global/DemoRoom/Meshes/Tile_InnerCurveEdge.uexp" 4463
"C:/Users/user/Documents/Unreal Projects/AdvancedCombatDemo/Content/Global/DemoRoom/Materials/M_Tile_2.uasset" 4464
"C:/Users/user/Documents/Unreal Projects/AdvancedCombatDemo/Content/Global/DemoRoom/Materials/M_Tile_2.uexp" 4465
"C:/Users/user/Documents/Unreal Projects/AdvancedCombatDemo/Content/Global/DemoRoom/Materials/MI_Tile_Ceiling.uasset" 4466
"C:/Users/user/Documents/Unreal Projects/AdvancedCombatDemo/Content/Global/DemoRoom/Materials/MI_Tile_Ceiling.uexp" 4467
"../../../Engine/Content/Functions/Engine_MaterialFunctions02/HueShift.uasset" 4468
"../../../Engine/Content/Functions/Engine_MaterialFunctions02/HueShift.uexp" 4469
"C:/Users/user/Documents/Unreal Projects/AdvancedCombatDemo/Content/Global/DemoRoom/Materials/M_UELogo.uasset" 4470
"C:/Users/user/Documents/Unreal Projects/AdvancedCombatDemo/Content/Global/DemoRoom/Materials/M_UELogo.uexp" 4471
"C:/Users/user/Documents/Unreal Projects/AdvancedCombatDemo/Content/Global/DemoRoom/Meshes/UELogo.ubulk" 4472
"C:/Users/user/Documents/Unreal Projects/AdvancedCombatDemo/Content/Global/DemoRoom/Meshes/UELogo.uasset" 4473
"C:/Users/user/Documents/Unreal Projects/AdvancedCombatDemo/Content/Global/DemoRoom/Meshes/UELogo.uexp" 4474
"C:/Users/user/Documents/Unreal Projects/AdvancedCombatDemo/Content/Global/DemoRoom/Meshes/TrimFeature_MetalTrim_Straight.ubulk" 4475
"C:/Users/user/Documents/Unreal Projects/AdvancedCombatDemo/Content/Global/DemoRoom/Meshes/TrimFeature_MetalTrim_Straight.uasset" 4476
"C:/Users/user/Documents/Unreal Projects/AdvancedCombatDemo/Content/Global/DemoRoom/Meshes/TrimFeature_MetalTrim_Straight.uexp" 4477
"C:/Users/user/Documents/Unreal Projects/AdvancedCombatDemo/Content/Global/DemoRoom/Meshes/Floor_Corner.ubulk" 4478
"C:/Users/user/Documents/Unreal Projects/AdvancedCombatDemo/Content/Global/DemoRoom/Meshes/Floor_Corner.uasset" 4479
"C:/Users/user/Documents/Unreal Projects/AdvancedCombatDemo/Content/Global/DemoRoom/Meshes/Floor_Corner.uexp" 4480
"C:/Users/user/Documents/Unreal Projects/AdvancedCombatDemo/Content/Global/DemoRoom/Misc/E_RoomLighting.uasset" 4481
"C:/Users/user/Documents/Unreal Projects/AdvancedCombatDemo/Content/Global/DemoRoom/Misc/E_RoomLighting.uexp" 4482
"C:/Users/user/Documents/Unreal Projects/AdvancedCombatDemo/Content/Global/DemoRoom/Meshes/Splitter_Curve.ubulk" 4483
"C:/Users/user/Documents/Unreal Projects/AdvancedCombatDemo/Content/Global/DemoRoom/Meshes/Splitter_Curve.uasset" 4484
"C:/Users/user/Documents/Unreal Projects/AdvancedCombatDemo/Content/Global/DemoRoom/Meshes/Splitter_Curve.uexp" 4485
"C:/Users/user/Documents/Unreal Projects/AdvancedCombatDemo/Content/Global/DemoRoom/Misc/S_RoomSettings.uasset" 4486
"C:/Users/user/Documents/Unreal Projects/AdvancedCombatDemo/Content/Global/DemoRoom/Misc/S_RoomSettings.uexp" 4487
"C:/Users/user/Documents/Unreal Projects/AdvancedCombatDemo/Content/Global/DemoRoom/Meshes/Splitter_Wall.ubulk" 4488
"C:/Users/user/Documents/Unreal Projects/AdvancedCombatDemo/Content/Global/DemoRoom/Meshes/Splitter_Wall.uasset" 4489
"C:/Users/user/Documents/Unreal Projects/AdvancedCombatDemo/Content/Global/DemoRoom/Meshes/Splitter_Wall.uexp" 4490
"C:/Users/user/Documents/Unreal Projects/AdvancedCombatDemo/Content/Global/DemoRoom/Meshes/Floor_Edge.ubulk" 4491
"C:/Users/user/Documents/Unreal Projects/AdvancedCombatDemo/Content/Global/DemoRoom/Meshes/Floor_Edge.uasset" 4492
"C:/Users/user/Documents/Unreal Projects/AdvancedCombatDemo/Content/Global/DemoRoom/Meshes/Floor_Edge.uexp" 4493
"C:/Users/user/Documents/Unreal Projects/AdvancedCombatDemo/Content/Global/DemoRoom/Meshes/Pipe.ubulk" 4494
"C:/Users/user/Documents/Unreal Projects/AdvancedCombatDemo/Content/Global/DemoRoom/Meshes/Pipe.uasset" 4495
"C:/Users/user/Documents/Unreal Projects/AdvancedCombatDemo/Content/Global/DemoRoom/Meshes/Pipe.uexp" 4496
"C:/Users/user/Documents/Unreal Projects/AdvancedCombatDemo/Content/Global/DemoRoom/Meshes/Tile_10MPillar_B.ubulk" 4497
"C:/Users/user/Documents/Unreal Projects/AdvancedCombatDemo/Content/Global/DemoRoom/Meshes/Tile_10MPillar_B.uasset" 4498
"C:/Users/user/Documents/Unreal Projects/AdvancedCombatDemo/Content/Global/DemoRoom/Meshes/Tile_10MPillar_B.uexp" 4499
"C:/Users/user/Documents/Unreal Projects/AdvancedCombatDemo/Content/Global/DemoRoom/Blueprints/BP_DemoRoom.uasset" 4500
"C:/Users/user/Documents/Unreal Projects/AdvancedCombatDemo/Content/Global/DemoRoom/Blueprints/BP_DemoRoom.uexp" 4501
"C:/Users/user/Documents/Unreal Projects/AdvancedCombatDemo/Content/StarterContent/Textures/T_Water_N.ubulk" 4502
"C:/Users/user/Documents/Unreal Projects/AdvancedCombatDemo/Content/StarterContent/Textures/T_Water_N.uasset" 4503
"C:/Users/user/Documents/Unreal Projects/AdvancedCombatDemo/Content/StarterContent/Textures/T_Water_N.uexp" 4504
"C:/Users/user/Documents/Unreal Projects/AdvancedCombatDemo/Content/StarterContent/Textures/T_Water_M.ubulk" 4505
"C:/Users/user/Documents/Unreal Projects/AdvancedCombatDemo/Content/StarterContent/Textures/T_Water_M.uasset" 4506
"C:/Users/user/Documents/Unreal Projects/AdvancedCombatDemo/Content/StarterContent/Textures/T_Water_M.uexp" 4507
"C:/Users/user/Documents/Unreal Projects/AdvancedCombatDemo/Content/StarterContent/Textures/T_Perlin_Noise_M.ubulk" 4508
"C:/Users/user/Documents/Unreal Projects/AdvancedCombatDemo/Content/StarterContent/Textures/T_Perlin_Noise_M.uasset" 4509
"C:/Users/user/Documents/Unreal Projects/AdvancedCombatDemo/Content/StarterContent/Textures/T_Perlin_Noise_M.uexp" 4510
"C:/Users/user/Documents/Unreal Projects/AdvancedCombatDemo/Content/VFX/Water/PM_Water.uasset" 4511
"C:/Users/user/Documents/Unreal Projects/AdvancedCombatDemo/Content/VFX/Water/PM_Water.uexp" 4512
"C:/Users/user/Documents/Unreal Projects/AdvancedCombatDemo/Content/StarterContent/Materials/M_Water_Ocean.uasset" 4513
"C:/Users/user/Documents/Unreal Projects/AdvancedCombatDemo/Content/StarterContent/Materials/M_Water_Ocean.uexp" 4514
"C:/Users/user/Documents/Unreal Projects/AdvancedCombatDemo/Content/StarterContent/Textures/T_Tech_Hex_Tile_M.ubulk" 4515
"C:/Users/user/Documents/Unreal Projects/AdvancedCombatDemo/Content/StarterContent/Textures/T_Tech_Hex_Tile_M.uasset" 4516
"C:/Users/user/Documents/Unreal Projects/AdvancedCombatDemo/Content/StarterContent/Textures/T_Tech_Hex_Tile_M.uexp" 4517
"C:/Users/user/Documents/Unreal Projects/AdvancedCombatDemo/Content/StarterContent/Textures/T_Tech_Hex_Tile_N.ubulk" 4518
"C:/Users/user/Documents/Unreal Projects/AdvancedCombatDemo/Content/StarterContent/Textures/T_Tech_Hex_Tile_N.uasset" 4519
"C:/Users/user/Documents/Unreal Projects/AdvancedCombatDemo/Content/StarterContent/Textures/T_Tech_Hex_Tile_N.uexp" 4520
"C:/Users/user/Documents/Unreal Projects/AdvancedCombatDemo/Content/VFX/Electric/PM_Electric.uasset" 4521
"C:/Users/user/Documents/Unreal Projects/AdvancedCombatDemo/Content/VFX/Electric/PM_Electric.uexp" 4522
"C:/Users/user/Documents/Unreal Projects/AdvancedCombatDemo/Content/StarterContent/Textures/T_MacroVariation.uasset" 4523
"C:/Users/user/Documents/Unreal Projects/AdvancedCombatDemo/Content/StarterContent/Textures/T_MacroVariation.uexp" 4524
"C:/Users/user/Documents/Unreal Projects/AdvancedCombatDemo/Content/StarterContent/Materials/M_Tech_Hex_Tile_Pulse.uasset" 4525
"C:/Users/user/Documents/Unreal Projects/AdvancedCombatDemo/Content/StarterContent/Materials/M_Tech_Hex_Tile_Pulse.uexp" 4526
"C:/Users/user/Documents/Unreal Projects/AdvancedCombatDemo/Content/Megascans/Surfaces/Scratched_Polyvinyl_Carbonate_Plastic_sccnbdnp/T_ScratchedPolyvinylCarbonatePlastic_sccnbdnp_8K_ORDp.uexp" 4527
"C:/Users/user/Documents/Unreal Projects/AdvancedCombatDemo/Content/Megascans/Surfaces/Scratched_Polyvinyl_Carbonate_Plastic_sccnbdnp/T_ScratchedPolyvinylCarbonatePlastic_sccnbdnp_8K_ORDp.ubulk" 4528
"C:/Users/user/Documents/Unreal Projects/AdvancedCombatDemo/Content/Megascans/Surfaces/Scratched_Polyvinyl_Carbonate_Plastic_sccnbdnp/T_ScratchedPolyvinylCarbonatePlastic_sccnbdnp_8K_ORDp.uasset" 4529
"C:/Users/user/Documents/Unreal Projects/AdvancedCombatDemo/Content/Megascans/Surfaces/Scratched_Polyvinyl_Carbonate_Plastic_sccnbdnp/T_ScratchedPolyvinylCarbonatePlastic_sccnbdnp_8K_ORDp.uptnl" 4530
"C:/Users/user/Documents/Unreal Projects/AdvancedCombatDemo/Content/Megascans/Surfaces/Scratched_Polyvinyl_Carbonate_Plastic_sccnbdnp/T_Scratched_Polyvinyl_Carbonate_Plastic_sccnbdnp_8K_N.uexp" 4531
"C:/Users/user/Documents/Unreal Projects/AdvancedCombatDemo/Content/Megascans/Surfaces/Scratched_Polyvinyl_Carbonate_Plastic_sccnbdnp/T_Scratched_Polyvinyl_Carbonate_Plastic_sccnbdnp_8K_N.ubulk" 4532
"C:/Users/user/Documents/Unreal Projects/AdvancedCombatDemo/Content/Megascans/Surfaces/Scratched_Polyvinyl_Carbonate_Plastic_sccnbdnp/T_Scratched_Polyvinyl_Carbonate_Plastic_sccnbdnp_8K_N.uasset" 4533
"C:/Users/user/Documents/Unreal Projects/AdvancedCombatDemo/Content/Megascans/Surfaces/Scratched_Polyvinyl_Carbonate_Plastic_sccnbdnp/T_Scratched_Polyvinyl_Carbonate_Plastic_sccnbdnp_8K_N.uptnl" 4534
"C:/Users/user/Documents/Unreal Projects/AdvancedCombatDemo/Content/VFX/Plastic/PM_Plastic.uasset" 4535
"C:/Users/user/Documents/Unreal Projects/AdvancedCombatDemo/Content/VFX/Plastic/PM_Plastic.uexp" 4536
"C:/Users/user/Documents/Unreal Projects/AdvancedCombatDemo/Content/Megascans/Surfaces/Scratched_Polyvinyl_Carbonate_Plastic_sccnbdnp/MI_Scratched_Polyvinyl_Carbonate_Plastic_sccnbdnp_8K.uasset" 4537
"C:/Users/user/Documents/Unreal Projects/AdvancedCombatDemo/Content/Megascans/Surfaces/Scratched_Polyvinyl_Carbonate_Plastic_sccnbdnp/MI_Scratched_Polyvinyl_Carbonate_Plastic_sccnbdnp_8K.uexp" 4538
"C:/Users/user/Documents/Unreal Projects/AdvancedCombatDemo/Content/CubeNanite.ubulk" 4539
"C:/Users/user/Documents/Unreal Projects/AdvancedCombatDemo/Content/CubeNanite.uasset" 4540
"C:/Users/user/Documents/Unreal Projects/AdvancedCombatDemo/Content/CubeNanite.uexp" 4541
"C:/Users/user/Documents/Unreal Projects/AdvancedCombatDemo/Content/Maps/Tools/WallsRepetition.uasset" 4542
"C:/Users/user/Documents/Unreal Projects/AdvancedCombatDemo/Content/Maps/Tools/WallsRepetition.uexp" 4543
"C:/Users/user/Documents/Unreal Projects/AdvancedCombatDemo/Content/StarterContent/Materials/M_Glass_Inst.uasset" 4544
"C:/Users/user/Documents/Unreal Projects/AdvancedCombatDemo/Content/StarterContent/Materials/M_Glass_Inst.uexp" 4545
"C:/Users/user/Documents/Unreal Projects/AdvancedCombatDemo/Content/Megascans/Surfaces/Snow_Road_vmjgedyn/T_SnowRoad_vmjgedyn_2K_ORDp.ubulk" 4546
"C:/Users/user/Documents/Unreal Projects/AdvancedCombatDemo/Content/Megascans/Surfaces/Snow_Road_vmjgedyn/T_SnowRoad_vmjgedyn_2K_ORDp.uasset" 4547
"C:/Users/user/Documents/Unreal Projects/AdvancedCombatDemo/Content/Megascans/Surfaces/Snow_Road_vmjgedyn/T_SnowRoad_vmjgedyn_2K_ORDp.uexp" 4548
"C:/Users/user/Documents/Unreal Projects/AdvancedCombatDemo/Content/VFX/Snow/PM_Snow.uasset" 4549
"C:/Users/user/Documents/Unreal Projects/AdvancedCombatDemo/Content/VFX/Snow/PM_Snow.uexp" 4550
"C:/Users/user/Documents/Unreal Projects/AdvancedCombatDemo/Content/Megascans/Surfaces/Snow_Road_vmjgedyn/T_Snow_Road_vmjgedyn_2K_N.ubulk" 4551
"C:/Users/user/Documents/Unreal Projects/AdvancedCombatDemo/Content/Megascans/Surfaces/Snow_Road_vmjgedyn/T_Snow_Road_vmjgedyn_2K_N.uasset" 4552
"C:/Users/user/Documents/Unreal Projects/AdvancedCombatDemo/Content/Megascans/Surfaces/Snow_Road_vmjgedyn/T_Snow_Road_vmjgedyn_2K_N.uexp" 4553
"C:/Users/user/Documents/Unreal Projects/AdvancedCombatDemo/Content/Megascans/Surfaces/Snow_Road_vmjgedyn/T_Snow_Road_vmjgedyn_2K_D.ubulk" 4554
"C:/Users/user/Documents/Unreal Projects/AdvancedCombatDemo/Content/Megascans/Surfaces/Snow_Road_vmjgedyn/T_Snow_Road_vmjgedyn_2K_D.uasset" 4555
"C:/Users/user/Documents/Unreal Projects/AdvancedCombatDemo/Content/Megascans/Surfaces/Snow_Road_vmjgedyn/T_Snow_Road_vmjgedyn_2K_D.uexp" 4556
"C:/Users/user/Documents/Unreal Projects/AdvancedCombatDemo/Content/Megascans/Surfaces/Snow_Road_vmjgedyn/MI_Snow_Road_vmjgedyn_2K.uasset" 4557
"C:/Users/user/Documents/Unreal Projects/AdvancedCombatDemo/Content/Megascans/Surfaces/Snow_Road_vmjgedyn/MI_Snow_Road_vmjgedyn_2K.uexp" 4558
"C:/Users/user/Documents/Unreal Projects/AdvancedCombatDemo/Content/VFX/Wood/PM_Wood.uasset" 4559
"C:/Users/user/Documents/Unreal Projects/AdvancedCombatDemo/Content/VFX/Wood/PM_Wood.uexp" 4560
"C:/Users/user/Documents/Unreal Projects/AdvancedCombatDemo/Content/Megascans/Surfaces/Wooden_Planks_wckqdbvs/T_Wooden_Planks_wckqdbvs_2K_N.ubulk" 4561
"C:/Users/user/Documents/Unreal Projects/AdvancedCombatDemo/Content/Megascans/Surfaces/Wooden_Planks_wckqdbvs/T_Wooden_Planks_wckqdbvs_2K_N.uasset" 4562
"C:/Users/user/Documents/Unreal Projects/AdvancedCombatDemo/Content/Megascans/Surfaces/Wooden_Planks_wckqdbvs/T_Wooden_Planks_wckqdbvs_2K_N.uexp" 4563
"C:/Users/user/Documents/Unreal Projects/AdvancedCombatDemo/Content/Megascans/Surfaces/Wooden_Planks_wckqdbvs/T_WoodenPlanks_wckqdbvs_2K_ORDp.ubulk" 4564
"C:/Users/user/Documents/Unreal Projects/AdvancedCombatDemo/Content/Megascans/Surfaces/Wooden_Planks_wckqdbvs/T_WoodenPlanks_wckqdbvs_2K_ORDp.uasset" 4565
"C:/Users/user/Documents/Unreal Projects/AdvancedCombatDemo/Content/Megascans/Surfaces/Wooden_Planks_wckqdbvs/T_WoodenPlanks_wckqdbvs_2K_ORDp.uexp" 4566
"C:/Users/user/Documents/Unreal Projects/AdvancedCombatDemo/Content/Megascans/Surfaces/Wooden_Planks_wckqdbvs/T_Wooden_Planks_wckqdbvs_2K_D.ubulk" 4567
"C:/Users/user/Documents/Unreal Projects/AdvancedCombatDemo/Content/Megascans/Surfaces/Wooden_Planks_wckqdbvs/T_Wooden_Planks_wckqdbvs_2K_D.uasset" 4568
"C:/Users/user/Documents/Unreal Projects/AdvancedCombatDemo/Content/Megascans/Surfaces/Wooden_Planks_wckqdbvs/T_Wooden_Planks_wckqdbvs_2K_D.uexp" 4569
"C:/Users/user/Documents/Unreal Projects/AdvancedCombatDemo/Content/Megascans/Surfaces/Wooden_Planks_wckqdbvs/MI_Wooden_Planks_wckqdbvs_2K.uasset" 4570
"C:/Users/user/Documents/Unreal Projects/AdvancedCombatDemo/Content/Megascans/Surfaces/Wooden_Planks_wckqdbvs/MI_Wooden_Planks_wckqdbvs_2K.uexp" 4571
"C:/Users/user/Documents/Unreal Projects/AdvancedCombatDemo/Content/Megascans/Surfaces/Brick_Wall_xertbj1/T_Brick_Wall_xertbj1_2K_D.ubulk" 4572
"C:/Users/user/Documents/Unreal Projects/AdvancedCombatDemo/Content/Megascans/Surfaces/Brick_Wall_xertbj1/T_Brick_Wall_xertbj1_2K_D.uasset" 4573
"C:/Users/user/Documents/Unreal Projects/AdvancedCombatDemo/Content/Megascans/Surfaces/Brick_Wall_xertbj1/T_Brick_Wall_xertbj1_2K_D.uexp" 4574
"C:/Users/user/Documents/Unreal Projects/AdvancedCombatDemo/Content/Megascans/Surfaces/Brick_Wall_xertbj1/T_BrickWall_xertbj1_2K_ORDp.ubulk" 4575
"C:/Users/user/Documents/Unreal Projects/AdvancedCombatDemo/Content/Megascans/Surfaces/Brick_Wall_xertbj1/T_BrickWall_xertbj1_2K_ORDp.uasset" 4576
"C:/Users/user/Documents/Unreal Projects/AdvancedCombatDemo/Content/Megascans/Surfaces/Brick_Wall_xertbj1/T_BrickWall_xertbj1_2K_ORDp.uexp" 4577
"C:/Users/user/Documents/Unreal Projects/AdvancedCombatDemo/Content/VFX/Brick/PM_Brick.uasset" 4578
"C:/Users/user/Documents/Unreal Projects/AdvancedCombatDemo/Content/VFX/Brick/PM_Brick.uexp" 4579
"C:/Users/user/Documents/Unreal Projects/AdvancedCombatDemo/Content/Megascans/Surfaces/Brick_Wall_xertbj1/T_Brick_Wall_xertbj1_2K_N.ubulk" 4580
"C:/Users/user/Documents/Unreal Projects/AdvancedCombatDemo/Content/Megascans/Surfaces/Brick_Wall_xertbj1/T_Brick_Wall_xertbj1_2K_N.uasset" 4581
"C:/Users/user/Documents/Unreal Projects/AdvancedCombatDemo/Content/Megascans/Surfaces/Brick_Wall_xertbj1/T_Brick_Wall_xertbj1_2K_N.uexp" 4582
"C:/Users/user/Documents/Unreal Projects/AdvancedCombatDemo/Content/Megascans/Surfaces/Brick_Wall_xertbj1/MI_Brick_Wall_xertbj1_2K.uasset" 4583
"C:/Users/user/Documents/Unreal Projects/AdvancedCombatDemo/Content/Megascans/Surfaces/Brick_Wall_xertbj1/MI_Brick_Wall_xertbj1_2K.uexp" 4584
"C:/Users/user/Documents/Unreal Projects/AdvancedCombatDemo/Content/Megascans/Surfaces/Animal_Flesh_rczrN0/T_AnimalFlesh_rczrN0_2K_ORDp.ubulk" 4585
"C:/Users/user/Documents/Unreal Projects/AdvancedCombatDemo/Content/Megascans/Surfaces/Animal_Flesh_rczrN0/T_AnimalFlesh_rczrN0_2K_ORDp.uasset" 4586
"C:/Users/user/Documents/Unreal Projects/AdvancedCombatDemo/Content/Megascans/Surfaces/Animal_Flesh_rczrN0/T_AnimalFlesh_rczrN0_2K_ORDp.uexp" 4587
"C:/Users/user/Documents/Unreal Projects/AdvancedCombatDemo/Content/MSPresets/MSTextures/BlackPlaceholder.uasset" 4588
"C:/Users/user/Documents/Unreal Projects/AdvancedCombatDemo/Content/MSPresets/MSTextures/BlackPlaceholder.uexp" 4589
"C:/Users/user/Documents/Unreal Projects/AdvancedCombatDemo/Content/Megascans/Surfaces/Animal_Flesh_rczrN0/T_Animal_Flesh_rczrN0_2K_D.ubulk" 4590
"C:/Users/user/Documents/Unreal Projects/AdvancedCombatDemo/Content/Megascans/Surfaces/Animal_Flesh_rczrN0/T_Animal_Flesh_rczrN0_2K_D.uasset" 4591
"C:/Users/user/Documents/Unreal Projects/AdvancedCombatDemo/Content/Megascans/Surfaces/Animal_Flesh_rczrN0/T_Animal_Flesh_rczrN0_2K_D.uexp" 4592
"C:/Users/user/Documents/Unreal Projects/AdvancedCombatDemo/Content/Megascans/Surfaces/Animal_Flesh_rczrN0/T_Animal_Flesh_rczrN0_2K_N.ubulk" 4593
"C:/Users/user/Documents/Unreal Projects/AdvancedCombatDemo/Content/Megascans/Surfaces/Animal_Flesh_rczrN0/T_Animal_Flesh_rczrN0_2K_N.uasset" 4594
"C:/Users/user/Documents/Unreal Projects/AdvancedCombatDemo/Content/Megascans/Surfaces/Animal_Flesh_rczrN0/T_Animal_Flesh_rczrN0_2K_N.uexp" 4595
"C:/Users/user/Documents/Unreal Projects/AdvancedCombatDemo/Content/VFX/Flesh/PM_Flesh.uasset" 4596
"C:/Users/user/Documents/Unreal Projects/AdvancedCombatDemo/Content/VFX/Flesh/PM_Flesh.uexp" 4597
"C:/Users/user/Documents/Unreal Projects/AdvancedCombatDemo/Content/Megascans/Surfaces/Animal_Flesh_rczrN0/MI_Animal_Flesh_rczrN0_2K.uasset" 4598
"C:/Users/user/Documents/Unreal Projects/AdvancedCombatDemo/Content/Megascans/Surfaces/Animal_Flesh_rczrN0/MI_Animal_Flesh_rczrN0_2K.uexp" 4599
"C:/Users/user/Documents/Unreal Projects/AdvancedCombatDemo/Content/Maps/Demonstration.uexp" 4600
"C:/Users/user/Documents/Unreal Projects/AdvancedCombatDemo/Content/Maps/Demonstration.umap" 4601
"../../../Engine/Content/Maps/Entry_BuiltData.uasset" 4602
"../../../Engine/Content/Maps/Entry_BuiltData.uexp" 4603
"../../../Engine/Content/Maps/Entry.uexp" 4604
"../../../Engine/Content/Maps/Entry.umap" 4605
"C:/Users/user/Documents/Unreal Projects/AdvancedCombatDemo/Content/StarterContent/Textures/T_Frame_M.ubulk" 4606
"C:/Users/user/Documents/Unreal Projects/AdvancedCombatDemo/Content/StarterContent/Textures/T_Frame_M.uasset" 4607
"C:/Users/user/Documents/Unreal Projects/AdvancedCombatDemo/Content/StarterContent/Textures/T_Frame_M.uexp" 4608
"C:/Users/user/Documents/Unreal Projects/AdvancedCombatDemo/Content/StarterContent/Textures/T_Frame_N.ubulk" 4609
"C:/Users/user/Documents/Unreal Projects/AdvancedCombatDemo/Content/StarterContent/Textures/T_Frame_N.uasset" 4610
"C:/Users/user/Documents/Unreal Projects/AdvancedCombatDemo/Content/StarterContent/Textures/T_Frame_N.uexp" 4611
"C:/Users/user/Documents/Unreal Projects/AdvancedCombatDemo/Content/StarterContent/Props/Materials/M_Frame.uasset" 4612
"C:/Users/user/Documents/Unreal Projects/AdvancedCombatDemo/Content/StarterContent/Props/Materials/M_Frame.uexp" 4613
"C:/Users/user/Documents/Unreal Projects/AdvancedCombatDemo/Content/StarterContent/Props/SM_DoorFrame.ubulk" 4614
"C:/Users/user/Documents/Unreal Projects/AdvancedCombatDemo/Content/StarterContent/Props/SM_DoorFrame.uasset" 4615
"C:/Users/user/Documents/Unreal Projects/AdvancedCombatDemo/Content/StarterContent/Props/SM_DoorFrame.uexp" 4616
"C:/Users/user/Documents/Unreal Projects/AdvancedCombatDemo/Content/StarterContent/Materials/M_Metal_Brushed_Nickel.uasset" 4617
"C:/Users/user/Documents/Unreal Projects/AdvancedCombatDemo/Content/StarterContent/Materials/M_Metal_Brushed_Nickel.uexp" 4618
"C:/Users/user/Documents/Unreal Projects/AdvancedCombatDemo/Content/StarterContent/Textures/T_Lamp_N.ubulk" 4619
"C:/Users/user/Documents/Unreal Projects/AdvancedCombatDemo/Content/StarterContent/Textures/T_Lamp_N.uasset" 4620
"C:/Users/user/Documents/Unreal Projects/AdvancedCombatDemo/Content/StarterContent/Textures/T_Lamp_N.uexp" 4621
"C:/Users/user/Documents/Unreal Projects/AdvancedCombatDemo/Content/StarterContent/Textures/T_Lamp_M.ubulk" 4622
"C:/Users/user/Documents/Unreal Projects/AdvancedCombatDemo/Content/StarterContent/Textures/T_Lamp_M.uasset" 4623
"C:/Users/user/Documents/Unreal Projects/AdvancedCombatDemo/Content/StarterContent/Textures/T_Lamp_M.uexp" 4624
"C:/Users/user/Documents/Unreal Projects/AdvancedCombatDemo/Content/StarterContent/Props/Materials/M_Lamp.uasset" 4625
"C:/Users/user/Documents/Unreal Projects/AdvancedCombatDemo/Content/StarterContent/Props/Materials/M_Lamp.uexp" 4626
"C:/Users/user/Documents/Unreal Projects/AdvancedCombatDemo/Content/StarterContent/Props/SM_Lamp_Ceiling.ubulk" 4627
"C:/Users/user/Documents/Unreal Projects/AdvancedCombatDemo/Content/StarterContent/Props/SM_Lamp_Ceiling.uasset" 4628
"C:/Users/user/Documents/Unreal Projects/AdvancedCombatDemo/Content/StarterContent/Props/SM_Lamp_Ceiling.uexp" 4629
"C:/Users/user/Documents/Unreal Projects/AdvancedCombatDemo/Content/StarterContent/Blueprints/Blueprint_CeilingLight.uasset" 4630
"C:/Users/user/Documents/Unreal Projects/AdvancedCombatDemo/Content/StarterContent/Blueprints/Blueprint_CeilingLight.uexp" 4631
"../../../Engine/Content/Functions/Engine_MaterialFunctions03/Procedurals/ComputeFilterWidth.uasset" 4632
"../../../Engine/Content/Functions/Engine_MaterialFunctions03/Procedurals/ComputeFilterWidth.uexp" 4633
"../../../Engine/Content/EngineMaterials/AntiAliasedTextMaterialTranslucent.uasset" 4634
"../../../Engine/Content/EngineMaterials/AntiAliasedTextMaterialTranslucent.uexp" 4635
"C:/Users/user/Documents/Unreal Projects/AdvancedCombatDemo/Content/StarterContent/Architecture/Wall_Door_400x300.ubulk" 4636
"C:/Users/user/Documents/Unreal Projects/AdvancedCombatDemo/Content/StarterContent/Architecture/Wall_Door_400x300.uasset" 4637
"C:/Users/user/Documents/Unreal Projects/AdvancedCombatDemo/Content/StarterContent/Architecture/Wall_Door_400x300.uexp" 4638
"C:/Users/user/Documents/Unreal Projects/AdvancedCombatDemo/Content/StarterContent/Textures/T_Wood_Pine_D.ubulk" 4639
"C:/Users/user/Documents/Unreal Projects/AdvancedCombatDemo/Content/StarterContent/Textures/T_Wood_Pine_D.uasset" 4640
"C:/Users/user/Documents/Unreal Projects/AdvancedCombatDemo/Content/StarterContent/Textures/T_Wood_Pine_D.uexp" 4641
"C:/Users/user/Documents/Unreal Projects/AdvancedCombatDemo/Content/StarterContent/Textures/T_Wood_Pine_N.ubulk" 4642
"C:/Users/user/Documents/Unreal Projects/AdvancedCombatDemo/Content/StarterContent/Textures/T_Wood_Pine_N.uasset" 4643
"C:/Users/user/Documents/Unreal Projects/AdvancedCombatDemo/Content/StarterContent/Textures/T_Wood_Pine_N.uexp" 4644
"C:/Users/user/Documents/Unreal Projects/AdvancedCombatDemo/Content/StarterContent/Materials/M_Wood_Pine.uasset" 4645
"C:/Users/user/Documents/Unreal Projects/AdvancedCombatDemo/Content/StarterContent/Materials/M_Wood_Pine.uexp" 4646
"C:/Users/user/Documents/Unreal Projects/AdvancedCombatDemo/Content/StarterContent/Textures/T_Rock_Smooth_Granite_D.ubulk" 4647
"C:/Users/user/Documents/Unreal Projects/AdvancedCombatDemo/Content/StarterContent/Textures/T_Rock_Smooth_Granite_D.uasset" 4648
"C:/Users/user/Documents/Unreal Projects/AdvancedCombatDemo/Content/StarterContent/Textures/T_Rock_Smooth_Granite_D.uexp" 4649
"C:/Users/user/Documents/Unreal Projects/AdvancedCombatDemo/Content/StarterContent/Textures/T_CobbleStone_Smooth_D.ubulk" 4650
"C:/Users/user/Documents/Unreal Projects/AdvancedCombatDemo/Content/StarterContent/Textures/T_CobbleStone_Smooth_D.uasset" 4651
"C:/Users/user/Documents/Unreal Projects/AdvancedCombatDemo/Content/StarterContent/Textures/T_CobbleStone_Smooth_D.uexp" 4652
"C:/Users/user/Documents/Unreal Projects/AdvancedCombatDemo/Content/StarterContent/Textures/T_Gradinet_01.ubulk" 4653
"C:/Users/user/Documents/Unreal Projects/AdvancedCombatDemo/Content/StarterContent/Textures/T_Gradinet_01.uasset" 4654
"C:/Users/user/Documents/Unreal Projects/AdvancedCombatDemo/Content/StarterContent/Textures/T_Gradinet_01.uexp" 4655
"C:/Users/user/Documents/Unreal Projects/AdvancedCombatDemo/Content/StarterContent/Textures/T_CobbleStone_Smooth_M.ubulk" 4656
"C:/Users/user/Documents/Unreal Projects/AdvancedCombatDemo/Content/StarterContent/Textures/T_CobbleStone_Smooth_M.uasset" 4657
"C:/Users/user/Documents/Unreal Projects/AdvancedCombatDemo/Content/StarterContent/Textures/T_CobbleStone_Smooth_M.uexp" 4658
"C:/Users/user/Documents/Unreal Projects/AdvancedCombatDemo/Content/StarterContent/Textures/T_CobbleStone_Smooth_N.ubulk" 4659
"C:/Users/user/Documents/Unreal Projects/AdvancedCombatDemo/Content/StarterContent/Textures/T_CobbleStone_Smooth_N.uasset" 4660
"C:/Users/user/Documents/Unreal Projects/AdvancedCombatDemo/Content/StarterContent/Textures/T_CobbleStone_Smooth_N.uexp" 4661
"C:/Users/user/Documents/Unreal Projects/AdvancedCombatDemo/Content/StarterContent/Materials/M_CobbleStone_Smooth.uasset" 4662
"C:/Users/user/Documents/Unreal Projects/AdvancedCombatDemo/Content/StarterContent/Materials/M_CobbleStone_Smooth.uexp" 4663
"C:/Users/user/Documents/Unreal Projects/AdvancedCombatDemo/Content/StarterContent/Textures/T_Rock_Basalt_N.ubulk" 4664
"C:/Users/user/Documents/Unreal Projects/AdvancedCombatDemo/Content/StarterContent/Textures/T_Rock_Basalt_N.uasset" 4665
"C:/Users/user/Documents/Unreal Projects/AdvancedCombatDemo/Content/StarterContent/Textures/T_Rock_Basalt_N.uexp" 4666
"C:/Users/user/Documents/Unreal Projects/AdvancedCombatDemo/Content/StarterContent/Materials/M_Rock_Basalt.uasset" 4667
"C:/Users/user/Documents/Unreal Projects/AdvancedCombatDemo/Content/StarterContent/Materials/M_Rock_Basalt.uexp" 4668
"C:/Users/user/Documents/Unreal Projects/AdvancedCombatDemo/Content/StarterContent/Shapes/Shape_Cube.ubulk" 4669
"C:/Users/user/Documents/Unreal Projects/AdvancedCombatDemo/Content/StarterContent/Shapes/Shape_Cube.uasset" 4670
"C:/Users/user/Documents/Unreal Projects/AdvancedCombatDemo/Content/StarterContent/Shapes/Shape_Cube.uexp" 4671
"C:/Users/user/Documents/Unreal Projects/AdvancedCombatDemo/Content/StarterContent/Textures/T_Concrete_Tiles_Variation_M.ubulk" 4672
"C:/Users/user/Documents/Unreal Projects/AdvancedCombatDemo/Content/StarterContent/Textures/T_Concrete_Tiles_Variation_M.uasset" 4673
"C:/Users/user/Documents/Unreal Projects/AdvancedCombatDemo/Content/StarterContent/Textures/T_Concrete_Tiles_Variation_M.uexp" 4674
"C:/Users/user/Documents/Unreal Projects/AdvancedCombatDemo/Content/StarterContent/Textures/T_Concrete_Tiles_D.ubulk" 4675
"C:/Users/user/Documents/Unreal Projects/AdvancedCombatDemo/Content/StarterContent/Textures/T_Concrete_Tiles_D.uasset" 4676
"C:/Users/user/Documents/Unreal Projects/AdvancedCombatDemo/Content/StarterContent/Textures/T_Concrete_Tiles_D.uexp" 4677
"C:/Users/user/Documents/Unreal Projects/AdvancedCombatDemo/Content/StarterContent/Textures/T_Concrete_Tiles_M.ubulk" 4678
"C:/Users/user/Documents/Unreal Projects/AdvancedCombatDemo/Content/StarterContent/Textures/T_Concrete_Tiles_M.uasset" 4679
"C:/Users/user/Documents/Unreal Projects/AdvancedCombatDemo/Content/StarterContent/Textures/T_Concrete_Tiles_M.uexp" 4680
"C:/Users/user/Documents/Unreal Projects/AdvancedCombatDemo/Content/StarterContent/Textures/T_Concrete_Tiles_N.ubulk" 4681
"C:/Users/user/Documents/Unreal Projects/AdvancedCombatDemo/Content/StarterContent/Textures/T_Concrete_Tiles_N.uasset" 4682
"C:/Users/user/Documents/Unreal Projects/AdvancedCombatDemo/Content/StarterContent/Textures/T_Concrete_Tiles_N.uexp" 4683
"C:/Users/user/Documents/Unreal Projects/AdvancedCombatDemo/Content/StarterContent/Materials/M_Concrete_Tiles.uasset" 4684
"C:/Users/user/Documents/Unreal Projects/AdvancedCombatDemo/Content/StarterContent/Materials/M_Concrete_Tiles.uexp" 4685
"C:/Users/user/Documents/Unreal Projects/AdvancedCombatDemo/Content/StarterContent/Props/MaterialSphere.ubulk" 4686
"C:/Users/user/Documents/Unreal Projects/AdvancedCombatDemo/Content/StarterContent/Props/MaterialSphere.uasset" 4687
"C:/Users/user/Documents/Unreal Projects/AdvancedCombatDemo/Content/StarterContent/Props/MaterialSphere.uexp" 4688
"C:/Users/user/Documents/Unreal Projects/AdvancedCombatDemo/Content/StarterContent/Textures/T_Metal_Rust_N.ubulk" 4689
"C:/Users/user/Documents/Unreal Projects/AdvancedCombatDemo/Content/StarterContent/Textures/T_Metal_Rust_N.uasset" 4690
"C:/Users/user/Documents/Unreal Projects/AdvancedCombatDemo/Content/StarterContent/Textures/T_Metal_Rust_N.uexp" 4691
"C:/Users/user/Documents/Unreal Projects/AdvancedCombatDemo/Content/StarterContent/Textures/T_Metal_Rust_D.ubulk" 4692
"C:/Users/user/Documents/Unreal Projects/AdvancedCombatDemo/Content/StarterContent/Textures/T_Metal_Rust_D.uasset" 4693
"C:/Users/user/Documents/Unreal Projects/AdvancedCombatDemo/Content/StarterContent/Textures/T_Metal_Rust_D.uexp" 4694
"C:/Users/user/Documents/Unreal Projects/AdvancedCombatDemo/Content/StarterContent/Materials/M_Metal_Rust.uasset" 4695
"C:/Users/user/Documents/Unreal Projects/AdvancedCombatDemo/Content/StarterContent/Materials/M_Metal_Rust.uexp" 4696
"C:/Users/user/Documents/Unreal Projects/AdvancedCombatDemo/Content/StarterContent/Textures/T_Rock_Slate_D.ubulk" 4697
"C:/Users/user/Documents/Unreal Projects/AdvancedCombatDemo/Content/StarterContent/Textures/T_Rock_Slate_D.uasset" 4698
"C:/Users/user/Documents/Unreal Projects/AdvancedCombatDemo/Content/StarterContent/Textures/T_Rock_Slate_D.uexp" 4699
"C:/Users/user/Documents/Unreal Projects/AdvancedCombatDemo/Content/StarterContent/Textures/T_Rock_Slate_N.ubulk" 4700
"C:/Users/user/Documents/Unreal Projects/AdvancedCombatDemo/Content/StarterContent/Textures/T_Rock_Slate_N.uasset" 4701
"C:/Users/user/Documents/Unreal Projects/AdvancedCombatDemo/Content/StarterContent/Textures/T_Rock_Slate_N.uexp" 4702
"C:/Users/user/Documents/Unreal Projects/AdvancedCombatDemo/Content/StarterContent/Materials/M_Rock_Slate.uasset" 4703
"C:/Users/user/Documents/Unreal Projects/AdvancedCombatDemo/Content/StarterContent/Materials/M_Rock_Slate.uexp" 4704
"C:/Users/user/Documents/Unreal Projects/AdvancedCombatDemo/Content/StarterContent/Textures/T_Concrete_Poured_D.ubulk" 4705
"C:/Users/user/Documents/Unreal Projects/AdvancedCombatDemo/Content/StarterContent/Textures/T_Concrete_Poured_D.uasset" 4706
"C:/Users/user/Documents/Unreal Projects/AdvancedCombatDemo/Content/StarterContent/Textures/T_Concrete_Poured_D.uexp" 4707
"C:/Users/user/Documents/Unreal Projects/AdvancedCombatDemo/Content/StarterContent/Textures/T_Concrete_Poured_N.ubulk" 4708
"C:/Users/user/Documents/Unreal Projects/AdvancedCombatDemo/Content/StarterContent/Textures/T_Concrete_Poured_N.uasset" 4709
"C:/Users/user/Documents/Unreal Projects/AdvancedCombatDemo/Content/StarterContent/Textures/T_Concrete_Poured_N.uexp" 4710
"C:/Users/user/Documents/Unreal Projects/AdvancedCombatDemo/Content/StarterContent/Materials/M_Concrete_Poured.uasset" 4711
"C:/Users/user/Documents/Unreal Projects/AdvancedCombatDemo/Content/StarterContent/Materials/M_Concrete_Poured.uexp" 4712
"C:/Users/user/Documents/Unreal Projects/AdvancedCombatDemo/Content/StarterContent/Textures/T_Brick_Clay_Beveled_M.ubulk" 4713
"C:/Users/user/Documents/Unreal Projects/AdvancedCombatDemo/Content/StarterContent/Textures/T_Brick_Clay_Beveled_M.uasset" 4714
"C:/Users/user/Documents/Unreal Projects/AdvancedCombatDemo/Content/StarterContent/Textures/T_Brick_Clay_Beveled_M.uexp" 4715
"C:/Users/user/Documents/Unreal Projects/AdvancedCombatDemo/Content/StarterContent/Textures/T_Brick_Clay_Beveled_N.ubulk" 4716
"C:/Users/user/Documents/Unreal Projects/AdvancedCombatDemo/Content/StarterContent/Textures/T_Brick_Clay_Beveled_N.uasset" 4717
"C:/Users/user/Documents/Unreal Projects/AdvancedCombatDemo/Content/StarterContent/Textures/T_Brick_Clay_Beveled_N.uexp" 4718
"C:/Users/user/Documents/Unreal Projects/AdvancedCombatDemo/Content/StarterContent/Textures/T_Brick_Clay_Beveled_D.ubulk" 4719
"C:/Users/user/Documents/Unreal Projects/AdvancedCombatDemo/Content/StarterContent/Textures/T_Brick_Clay_Beveled_D.uasset" 4720
"C:/Users/user/Documents/Unreal Projects/AdvancedCombatDemo/Content/StarterContent/Textures/T_Brick_Clay_Beveled_D.uexp" 4721
"C:/Users/user/Documents/Unreal Projects/AdvancedCombatDemo/Content/StarterContent/Materials/M_Brick_Clay_Beveled.uasset" 4722
"C:/Users/user/Documents/Unreal Projects/AdvancedCombatDemo/Content/StarterContent/Materials/M_Brick_Clay_Beveled.uexp" 4723
"C:/Users/user/Documents/Unreal Projects/AdvancedCombatDemo/Content/StarterContent/Materials/M_Tech_Hex_Tile.uasset" 4724
"C:/Users/user/Documents/Unreal Projects/AdvancedCombatDemo/Content/StarterContent/Materials/M_Tech_Hex_Tile.uexp" 4725
"../../../Engine/Content/Functions/Engine_MaterialFunctions01/Opacity/AlphaOffset.uasset" 4726
"../../../Engine/Content/Functions/Engine_MaterialFunctions01/Opacity/AlphaOffset.uexp" 4727
"C:/Users/user/Documents/Unreal Projects/AdvancedCombatDemo/Content/StarterContent/Textures/T_Wood_Floor_Walnut_M.ubulk" 4728
"C:/Users/user/Documents/Unreal Projects/AdvancedCombatDemo/Content/StarterContent/Textures/T_Wood_Floor_Walnut_M.uasset" 4729
"C:/Users/user/Documents/Unreal Projects/AdvancedCombatDemo/Content/StarterContent/Textures/T_Wood_Floor_Walnut_M.uexp" 4730
"C:/Users/user/Documents/Unreal Projects/AdvancedCombatDemo/Content/StarterContent/Textures/T_Wood_Floor_Walnut_D.ubulk" 4731
"C:/Users/user/Documents/Unreal Projects/AdvancedCombatDemo/Content/StarterContent/Textures/T_Wood_Floor_Walnut_D.uasset" 4732
"C:/Users/user/Documents/Unreal Projects/AdvancedCombatDemo/Content/StarterContent/Textures/T_Wood_Floor_Walnut_D.uexp" 4733
"C:/Users/user/Documents/Unreal Projects/AdvancedCombatDemo/Content/StarterContent/Textures/T_Wood_Floor_Walnut_N.ubulk" 4734
"C:/Users/user/Documents/Unreal Projects/AdvancedCombatDemo/Content/StarterContent/Textures/T_Wood_Floor_Walnut_N.uasset" 4735
"C:/Users/user/Documents/Unreal Projects/AdvancedCombatDemo/Content/StarterContent/Textures/T_Wood_Floor_Walnut_N.uexp" 4736
"C:/Users/user/Documents/Unreal Projects/AdvancedCombatDemo/Content/StarterContent/Materials/M_Wood_Floor_Walnut_Worn.uasset" 4737
"C:/Users/user/Documents/Unreal Projects/AdvancedCombatDemo/Content/StarterContent/Materials/M_Wood_Floor_Walnut_Worn.uexp" 4738
"C:/Users/user/Documents/Unreal Projects/AdvancedCombatDemo/Content/StarterContent/Textures/T_Ground_Gravel_N.ubulk" 4739
"C:/Users/user/Documents/Unreal Projects/AdvancedCombatDemo/Content/StarterContent/Textures/T_Ground_Gravel_N.uasset" 4740
"C:/Users/user/Documents/Unreal Projects/AdvancedCombatDemo/Content/StarterContent/Textures/T_Ground_Gravel_N.uexp" 4741
"C:/Users/user/Documents/Unreal Projects/AdvancedCombatDemo/Content/StarterContent/Textures/T_Ground_Gravel_D.ubulk" 4742
"C:/Users/user/Documents/Unreal Projects/AdvancedCombatDemo/Content/StarterContent/Textures/T_Ground_Gravel_D.uasset" 4743
"C:/Users/user/Documents/Unreal Projects/AdvancedCombatDemo/Content/StarterContent/Textures/T_Ground_Gravel_D.uexp" 4744
"C:/Users/user/Documents/Unreal Projects/AdvancedCombatDemo/Content/StarterContent/Materials/M_Ground_Gravel.uasset" 4745
"C:/Users/user/Documents/Unreal Projects/AdvancedCombatDemo/Content/StarterContent/Materials/M_Ground_Gravel.uexp" 4746
"C:/Users/user/Documents/Unreal Projects/AdvancedCombatDemo/Content/StarterContent/Audio/Steam01_Cue.uasset" 4747
"C:/Users/user/Documents/Unreal Projects/AdvancedCombatDemo/Content/StarterContent/Audio/Steam01_Cue.uexp" 4748
"C:/Users/user/Documents/Unreal Projects/AdvancedCombatDemo/Content/StarterContent/Particles/P_Steam_Lit.uasset" 4749
"C:/Users/user/Documents/Unreal Projects/AdvancedCombatDemo/Content/StarterContent/Particles/P_Steam_Lit.uexp" 4750
"C:/Users/user/Documents/Unreal Projects/AdvancedCombatDemo/Content/StarterContent/Blueprints/Blueprint_Effect_Steam.uasset" 4751
"C:/Users/user/Documents/Unreal Projects/AdvancedCombatDemo/Content/StarterContent/Blueprints/Blueprint_Effect_Steam.uexp" 4752
"C:/Users/user/Documents/Unreal Projects/AdvancedCombatDemo/Content/StarterContent/Audio/Fire_Sparks01_Cue.uasset" 4753
"C:/Users/user/Documents/Unreal Projects/AdvancedCombatDemo/Content/StarterContent/Audio/Fire_Sparks01_Cue.uexp" 4754
"C:/Users/user/Documents/Unreal Projects/AdvancedCombatDemo/Content/StarterContent/Textures/T_Spark_Core.ubulk" 4755
"C:/Users/user/Documents/Unreal Projects/AdvancedCombatDemo/Content/StarterContent/Textures/T_Spark_Core.uasset" 4756
"C:/Users/user/Documents/Unreal Projects/AdvancedCombatDemo/Content/StarterContent/Textures/T_Spark_Core.uexp" 4757
"C:/Users/user/Documents/Unreal Projects/AdvancedCombatDemo/Content/StarterContent/Particles/Materials/M_Spark.uasset" 4758
"C:/Users/user/Documents/Unreal Projects/AdvancedCombatDemo/Content/StarterContent/Particles/Materials/M_Spark.uexp" 4759
"C:/Users/user/Documents/Unreal Projects/AdvancedCombatDemo/Content/StarterContent/Particles/Materials/M_Radial_Gradient.uasset" 4760
"C:/Users/user/Documents/Unreal Projects/AdvancedCombatDemo/Content/StarterContent/Particles/Materials/M_Radial_Gradient.uexp" 4761
"C:/Users/user/Documents/Unreal Projects/AdvancedCombatDemo/Content/StarterContent/Particles/P_Sparks.uasset" 4762
"C:/Users/user/Documents/Unreal Projects/AdvancedCombatDemo/Content/StarterContent/Particles/P_Sparks.uexp" 4763
"C:/Users/user/Documents/Unreal Projects/AdvancedCombatDemo/Content/StarterContent/Blueprints/Blueprint_Effect_Sparks.uasset" 4764
"C:/Users/user/Documents/Unreal Projects/AdvancedCombatDemo/Content/StarterContent/Blueprints/Blueprint_Effect_Sparks.uexp" 4765
"C:/Users/user/Documents/Unreal Projects/AdvancedCombatDemo/Content/StarterContent/Materials/M_Water_Lake.uasset" 4766
"C:/Users/user/Documents/Unreal Projects/AdvancedCombatDemo/Content/StarterContent/Materials/M_Water_Lake.uexp" 4767
"C:/Users/user/Documents/Unreal Projects/AdvancedCombatDemo/Content/StarterContent/Architecture/Wall_400x200.ubulk" 4768
"C:/Users/user/Documents/Unreal Projects/AdvancedCombatDemo/Content/StarterContent/Architecture/Wall_400x200.uasset" 4769
"C:/Users/user/Documents/Unreal Projects/AdvancedCombatDemo/Content/StarterContent/Architecture/Wall_400x200.uexp" 4770
"C:/Users/user/Documents/Unreal Projects/AdvancedCombatDemo/Content/StarterContent/Textures/T_Checker_Noise_M.ubulk" 4771
"C:/Users/user/Documents/Unreal Projects/AdvancedCombatDemo/Content/StarterContent/Textures/T_Checker_Noise_M.uasset" 4772
"C:/Users/user/Documents/Unreal Projects/AdvancedCombatDemo/Content/StarterContent/Textures/T_Checker_Noise_M.uexp" 4773
"C:/Users/user/Documents/Unreal Projects/AdvancedCombatDemo/Content/StarterContent/Textures/T_Tech_Dot_M.ubulk" 4774
"C:/Users/user/Documents/Unreal Projects/AdvancedCombatDemo/Content/StarterContent/Textures/T_Tech_Dot_M.uasset" 4775
"C:/Users/user/Documents/Unreal Projects/AdvancedCombatDemo/Content/StarterContent/Textures/T_Tech_Dot_M.uexp" 4776
"C:/Users/user/Documents/Unreal Projects/AdvancedCombatDemo/Content/StarterContent/Textures/T_Tech_Dot_N.ubulk" 4777
"C:/Users/user/Documents/Unreal Projects/AdvancedCombatDemo/Content/StarterContent/Textures/T_Tech_Dot_N.uasset" 4778
"C:/Users/user/Documents/Unreal Projects/AdvancedCombatDemo/Content/StarterContent/Textures/T_Tech_Dot_N.uexp" 4779
"C:/Users/user/Documents/Unreal Projects/AdvancedCombatDemo/Content/StarterContent/Textures/T_Single_Tile_N.ubulk" 4780
"C:/Users/user/Documents/Unreal Projects/AdvancedCombatDemo/Content/StarterContent/Textures/T_Single_Tile_N.uasset" 4781
"C:/Users/user/Documents/Unreal Projects/AdvancedCombatDemo/Content/StarterContent/Textures/T_Single_Tile_N.uexp" 4782
"C:/Users/user/Documents/Unreal Projects/AdvancedCombatDemo/Content/StarterContent/Materials/M_Tech_Checker_Dot.uasset" 4783
"C:/Users/user/Documents/Unreal Projects/AdvancedCombatDemo/Content/StarterContent/Materials/M_Tech_Checker_Dot.uexp" 4784
"C:/Users/user/Documents/Unreal Projects/AdvancedCombatDemo/Content/StarterContent/Architecture/Floor_400x400.ubulk" 4785
"C:/Users/user/Documents/Unreal Projects/AdvancedCombatDemo/Content/StarterContent/Architecture/Floor_400x400.uasset" 4786
"C:/Users/user/Documents/Unreal Projects/AdvancedCombatDemo/Content/StarterContent/Architecture/Floor_400x400.uexp" 4787
"C:/Users/user/Documents/Unreal Projects/AdvancedCombatDemo/Content/StarterContent/Props/SM_GlassWindow.ubulk" 4788
"C:/Users/user/Documents/Unreal Projects/AdvancedCombatDemo/Content/StarterContent/Props/SM_GlassWindow.uasset" 4789
"C:/Users/user/Documents/Unreal Projects/AdvancedCombatDemo/Content/StarterContent/Props/SM_GlassWindow.uexp" 4790
"C:/Users/user/Documents/Unreal Projects/AdvancedCombatDemo/Content/StarterContent/Textures/T_Metal_Gold_N.ubulk" 4791
"C:/Users/user/Documents/Unreal Projects/AdvancedCombatDemo/Content/StarterContent/Textures/T_Metal_Gold_N.uasset" 4792
"C:/Users/user/Documents/Unreal Projects/AdvancedCombatDemo/Content/StarterContent/Textures/T_Metal_Gold_N.uexp" 4793
"C:/Users/user/Documents/Unreal Projects/AdvancedCombatDemo/Content/StarterContent/Textures/T_Rock_Marble_Polished_D.ubulk" 4794
"C:/Users/user/Documents/Unreal Projects/AdvancedCombatDemo/Content/StarterContent/Textures/T_Rock_Marble_Polished_D.uasset" 4795
"C:/Users/user/Documents/Unreal Projects/AdvancedCombatDemo/Content/StarterContent/Textures/T_Rock_Marble_Polished_D.uexp" 4796
"C:/Users/user/Documents/Unreal Projects/AdvancedCombatDemo/Content/StarterContent/Materials/M_Rock_Marble_Polished.uasset" 4797
"C:/Users/user/Documents/Unreal Projects/AdvancedCombatDemo/Content/StarterContent/Materials/M_Rock_Marble_Polished.uexp" 4798
"C:/Users/user/Documents/Unreal Projects/AdvancedCombatDemo/Content/StarterContent/Textures/T_Concrete_Grime_D.ubulk" 4799
"C:/Users/user/Documents/Unreal Projects/AdvancedCombatDemo/Content/StarterContent/Textures/T_Concrete_Grime_D.uasset" 4800
"C:/Users/user/Documents/Unreal Projects/AdvancedCombatDemo/Content/StarterContent/Textures/T_Concrete_Grime_D.uexp" 4801
"C:/Users/user/Documents/Unreal Projects/AdvancedCombatDemo/Content/StarterContent/Materials/M_Concrete_Grime.uasset" 4802
"C:/Users/user/Documents/Unreal Projects/AdvancedCombatDemo/Content/StarterContent/Materials/M_Concrete_Grime.uexp" 4803
"C:/Users/user/Documents/Unreal Projects/AdvancedCombatDemo/Content/StarterContent/Textures/T_Ceramic_Tile_M.ubulk" 4804
"C:/Users/user/Documents/Unreal Projects/AdvancedCombatDemo/Content/StarterContent/Textures/T_Ceramic_Tile_M.uasset" 4805
"C:/Users/user/Documents/Unreal Projects/AdvancedCombatDemo/Content/StarterContent/Textures/T_Ceramic_Tile_M.uexp" 4806
"C:/Users/user/Documents/Unreal Projects/AdvancedCombatDemo/Content/StarterContent/Textures/T_Ceramic_Tile_N.ubulk" 4807
"C:/Users/user/Documents/Unreal Projects/AdvancedCombatDemo/Content/StarterContent/Textures/T_Ceramic_Tile_N.uasset" 4808
"C:/Users/user/Documents/Unreal Projects/AdvancedCombatDemo/Content/StarterContent/Textures/T_Ceramic_Tile_N.uexp" 4809
"C:/Users/user/Documents/Unreal Projects/AdvancedCombatDemo/Content/StarterContent/Materials/M_Ceramic_Tile_Checker.uasset" 4810
"C:/Users/user/Documents/Unreal Projects/AdvancedCombatDemo/Content/StarterContent/Materials/M_Ceramic_Tile_Checker.uexp" 4811
"C:/Users/user/Documents/Unreal Projects/AdvancedCombatDemo/Content/StarterContent/Textures/T_Rock_Sandstone_N.ubulk" 4812
"C:/Users/user/Documents/Unreal Projects/AdvancedCombatDemo/Content/StarterContent/Textures/T_Rock_Sandstone_N.uasset" 4813
"C:/Users/user/Documents/Unreal Projects/AdvancedCombatDemo/Content/StarterContent/Textures/T_Rock_Sandstone_N.uexp" 4814
"C:/Users/user/Documents/Unreal Projects/AdvancedCombatDemo/Content/StarterContent/Textures/T_Rock_Sandstone_D.ubulk" 4815
"C:/Users/user/Documents/Unreal Projects/AdvancedCombatDemo/Content/StarterContent/Textures/T_Rock_Sandstone_D.uasset" 4816
"C:/Users/user/Documents/Unreal Projects/AdvancedCombatDemo/Content/StarterContent/Textures/T_Rock_Sandstone_D.uexp" 4817
"C:/Users/user/Documents/Unreal Projects/AdvancedCombatDemo/Content/StarterContent/Materials/M_Rock_Sandstone.uasset" 4818
"C:/Users/user/Documents/Unreal Projects/AdvancedCombatDemo/Content/StarterContent/Materials/M_Rock_Sandstone.uexp" 4819
"C:/Users/user/Documents/Unreal Projects/AdvancedCombatDemo/Content/StarterContent/Textures/T_Wood_Walnut_N.ubulk" 4820
"C:/Users/user/Documents/Unreal Projects/AdvancedCombatDemo/Content/StarterContent/Textures/T_Wood_Walnut_N.uasset" 4821
"C:/Users/user/Documents/Unreal Projects/AdvancedCombatDemo/Content/StarterContent/Textures/T_Wood_Walnut_N.uexp" 4822
"C:/Users/user/Documents/Unreal Projects/AdvancedCombatDemo/Content/StarterContent/Textures/T_Wood_Walnut_D.ubulk" 4823
"C:/Users/user/Documents/Unreal Projects/AdvancedCombatDemo/Content/StarterContent/Textures/T_Wood_Walnut_D.uasset" 4824
"C:/Users/user/Documents/Unreal Projects/AdvancedCombatDemo/Content/StarterContent/Textures/T_Wood_Walnut_D.uexp" 4825
"C:/Users/user/Documents/Unreal Projects/AdvancedCombatDemo/Content/StarterContent/Materials/M_Wood_Walnut.uasset" 4826
"C:/Users/user/Documents/Unreal Projects/AdvancedCombatDemo/Content/StarterContent/Materials/M_Wood_Walnut.uexp" 4827
"C:/Users/user/Documents/Unreal Projects/AdvancedCombatDemo/Content/StarterContent/Audio/Collapse_Cue.uasset" 4828
"C:/Users/user/Documents/Unreal Projects/AdvancedCombatDemo/Content/StarterContent/Audio/Collapse_Cue.uexp" 4829
"C:/Users/user/Documents/Unreal Projects/AdvancedCombatDemo/Content/StarterContent/Textures/T_Brick_Cut_Stone_N.ubulk" 4830
"C:/Users/user/Documents/Unreal Projects/AdvancedCombatDemo/Content/StarterContent/Textures/T_Brick_Cut_Stone_N.uasset" 4831
"C:/Users/user/Documents/Unreal Projects/AdvancedCombatDemo/Content/StarterContent/Textures/T_Brick_Cut_Stone_N.uexp" 4832
"C:/Users/user/Documents/Unreal Projects/AdvancedCombatDemo/Content/StarterContent/Textures/T_Brick_Cut_Stone_D.ubulk" 4833
"C:/Users/user/Documents/Unreal Projects/AdvancedCombatDemo/Content/StarterContent/Textures/T_Brick_Cut_Stone_D.uasset" 4834
"C:/Users/user/Documents/Unreal Projects/AdvancedCombatDemo/Content/StarterContent/Textures/T_Brick_Cut_Stone_D.uexp" 4835
"C:/Users/user/Documents/Unreal Projects/AdvancedCombatDemo/Content/StarterContent/Materials/M_Brick_Cut_Stone.uasset" 4836
"C:/Users/user/Documents/Unreal Projects/AdvancedCombatDemo/Content/StarterContent/Materials/M_Brick_Cut_Stone.uexp" 4837
"C:/Users/user/Documents/Unreal Projects/AdvancedCombatDemo/Content/StarterContent/Textures/T_Dust_Particle_D.ubulk" 4838
"C:/Users/user/Documents/Unreal Projects/AdvancedCombatDemo/Content/StarterContent/Textures/T_Dust_Particle_D.uasset" 4839
"C:/Users/user/Documents/Unreal Projects/AdvancedCombatDemo/Content/StarterContent/Textures/T_Dust_Particle_D.uexp" 4840
"C:/Users/user/Documents/Unreal Projects/AdvancedCombatDemo/Content/StarterContent/Particles/Materials/M_Dust_Particle.uasset" 4841
"C:/Users/user/Documents/Unreal Projects/AdvancedCombatDemo/Content/StarterContent/Particles/Materials/M_Dust_Particle.uexp" 4842
"C:/Users/user/Documents/Unreal Projects/AdvancedCombatDemo/Content/StarterContent/Particles/P_Ambient_Dust.uasset" 4843
"C:/Users/user/Documents/Unreal Projects/AdvancedCombatDemo/Content/StarterContent/Particles/P_Ambient_Dust.uexp" 4844
"C:/Users/user/Documents/Unreal Projects/AdvancedCombatDemo/Content/StarterContent/Props/SM_WindowFrame.ubulk" 4845
"C:/Users/user/Documents/Unreal Projects/AdvancedCombatDemo/Content/StarterContent/Props/SM_WindowFrame.uasset" 4846
"C:/Users/user/Documents/Unreal Projects/AdvancedCombatDemo/Content/StarterContent/Props/SM_WindowFrame.uexp" 4847
"C:/Users/user/Documents/Unreal Projects/AdvancedCombatDemo/Content/StarterContent/Textures/T_Metal_Copper_D.ubulk" 4848
"C:/Users/user/Documents/Unreal Projects/AdvancedCombatDemo/Content/StarterContent/Textures/T_Metal_Copper_D.uasset" 4849
"C:/Users/user/Documents/Unreal Projects/AdvancedCombatDemo/Content/StarterContent/Textures/T_Metal_Copper_D.uexp" 4850
"C:/Users/user/Documents/Unreal Projects/AdvancedCombatDemo/Content/StarterContent/Materials/M_Metal_Copper.uasset" 4851
"C:/Users/user/Documents/Unreal Projects/AdvancedCombatDemo/Content/StarterContent/Materials/M_Metal_Copper.uexp" 4852
"C:/Users/user/Documents/Unreal Projects/AdvancedCombatDemo/Content/StarterContent/Textures/T_CobbleStone_Pebble_N.ubulk" 4853
"C:/Users/user/Documents/Unreal Projects/AdvancedCombatDemo/Content/StarterContent/Textures/T_CobbleStone_Pebble_N.uasset" 4854
"C:/Users/user/Documents/Unreal Projects/AdvancedCombatDemo/Content/StarterContent/Textures/T_CobbleStone_Pebble_N.uexp" 4855
"C:/Users/user/Documents/Unreal Projects/AdvancedCombatDemo/Content/StarterContent/Textures/T_CobbleStone_Pebble_M.ubulk" 4856
"C:/Users/user/Documents/Unreal Projects/AdvancedCombatDemo/Content/StarterContent/Textures/T_CobbleStone_Pebble_M.uasset" 4857
"C:/Users/user/Documents/Unreal Projects/AdvancedCombatDemo/Content/StarterContent/Textures/T_CobbleStone_Pebble_M.uexp" 4858
"C:/Users/user/Documents/Unreal Projects/AdvancedCombatDemo/Content/StarterContent/Textures/T_CobbleStone_Pebble_D.ubulk" 4859
"C:/Users/user/Documents/Unreal Projects/AdvancedCombatDemo/Content/StarterContent/Textures/T_CobbleStone_Pebble_D.uasset" 4860
"C:/Users/user/Documents/Unreal Projects/AdvancedCombatDemo/Content/StarterContent/Textures/T_CobbleStone_Pebble_D.uexp" 4861
"C:/Users/user/Documents/Unreal Projects/AdvancedCombatDemo/Content/StarterContent/Materials/M_CobbleStone_Pebble.uasset" 4862
"C:/Users/user/Documents/Unreal Projects/AdvancedCombatDemo/Content/StarterContent/Materials/M_CobbleStone_Pebble.uexp" 4863
"C:/Users/user/Documents/Unreal Projects/AdvancedCombatDemo/Content/StarterContent/Textures/T_Brick_Clay_Old_N.ubulk" 4864
"C:/Users/user/Documents/Unreal Projects/AdvancedCombatDemo/Content/StarterContent/Textures/T_Brick_Clay_Old_N.uasset" 4865
"C:/Users/user/Documents/Unreal Projects/AdvancedCombatDemo/Content/StarterContent/Textures/T_Brick_Clay_Old_N.uexp" 4866
"C:/Users/user/Documents/Unreal Projects/AdvancedCombatDemo/Content/StarterContent/Textures/T_Brick_Clay_Old_D.ubulk" 4867
"C:/Users/user/Documents/Unreal Projects/AdvancedCombatDemo/Content/StarterContent/Textures/T_Brick_Clay_Old_D.uasset" 4868
"C:/Users/user/Documents/Unreal Projects/AdvancedCombatDemo/Content/StarterContent/Textures/T_Brick_Clay_Old_D.uexp" 4869
"C:/Users/user/Documents/Unreal Projects/AdvancedCombatDemo/Content/StarterContent/Materials/M_Brick_Clay_Old.uasset" 4870
"C:/Users/user/Documents/Unreal Projects/AdvancedCombatDemo/Content/StarterContent/Materials/M_Brick_Clay_Old.uexp" 4871
"C:/Users/user/Documents/Unreal Projects/AdvancedCombatDemo/Content/StarterContent/Textures/T_Metal_Steel_D.ubulk" 4872
"C:/Users/user/Documents/Unreal Projects/AdvancedCombatDemo/Content/StarterContent/Textures/T_Metal_Steel_D.uasset" 4873
"C:/Users/user/Documents/Unreal Projects/AdvancedCombatDemo/Content/StarterContent/Textures/T_Metal_Steel_D.uexp" 4874
"C:/Users/user/Documents/Unreal Projects/AdvancedCombatDemo/Content/StarterContent/Textures/T_Metal_Steel_N.ubulk" 4875
"C:/Users/user/Documents/Unreal Projects/AdvancedCombatDemo/Content/StarterContent/Textures/T_Metal_Steel_N.uasset" 4876
"C:/Users/user/Documents/Unreal Projects/AdvancedCombatDemo/Content/StarterContent/Textures/T_Metal_Steel_N.uexp" 4877
"C:/Users/user/Documents/Unreal Projects/AdvancedCombatDemo/Content/StarterContent/Materials/M_Metal_Steel.uasset" 4878
"C:/Users/user/Documents/Unreal Projects/AdvancedCombatDemo/Content/StarterContent/Materials/M_Metal_Steel.uexp" 4879
"C:/Users/user/Documents/Unreal Projects/AdvancedCombatDemo/Content/StarterContent/Materials/M_Wood_Floor_Walnut_Polished.uasset" 4880
"C:/Users/user/Documents/Unreal Projects/AdvancedCombatDemo/Content/StarterContent/Materials/M_Wood_Floor_Walnut_Polished.uexp" 4881
"C:/Users/user/Documents/Unreal Projects/AdvancedCombatDemo/Content/StarterContent/Props/SM_Lamp_Wall.ubulk" 4882
"C:/Users/user/Documents/Unreal Projects/AdvancedCombatDemo/Content/StarterContent/Props/SM_Lamp_Wall.uasset" 4883
"C:/Users/user/Documents/Unreal Projects/AdvancedCombatDemo/Content/StarterContent/Props/SM_Lamp_Wall.uexp" 4884
"C:/Users/user/Documents/Unreal Projects/AdvancedCombatDemo/Content/StarterContent/Blueprints/Blueprint_WallSconce.uasset" 4885
"C:/Users/user/Documents/Unreal Projects/AdvancedCombatDemo/Content/StarterContent/Blueprints/Blueprint_WallSconce.uexp" 4886
"C:/Users/user/Documents/Unreal Projects/AdvancedCombatDemo/Content/StarterContent/Textures/T_Tech_Panel_N.ubulk" 4887
"C:/Users/user/Documents/Unreal Projects/AdvancedCombatDemo/Content/StarterContent/Textures/T_Tech_Panel_N.uasset" 4888
"C:/Users/user/Documents/Unreal Projects/AdvancedCombatDemo/Content/StarterContent/Textures/T_Tech_Panel_N.uexp" 4889
"C:/Users/user/Documents/Unreal Projects/AdvancedCombatDemo/Content/StarterContent/Textures/T_Tech_Panel_M.ubulk" 4890
"C:/Users/user/Documents/Unreal Projects/AdvancedCombatDemo/Content/StarterContent/Textures/T_Tech_Panel_M.uasset" 4891
"C:/Users/user/Documents/Unreal Projects/AdvancedCombatDemo/Content/StarterContent/Textures/T_Tech_Panel_M.uexp" 4892
"C:/Users/user/Documents/Unreal Projects/AdvancedCombatDemo/Content/StarterContent/Materials/M_Tech_Panel.uasset" 4893
"C:/Users/user/Documents/Unreal Projects/AdvancedCombatDemo/Content/StarterContent/Materials/M_Tech_Panel.uexp" 4894
"C:/Users/user/Documents/Unreal Projects/AdvancedCombatDemo/Content/StarterContent/Props/SM_PillarFrame.ubulk" 4895
"C:/Users/user/Documents/Unreal Projects/AdvancedCombatDemo/Content/StarterContent/Props/SM_PillarFrame.uasset" 4896
"C:/Users/user/Documents/Unreal Projects/AdvancedCombatDemo/Content/StarterContent/Props/SM_PillarFrame.uexp" 4897
"C:/Users/user/Documents/Unreal Projects/AdvancedCombatDemo/Content/StarterContent/Textures/T_TableRound_N.ubulk" 4898
"C:/Users/user/Documents/Unreal Projects/AdvancedCombatDemo/Content/StarterContent/Textures/T_TableRound_N.uasset" 4899
"C:/Users/user/Documents/Unreal Projects/AdvancedCombatDemo/Content/StarterContent/Textures/T_TableRound_N.uexp" 4900
"C:/Users/user/Documents/Unreal Projects/AdvancedCombatDemo/Content/StarterContent/Textures/T_TableRound_M.ubulk" 4901
"C:/Users/user/Documents/Unreal Projects/AdvancedCombatDemo/Content/StarterContent/Textures/T_TableRound_M.uasset" 4902
"C:/Users/user/Documents/Unreal Projects/AdvancedCombatDemo/Content/StarterContent/Textures/T_TableRound_M.uexp" 4903
"C:/Users/user/Documents/Unreal Projects/AdvancedCombatDemo/Content/StarterContent/Props/Materials/M_TableRound.uasset" 4904
"C:/Users/user/Documents/Unreal Projects/AdvancedCombatDemo/Content/StarterContent/Props/Materials/M_TableRound.uexp" 4905
"C:/Users/user/Documents/Unreal Projects/AdvancedCombatDemo/Content/StarterContent/Props/SM_TableRound.ubulk" 4906
"C:/Users/user/Documents/Unreal Projects/AdvancedCombatDemo/Content/StarterContent/Props/SM_TableRound.uasset" 4907
"C:/Users/user/Documents/Unreal Projects/AdvancedCombatDemo/Content/StarterContent/Props/SM_TableRound.uexp" 4908
"C:/Users/user/Documents/Unreal Projects/AdvancedCombatDemo/Content/StarterContent/Textures/T_Fire_Tiled_D.ubulk" 4909
"C:/Users/user/Documents/Unreal Projects/AdvancedCombatDemo/Content/StarterContent/Textures/T_Fire_Tiled_D.uasset" 4910
"C:/Users/user/Documents/Unreal Projects/AdvancedCombatDemo/Content/StarterContent/Textures/T_Fire_Tiled_D.uexp" 4911
"C:/Users/user/Documents/Unreal Projects/AdvancedCombatDemo/Content/StarterContent/Textures/T_Fire_SubUV.ubulk" 4912
"C:/Users/user/Documents/Unreal Projects/AdvancedCombatDemo/Content/StarterContent/Textures/T_Fire_SubUV.uasset" 4913
"C:/Users/user/Documents/Unreal Projects/AdvancedCombatDemo/Content/StarterContent/Textures/T_Fire_SubUV.uexp" 4914
"C:/Users/user/Documents/Unreal Projects/AdvancedCombatDemo/Content/StarterContent/Particles/Materials/M_Fire_SubUV.uasset" 4915
"C:/Users/user/Documents/Unreal Projects/AdvancedCombatDemo/Content/StarterContent/Particles/Materials/M_Fire_SubUV.uexp" 4916
"C:/Users/user/Documents/Unreal Projects/AdvancedCombatDemo/Content/StarterContent/Particles/Materials/M_Heat_Distortion.uasset" 4917
"C:/Users/user/Documents/Unreal Projects/AdvancedCombatDemo/Content/StarterContent/Particles/Materials/M_Heat_Distortion.uexp" 4918
"C:/Users/user/Documents/Unreal Projects/AdvancedCombatDemo/Content/StarterContent/Particles/P_Fire.uasset" 4919
"C:/Users/user/Documents/Unreal Projects/AdvancedCombatDemo/Content/StarterContent/Particles/P_Fire.uexp" 4920
"C:/Users/user/Documents/Unreal Projects/AdvancedCombatDemo/Content/StarterContent/Audio/Fire01_Cue.uasset" 4921
"C:/Users/user/Documents/Unreal Projects/AdvancedCombatDemo/Content/StarterContent/Audio/Fire01_Cue.uexp" 4922
"C:/Users/user/Documents/Unreal Projects/AdvancedCombatDemo/Content/StarterContent/Blueprints/Blueprint_Effect_Fire.uasset" 4923
"C:/Users/user/Documents/Unreal Projects/AdvancedCombatDemo/Content/StarterContent/Blueprints/Blueprint_Effect_Fire.uexp" 4924
"C:/Users/user/Documents/Unreal Projects/AdvancedCombatDemo/Content/StarterContent/Textures/T_Wood_Oak_N.ubulk" 4925
"C:/Users/user/Documents/Unreal Projects/AdvancedCombatDemo/Content/StarterContent/Textures/T_Wood_Oak_N.uasset" 4926
"C:/Users/user/Documents/Unreal Projects/AdvancedCombatDemo/Content/StarterContent/Textures/T_Wood_Oak_N.uexp" 4927
"C:/Users/user/Documents/Unreal Projects/AdvancedCombatDemo/Content/StarterContent/Textures/T_Wood_Oak_D.ubulk" 4928
"C:/Users/user/Documents/Unreal Projects/AdvancedCombatDemo/Content/StarterContent/Textures/T_Wood_Oak_D.uasset" 4929
"C:/Users/user/Documents/Unreal Projects/AdvancedCombatDemo/Content/StarterContent/Textures/T_Wood_Oak_D.uexp" 4930
"C:/Users/user/Documents/Unreal Projects/AdvancedCombatDemo/Content/StarterContent/Materials/M_Wood_Oak.uasset" 4931
"C:/Users/user/Documents/Unreal Projects/AdvancedCombatDemo/Content/StarterContent/Materials/M_Wood_Oak.uexp" 4932
"C:/Users/user/Documents/Unreal Projects/AdvancedCombatDemo/Content/StarterContent/Architecture/Wall_Window_400x300.ubulk" 4933
"C:/Users/user/Documents/Unreal Projects/AdvancedCombatDemo/Content/StarterContent/Architecture/Wall_Window_400x300.uasset" 4934
"C:/Users/user/Documents/Unreal Projects/AdvancedCombatDemo/Content/StarterContent/Architecture/Wall_Window_400x300.uexp" 4935
"C:/Users/user/Documents/Unreal Projects/AdvancedCombatDemo/Content/StarterContent/Textures/T_Brick_Hewn_Stone_N.ubulk" 4936
"C:/Users/user/Documents/Unreal Projects/AdvancedCombatDemo/Content/StarterContent/Textures/T_Brick_Hewn_Stone_N.uasset" 4937
"C:/Users/user/Documents/Unreal Projects/AdvancedCombatDemo/Content/StarterContent/Textures/T_Brick_Hewn_Stone_N.uexp" 4938
"C:/Users/user/Documents/Unreal Projects/AdvancedCombatDemo/Content/StarterContent/Textures/T_Brick_Hewn_Stone_D.ubulk" 4939
"C:/Users/user/Documents/Unreal Projects/AdvancedCombatDemo/Content/StarterContent/Textures/T_Brick_Hewn_Stone_D.uasset" 4940
"C:/Users/user/Documents/Unreal Projects/AdvancedCombatDemo/Content/StarterContent/Textures/T_Brick_Hewn_Stone_D.uexp" 4941
"C:/Users/user/Documents/Unreal Projects/AdvancedCombatDemo/Content/StarterContent/Textures/T_Brick_Hewn_Stone_M.ubulk" 4942
"C:/Users/user/Documents/Unreal Projects/AdvancedCombatDemo/Content/StarterContent/Textures/T_Brick_Hewn_Stone_M.uasset" 4943
"C:/Users/user/Documents/Unreal Projects/AdvancedCombatDemo/Content/StarterContent/Textures/T_Brick_Hewn_Stone_M.uexp" 4944
"C:/Users/user/Documents/Unreal Projects/AdvancedCombatDemo/Content/StarterContent/Materials/M_Brick_Hewn_Stone.uasset" 4945
"C:/Users/user/Documents/Unreal Projects/AdvancedCombatDemo/Content/StarterContent/Materials/M_Brick_Hewn_Stone.uexp" 4946
"C:/Users/user/Documents/Unreal Projects/AdvancedCombatDemo/Content/StarterContent/Audio/Smoke01_Cue.uasset" 4947
"C:/Users/user/Documents/Unreal Projects/AdvancedCombatDemo/Content/StarterContent/Audio/Smoke01_Cue.uexp" 4948
"C:/Users/user/Documents/Unreal Projects/AdvancedCombatDemo/Content/StarterContent/Particles/P_Smoke.uasset" 4949
"C:/Users/user/Documents/Unreal Projects/AdvancedCombatDemo/Content/StarterContent/Particles/P_Smoke.uexp" 4950
"C:/Users/user/Documents/Unreal Projects/AdvancedCombatDemo/Content/StarterContent/Blueprints/Blueprint_Effect_Smoke.uasset" 4951
"C:/Users/user/Documents/Unreal Projects/AdvancedCombatDemo/Content/StarterContent/Blueprints/Blueprint_Effect_Smoke.uexp" 4952
"C:/Users/user/Documents/Unreal Projects/AdvancedCombatDemo/Content/StarterContent/Textures/T_CobbleStone_Rough_N.ubulk" 4953
"C:/Users/user/Documents/Unreal Projects/AdvancedCombatDemo/Content/StarterContent/Textures/T_CobbleStone_Rough_N.uasset" 4954
"C:/Users/user/Documents/Unreal Projects/AdvancedCombatDemo/Content/StarterContent/Textures/T_CobbleStone_Rough_N.uexp" 4955
"C:/Users/user/Documents/Unreal Projects/AdvancedCombatDemo/Content/StarterContent/Textures/T_CobbleStone_Rough_D.ubulk" 4956
"C:/Users/user/Documents/Unreal Projects/AdvancedCombatDemo/Content/StarterContent/Textures/T_CobbleStone_Rough_D.uasset" 4957
"C:/Users/user/Documents/Unreal Projects/AdvancedCombatDemo/Content/StarterContent/Textures/T_CobbleStone_Rough_D.uexp" 4958
"C:/Users/user/Documents/Unreal Projects/AdvancedCombatDemo/Content/StarterContent/Materials/M_CobbleStone_Rough.uasset" 4959
"C:/Users/user/Documents/Unreal Projects/AdvancedCombatDemo/Content/StarterContent/Materials/M_CobbleStone_Rough.uexp" 4960
"C:/Users/user/Documents/Unreal Projects/AdvancedCombatDemo/Content/StarterContent/Textures/T_Statue_M.ubulk" 4961
"C:/Users/user/Documents/Unreal Projects/AdvancedCombatDemo/Content/StarterContent/Textures/T_Statue_M.uasset" 4962
"C:/Users/user/Documents/Unreal Projects/AdvancedCombatDemo/Content/StarterContent/Textures/T_Statue_M.uexp" 4963
"C:/Users/user/Documents/Unreal Projects/AdvancedCombatDemo/Content/StarterContent/Textures/T_Statue_N.ubulk" 4964
"C:/Users/user/Documents/Unreal Projects/AdvancedCombatDemo/Content/StarterContent/Textures/T_Statue_N.uasset" 4965
"C:/Users/user/Documents/Unreal Projects/AdvancedCombatDemo/Content/StarterContent/Textures/T_Statue_N.uexp" 4966
"C:/Users/user/Documents/Unreal Projects/AdvancedCombatDemo/Content/StarterContent/Props/Materials/M_Statue.uasset" 4967
"C:/Users/user/Documents/Unreal Projects/AdvancedCombatDemo/Content/StarterContent/Props/Materials/M_Statue.uexp" 4968
"C:/Users/user/Documents/Unreal Projects/AdvancedCombatDemo/Content/StarterContent/Props/Materials/M_StatueGlass.uasset" 4969
"C:/Users/user/Documents/Unreal Projects/AdvancedCombatDemo/Content/StarterContent/Props/Materials/M_StatueGlass.uexp" 4970
"C:/Users/user/Documents/Unreal Projects/AdvancedCombatDemo/Content/StarterContent/Props/SM_Statue.ubulk" 4971
"C:/Users/user/Documents/Unreal Projects/AdvancedCombatDemo/Content/StarterContent/Props/SM_Statue.uasset" 4972
"C:/Users/user/Documents/Unreal Projects/AdvancedCombatDemo/Content/StarterContent/Props/SM_Statue.uexp" 4973
"C:/Users/user/Documents/Unreal Projects/AdvancedCombatDemo/Content/StarterContent/Textures/T_ground_Moss_D.ubulk" 4974
"C:/Users/user/Documents/Unreal Projects/AdvancedCombatDemo/Content/StarterContent/Textures/T_ground_Moss_D.uasset" 4975
"C:/Users/user/Documents/Unreal Projects/AdvancedCombatDemo/Content/StarterContent/Textures/T_ground_Moss_D.uexp" 4976
"C:/Users/user/Documents/Unreal Projects/AdvancedCombatDemo/Content/StarterContent/Textures/T_Ground_Moss_N.ubulk" 4977
"C:/Users/user/Documents/Unreal Projects/AdvancedCombatDemo/Content/StarterContent/Textures/T_Ground_Moss_N.uasset" 4978
"C:/Users/user/Documents/Unreal Projects/AdvancedCombatDemo/Content/StarterContent/Textures/T_Ground_Moss_N.uexp" 4979
"C:/Users/user/Documents/Unreal Projects/AdvancedCombatDemo/Content/StarterContent/Materials/M_Ground_Moss.uasset" 4980
"C:/Users/user/Documents/Unreal Projects/AdvancedCombatDemo/Content/StarterContent/Materials/M_Ground_Moss.uexp" 4981
"C:/Users/user/Documents/Unreal Projects/AdvancedCombatDemo/Content/StarterContent/Props/SM_PillarFrame300.ubulk" 4982
"C:/Users/user/Documents/Unreal Projects/AdvancedCombatDemo/Content/StarterContent/Props/SM_PillarFrame300.uasset" 4983
"C:/Users/user/Documents/Unreal Projects/AdvancedCombatDemo/Content/StarterContent/Props/SM_PillarFrame300.uexp" 4984
"C:/Users/user/Documents/Unreal Projects/AdvancedCombatDemo/Content/StarterContent/Materials/M_Metal_Chrome.uasset" 4985
"C:/Users/user/Documents/Unreal Projects/AdvancedCombatDemo/Content/StarterContent/Materials/M_Metal_Chrome.uexp" 4986
"C:/Users/user/Documents/Unreal Projects/AdvancedCombatDemo/Content/StarterContent/Textures/T_Metal_Gold_D.ubulk" 4987
"C:/Users/user/Documents/Unreal Projects/AdvancedCombatDemo/Content/StarterContent/Textures/T_Metal_Gold_D.uasset" 4988
"C:/Users/user/Documents/Unreal Projects/AdvancedCombatDemo/Content/StarterContent/Textures/T_Metal_Gold_D.uexp" 4989
"C:/Users/user/Documents/Unreal Projects/AdvancedCombatDemo/Content/StarterContent/Materials/M_Metal_Gold.uasset" 4990
"C:/Users/user/Documents/Unreal Projects/AdvancedCombatDemo/Content/StarterContent/Materials/M_Metal_Gold.uexp" 4991
"C:/Users/user/Documents/Unreal Projects/AdvancedCombatDemo/Content/StarterContent/Textures/T_Ground_Grass_D.ubulk" 4992
"C:/Users/user/Documents/Unreal Projects/AdvancedCombatDemo/Content/StarterContent/Textures/T_Ground_Grass_D.uasset" 4993
"C:/Users/user/Documents/Unreal Projects/AdvancedCombatDemo/Content/StarterContent/Textures/T_Ground_Grass_D.uexp" 4994
"C:/Users/user/Documents/Unreal Projects/AdvancedCombatDemo/Content/StarterContent/Textures/T_Ground_Grass_N.ubulk" 4995
"C:/Users/user/Documents/Unreal Projects/AdvancedCombatDemo/Content/StarterContent/Textures/T_Ground_Grass_N.uasset" 4996
"C:/Users/user/Documents/Unreal Projects/AdvancedCombatDemo/Content/StarterContent/Textures/T_Ground_Grass_N.uexp" 4997
"C:/Users/user/Documents/Unreal Projects/AdvancedCombatDemo/Content/StarterContent/Materials/M_Ground_Grass.uasset" 4998
"C:/Users/user/Documents/Unreal Projects/AdvancedCombatDemo/Content/StarterContent/Materials/M_Ground_Grass.uexp" 4999
"C:/Users/user/Documents/Unreal Projects/AdvancedCombatDemo/Content/StarterContent/Audio/Starter_Background_Cue.uasset" 5000
"C:/Users/user/Documents/Unreal Projects/AdvancedCombatDemo/Content/StarterContent/Audio/Starter_Background_Cue.uexp" 5001
"C:/Users/user/Documents/Unreal Projects/AdvancedCombatDemo/Content/StarterContent/Maps/StarterMap_BuiltData.ubulk" 5002
"C:/Users/user/Documents/Unreal Projects/AdvancedCombatDemo/Content/StarterContent/Maps/StarterMap_BuiltData.uasset" 5003
"C:/Users/user/Documents/Unreal Projects/AdvancedCombatDemo/Content/StarterContent/Maps/StarterMap_BuiltData.uexp" 5004
"C:/Users/user/Documents/Unreal Projects/AdvancedCombatDemo/Content/StarterContent/Props/SM_CornerFrame.ubulk" 5005
"C:/Users/user/Documents/Unreal Projects/AdvancedCombatDemo/Content/StarterContent/Props/SM_CornerFrame.uasset" 5006
"C:/Users/user/Documents/Unreal Projects/AdvancedCombatDemo/Content/StarterContent/Props/SM_CornerFrame.uexp" 5007
"C:/Users/user/Documents/Unreal Projects/AdvancedCombatDemo/Content/StarterContent/Shapes/Shape_Sphere.ubulk" 5008
"C:/Users/user/Documents/Unreal Projects/AdvancedCombatDemo/Content/StarterContent/Shapes/Shape_Sphere.uasset" 5009
"C:/Users/user/Documents/Unreal Projects/AdvancedCombatDemo/Content/StarterContent/Shapes/Shape_Sphere.uexp" 5010
"C:/Users/user/Documents/Unreal Projects/AdvancedCombatDemo/Content/StarterContent/Audio/Starter_Music_Cue.uasset" 5011
"C:/Users/user/Documents/Unreal Projects/AdvancedCombatDemo/Content/StarterContent/Audio/Starter_Music_Cue.uexp" 5012
"C:/Users/user/Documents/Unreal Projects/AdvancedCombatDemo/Content/StarterContent/Shapes/Shape_QuadPyramid.ubulk" 5013
"C:/Users/user/Documents/Unreal Projects/AdvancedCombatDemo/Content/StarterContent/Shapes/Shape_QuadPyramid.uasset" 5014
"C:/Users/user/Documents/Unreal Projects/AdvancedCombatDemo/Content/StarterContent/Shapes/Shape_QuadPyramid.uexp" 5015
"C:/Users/user/Documents/Unreal Projects/AdvancedCombatDemo/Content/StarterContent/Textures/T_Brick_Clay_New_D.ubulk" 5016
"C:/Users/user/Documents/Unreal Projects/AdvancedCombatDemo/Content/StarterContent/Textures/T_Brick_Clay_New_D.uasset" 5017
"C:/Users/user/Documents/Unreal Projects/AdvancedCombatDemo/Content/StarterContent/Textures/T_Brick_Clay_New_D.uexp" 5018
"C:/Users/user/Documents/Unreal Projects/AdvancedCombatDemo/Content/StarterContent/Textures/T_Brick_Clay_New_M.uasset" 5019
"C:/Users/user/Documents/Unreal Projects/AdvancedCombatDemo/Content/StarterContent/Textures/T_Brick_Clay_New_M.uexp" 5020
"C:/Users/user/Documents/Unreal Projects/AdvancedCombatDemo/Content/StarterContent/Textures/T_Brick_Clay_New_N.uasset" 5021
"C:/Users/user/Documents/Unreal Projects/AdvancedCombatDemo/Content/StarterContent/Textures/T_Brick_Clay_New_N.uexp" 5022
"C:/Users/user/Documents/Unreal Projects/AdvancedCombatDemo/Content/StarterContent/Materials/M_Brick_Clay_New.uasset" 5023
"C:/Users/user/Documents/Unreal Projects/AdvancedCombatDemo/Content/StarterContent/Materials/M_Brick_Clay_New.uexp" 5024
"C:/Users/user/Documents/Unreal Projects/AdvancedCombatDemo/Content/StarterContent/Textures/T_Metal_Aluminum_D.ubulk" 5025
"C:/Users/user/Documents/Unreal Projects/AdvancedCombatDemo/Content/StarterContent/Textures/T_Metal_Aluminum_D.uasset" 5026
"C:/Users/user/Documents/Unreal Projects/AdvancedCombatDemo/Content/StarterContent/Textures/T_Metal_Aluminum_D.uexp" 5027
"C:/Users/user/Documents/Unreal Projects/AdvancedCombatDemo/Content/StarterContent/Materials/M_Metal_Burnished_Steel.uasset" 5028
"C:/Users/user/Documents/Unreal Projects/AdvancedCombatDemo/Content/StarterContent/Materials/M_Metal_Burnished_Steel.uexp" 5029
"C:/Users/user/Documents/Unreal Projects/AdvancedCombatDemo/Content/StarterContent/Props/SM_Chair.ubulk" 5030
"C:/Users/user/Documents/Unreal Projects/AdvancedCombatDemo/Content/StarterContent/Props/SM_Chair.uasset" 5031
"C:/Users/user/Documents/Unreal Projects/AdvancedCombatDemo/Content/StarterContent/Props/SM_Chair.uexp" 5032
"C:/Users/user/Documents/Unreal Projects/AdvancedCombatDemo/Content/StarterContent/Textures/T_Concrete_Panels_D.ubulk" 5033
"C:/Users/user/Documents/Unreal Projects/AdvancedCombatDemo/Content/StarterContent/Textures/T_Concrete_Panels_D.uasset" 5034
"C:/Users/user/Documents/Unreal Projects/AdvancedCombatDemo/Content/StarterContent/Textures/T_Concrete_Panels_D.uexp" 5035
"C:/Users/user/Documents/Unreal Projects/AdvancedCombatDemo/Content/StarterContent/Textures/T_Concrete_Panels_N.ubulk" 5036
"C:/Users/user/Documents/Unreal Projects/AdvancedCombatDemo/Content/StarterContent/Textures/T_Concrete_Panels_N.uasset" 5037
"C:/Users/user/Documents/Unreal Projects/AdvancedCombatDemo/Content/StarterContent/Textures/T_Concrete_Panels_N.uexp" 5038
"C:/Users/user/Documents/Unreal Projects/AdvancedCombatDemo/Content/StarterContent/Materials/M_Concrete_Panels.uasset" 5039
"C:/Users/user/Documents/Unreal Projects/AdvancedCombatDemo/Content/StarterContent/Materials/M_Concrete_Panels.uexp" 5040
"C:/Users/user/Documents/Unreal Projects/AdvancedCombatDemo/Content/StarterContent/Maps/StarterMap.uexp" 5041
"C:/Users/user/Documents/Unreal Projects/AdvancedCombatDemo/Content/StarterContent/Maps/StarterMap.umap" 5042
"C:/Users/user/Documents/Unreal Projects/AdvancedCombatDemo/Content/StarterContent/Maps/Minimal_Default_BuiltData.ubulk" 5043
"C:/Users/user/Documents/Unreal Projects/AdvancedCombatDemo/Content/StarterContent/Maps/Minimal_Default_BuiltData.uasset" 5044
"C:/Users/user/Documents/Unreal Projects/AdvancedCombatDemo/Content/StarterContent/Maps/Minimal_Default_BuiltData.uexp" 5045
"C:/Users/user/Documents/Unreal Projects/AdvancedCombatDemo/Content/StarterContent/Maps/Minimal_Default.uexp" 5046
"C:/Users/user/Documents/Unreal Projects/AdvancedCombatDemo/Content/StarterContent/Maps/Minimal_Default.umap" 5047
"C:/Users/user/Documents/Unreal Projects/AdvancedCombatDemo/Content/StarterContent/Maps/Advanced_Lighting_BuiltData.ubulk" 5048
"C:/Users/user/Documents/Unreal Projects/AdvancedCombatDemo/Content/StarterContent/Maps/Advanced_Lighting_BuiltData.uasset" 5049
"C:/Users/user/Documents/Unreal Projects/AdvancedCombatDemo/Content/StarterContent/Maps/Advanced_Lighting_BuiltData.uexp" 5050
"C:/Users/user/Documents/Unreal Projects/AdvancedCombatDemo/Content/StarterContent/Materials/M_AssetPlatform.uasset" 5051
"C:/Users/user/Documents/Unreal Projects/AdvancedCombatDemo/Content/StarterContent/Materials/M_AssetPlatform.uexp" 5052
"C:/Users/user/Documents/Unreal Projects/AdvancedCombatDemo/Content/StarterContent/Architecture/SM_AssetPlatform.ubulk" 5053
"C:/Users/user/Documents/Unreal Projects/AdvancedCombatDemo/Content/StarterContent/Architecture/SM_AssetPlatform.uasset" 5054
"C:/Users/user/Documents/Unreal Projects/AdvancedCombatDemo/Content/StarterContent/Architecture/SM_AssetPlatform.uexp" 5055
"../../../Engine/Content/MapTemplates/Sky/DaylightAmbientCubemap.uasset" 5056
"../../../Engine/Content/MapTemplates/Sky/DaylightAmbientCubemap.uexp" 5057
"C:/Users/user/Documents/Unreal Projects/AdvancedCombatDemo/Content/StarterContent/Blueprints/Assets/M_LightStage_Skybox_Master.uasset" 5058
"C:/Users/user/Documents/Unreal Projects/AdvancedCombatDemo/Content/StarterContent/Blueprints/Assets/M_LightStage_Skybox_Master.uexp" 5059
"C:/Users/user/Documents/Unreal Projects/AdvancedCombatDemo/Content/StarterContent/Blueprints/Assets/M_LightStage_Skybox_HDRI.uasset" 5060
"C:/Users/user/Documents/Unreal Projects/AdvancedCombatDemo/Content/StarterContent/Blueprints/Assets/M_LightStage_Skybox_HDRI.uexp" 5061
"C:/Users/user/Documents/Unreal Projects/AdvancedCombatDemo/Content/StarterContent/Blueprints/Assets/SunlightColorLUT.uasset" 5062
"C:/Users/user/Documents/Unreal Projects/AdvancedCombatDemo/Content/StarterContent/Blueprints/Assets/SunlightColorLUT.uexp" 5063
"C:/Users/user/Documents/Unreal Projects/AdvancedCombatDemo/Content/StarterContent/Blueprints/Assets/M_LightStage_Skybox_Black.uasset" 5064
"C:/Users/user/Documents/Unreal Projects/AdvancedCombatDemo/Content/StarterContent/Blueprints/Assets/M_LightStage_Skybox_Black.uexp" 5065
"C:/Users/user/Documents/Unreal Projects/AdvancedCombatDemo/Content/StarterContent/Blueprints/Assets/FogBrightnessLUT.uasset" 5066
"C:/Users/user/Documents/Unreal Projects/AdvancedCombatDemo/Content/StarterContent/Blueprints/Assets/FogBrightnessLUT.uexp" 5067
"C:/Users/user/Documents/Unreal Projects/AdvancedCombatDemo/Content/StarterContent/Blueprints/Assets/SM_Arrows.ubulk" 5068
"C:/Users/user/Documents/Unreal Projects/AdvancedCombatDemo/Content/StarterContent/Blueprints/Assets/SM_Arrows.uasset" 5069
"C:/Users/user/Documents/Unreal Projects/AdvancedCombatDemo/Content/StarterContent/Blueprints/Assets/SM_Arrows.uexp" 5070
"C:/Users/user/Documents/Unreal Projects/AdvancedCombatDemo/Content/StarterContent/Blueprints/Assets/M_LightStage_Arrows.uasset" 5071
"C:/Users/user/Documents/Unreal Projects/AdvancedCombatDemo/Content/StarterContent/Blueprints/Assets/M_LightStage_Arrows.uexp" 5072
"../../../Engine/Content/ArtTools/RenderToTexture/MaterialFunctions/CheckerPattern.uasset" 5073
"../../../Engine/Content/ArtTools/RenderToTexture/MaterialFunctions/CheckerPattern.uexp" 5074
"../../../Engine/Content/Functions/Engine_MaterialFunctions02/ScreenResolution.uasset" 5075
"../../../Engine/Content/Functions/Engine_MaterialFunctions02/ScreenResolution.uexp" 5076
"../../../Engine/Content/Functions/Engine_MaterialFunctions02/Texturing/ScreenAlignedUVs.uasset" 5077
"../../../Engine/Content/Functions/Engine_MaterialFunctions02/Texturing/ScreenAlignedUVs.uexp" 5078
"../../../Engine/Content/EditorMaterials/Thumbnails/SkySphereMaterial.uasset" 5079
"../../../Engine/Content/EditorMaterials/Thumbnails/SkySphereMaterial.uexp" 5080
"C:/Users/user/Documents/Unreal Projects/AdvancedCombatDemo/Content/StarterContent/Blueprints/Assets/Skybox.ubulk" 5081
"C:/Users/user/Documents/Unreal Projects/AdvancedCombatDemo/Content/StarterContent/Blueprints/Assets/Skybox.uasset" 5082
"C:/Users/user/Documents/Unreal Projects/AdvancedCombatDemo/Content/StarterContent/Blueprints/Assets/Skybox.uexp" 5083
"C:/Users/user/Documents/Unreal Projects/AdvancedCombatDemo/Content/StarterContent/Blueprints/BP_LightStudio.uasset" 5084
"C:/Users/user/Documents/Unreal Projects/AdvancedCombatDemo/Content/StarterContent/Blueprints/BP_LightStudio.uexp" 5085
"../../../Engine/Content/EditorMeshes/ColorCalibrator/M_GreyBall.uasset" 5086
"../../../Engine/Content/EditorMeshes/ColorCalibrator/M_GreyBall.uexp" 5087
"../../../Engine/Content/EditorMeshes/ColorCalibrator/M_ClearCoat.uasset" 5088
"../../../Engine/Content/EditorMeshes/ColorCalibrator/M_ClearCoat.uexp" 5089
"../../../Engine/Content/EditorMeshes/ColorCalibrator/M_ChromeBall.uasset" 5090
"../../../Engine/Content/EditorMeshes/ColorCalibrator/M_ChromeBall.uexp" 5091
"../../../Engine/Content/EditorMeshes/ColorCalibrator/M_ClearCoatBlack.uasset" 5092
"../../../Engine/Content/EditorMeshes/ColorCalibrator/M_ClearCoatBlack.uexp" 5093
"../../../Engine/Content/EditorMeshes/ColorCalibrator/Color_checker.ubulk" 5094
"../../../Engine/Content/EditorMeshes/ColorCalibrator/Color_checker.uasset" 5095
"../../../Engine/Content/EditorMeshes/ColorCalibrator/Color_checker.uexp" 5096
"../../../Engine/Content/EditorMeshes/ColorCalibrator/M_ColorGrid.uasset" 5097
"../../../Engine/Content/EditorMeshes/ColorCalibrator/M_ColorGrid.uexp" 5098
"../../../Engine/Content/EditorMeshes/ColorCalibrator/SM_ColorCalibrator.ubulk" 5099
"../../../Engine/Content/EditorMeshes/ColorCalibrator/SM_ColorCalibrator.uasset" 5100
"../../../Engine/Content/EditorMeshes/ColorCalibrator/SM_ColorCalibrator.uexp" 5101
"C:/Users/user/Documents/Unreal Projects/AdvancedCombatDemo/Content/StarterContent/Maps/Advanced_Lighting.uexp" 5102
"C:/Users/user/Documents/Unreal Projects/AdvancedCombatDemo/Content/StarterContent/Maps/Advanced_Lighting.umap" 5103
"C:/Users/user/Documents/Unreal Projects/AdvancedCombatDemo/Content/Map/_Generated_/02VKXLMLW0XYK5PHD4RDYBB6Z.uexp" 5104
"C:/Users/user/Documents/Unreal Projects/AdvancedCombatDemo/Content/Map/_Generated_/02VKXLMLW0XYK5PHD4RDYBB6Z.ubulk" 5105
"C:/Users/user/Documents/Unreal Projects/AdvancedCombatDemo/Content/Map/_Generated_/02VKXLMLW0XYK5PHD4RDYBB6Z.umap" 5106
"C:/Users/user/Documents/Unreal Projects/AdvancedCombatDemo/Content/Map/_Generated_/0S4T5CBJR08GJTZ77YACWBWTZ.uexp" 5107
"C:/Users/user/Documents/Unreal Projects/AdvancedCombatDemo/Content/Map/_Generated_/0S4T5CBJR08GJTZ77YACWBWTZ.ubulk" 5108
"C:/Users/user/Documents/Unreal Projects/AdvancedCombatDemo/Content/Map/_Generated_/0S4T5CBJR08GJTZ77YACWBWTZ.umap" 5109
"C:/Users/user/Documents/Unreal Projects/AdvancedCombatDemo/Content/Map/_Generated_/5B9D1J4SFCZQ7DIQ87X2ZSQ9E.uexp" 5110
"C:/Users/user/Documents/Unreal Projects/AdvancedCombatDemo/Content/Map/_Generated_/5B9D1J4SFCZQ7DIQ87X2ZSQ9E.ubulk" 5111
"C:/Users/user/Documents/Unreal Projects/AdvancedCombatDemo/Content/Map/_Generated_/5B9D1J4SFCZQ7DIQ87X2ZSQ9E.umap" 5112
"C:/Users/user/Documents/Unreal Projects/AdvancedCombatDemo/Content/Map/_Generated_/582EXGK050YCHXXL17FG1Y2J0.uexp" 5113
"C:/Users/user/Documents/Unreal Projects/AdvancedCombatDemo/Content/Map/_Generated_/582EXGK050YCHXXL17FG1Y2J0.ubulk" 5114
"C:/Users/user/Documents/Unreal Projects/AdvancedCombatDemo/Content/Map/_Generated_/582EXGK050YCHXXL17FG1Y2J0.umap" 5115
"C:/Users/user/Documents/Unreal Projects/AdvancedCombatDemo/Content/Map/_Generated_/BEQ6S60SD2NVN9M74NHJ25OCA.uexp" 5116
"C:/Users/user/Documents/Unreal Projects/AdvancedCombatDemo/Content/Map/_Generated_/BEQ6S60SD2NVN9M74NHJ25OCA.ubulk" 5117
"C:/Users/user/Documents/Unreal Projects/AdvancedCombatDemo/Content/Map/_Generated_/BEQ6S60SD2NVN9M74NHJ25OCA.umap" 5118
"C:/Users/user/Documents/Unreal Projects/AdvancedCombatDemo/Content/Map/_Generated_/103ZYHOKBIHDUIUSBTNIQE675.uexp" 5119
"C:/Users/user/Documents/Unreal Projects/AdvancedCombatDemo/Content/Map/_Generated_/103ZYHOKBIHDUIUSBTNIQE675.ubulk" 5120
"C:/Users/user/Documents/Unreal Projects/AdvancedCombatDemo/Content/Map/_Generated_/103ZYHOKBIHDUIUSBTNIQE675.umap" 5121
"C:/Users/user/Documents/Unreal Projects/AdvancedCombatDemo/Content/Map/_Generated_/5U8LQFGYPX899DFMPWTQ4FT9Z.uexp" 5122
"C:/Users/user/Documents/Unreal Projects/AdvancedCombatDemo/Content/Map/_Generated_/5U8LQFGYPX899DFMPWTQ4FT9Z.ubulk" 5123
"C:/Users/user/Documents/Unreal Projects/AdvancedCombatDemo/Content/Map/_Generated_/5U8LQFGYPX899DFMPWTQ4FT9Z.umap" 5124
"C:/Users/user/Documents/Unreal Projects/AdvancedCombatDemo/Content/Map/_Generated_/CB1APICE06DJIA48BY9244HGF.uexp" 5125
"C:/Users/user/Documents/Unreal Projects/AdvancedCombatDemo/Content/Map/_Generated_/CB1APICE06DJIA48BY9244HGF.ubulk" 5126
"C:/Users/user/Documents/Unreal Projects/AdvancedCombatDemo/Content/Map/_Generated_/CB1APICE06DJIA48BY9244HGF.umap" 5127
"C:/Users/user/Documents/Unreal Projects/AdvancedCombatDemo/Content/Map/_Generated_/B7U52R2T293GE7KEEI6ZOCXE4.uexp" 5128
"C:/Users/user/Documents/Unreal Projects/AdvancedCombatDemo/Content/Map/_Generated_/B7U52R2T293GE7KEEI6ZOCXE4.ubulk" 5129
"C:/Users/user/Documents/Unreal Projects/AdvancedCombatDemo/Content/Map/_Generated_/B7U52R2T293GE7KEEI6ZOCXE4.umap" 5130
"C:/Users/user/Documents/Unreal Projects/AdvancedCombatDemo/Content/Map/_Generated_/B49VS149PV5GXG7FY5X549C3T.uexp" 5131
"C:/Users/user/Documents/Unreal Projects/AdvancedCombatDemo/Content/Map/_Generated_/B49VS149PV5GXG7FY5X549C3T.ubulk" 5132
"C:/Users/user/Documents/Unreal Projects/AdvancedCombatDemo/Content/Map/_Generated_/B49VS149PV5GXG7FY5X549C3T.umap" 5133
"C:/Users/user/Documents/Unreal Projects/AdvancedCombatDemo/Content/Map/_Generated_/81U44R40BQ7PE4RYSZFV0MA9U.uexp" 5134
"C:/Users/user/Documents/Unreal Projects/AdvancedCombatDemo/Content/Map/_Generated_/81U44R40BQ7PE4RYSZFV0MA9U.ubulk" 5135
"C:/Users/user/Documents/Unreal Projects/AdvancedCombatDemo/Content/Map/_Generated_/81U44R40BQ7PE4RYSZFV0MA9U.umap" 5136
"C:/Users/user/Documents/Unreal Projects/AdvancedCombatDemo/Content/Map/_Generated_/EHOP2EEXNVRFS7FRFDF7Z64EX.uexp" 5137
"C:/Users/user/Documents/Unreal Projects/AdvancedCombatDemo/Content/Map/_Generated_/EHOP2EEXNVRFS7FRFDF7Z64EX.ubulk" 5138
"C:/Users/user/Documents/Unreal Projects/AdvancedCombatDemo/Content/Map/_Generated_/EHOP2EEXNVRFS7FRFDF7Z64EX.umap" 5139
"C:/Users/user/Documents/Unreal Projects/AdvancedCombatDemo/Content/Map/_Generated_/4T4FXBTYRUDOZS1L3I7YZ3JEQ.uexp" 5140
"C:/Users/user/Documents/Unreal Projects/AdvancedCombatDemo/Content/Map/_Generated_/4T4FXBTYRUDOZS1L3I7YZ3JEQ.ubulk" 5141
"C:/Users/user/Documents/Unreal Projects/AdvancedCombatDemo/Content/Map/_Generated_/4T4FXBTYRUDOZS1L3I7YZ3JEQ.umap" 5142
"C:/Users/user/Documents/Unreal Projects/AdvancedCombatDemo/Content/Map/_Generated_/099RVJREMJUJEPR7TGZG4BGGD.uexp" 5143
"C:/Users/user/Documents/Unreal Projects/AdvancedCombatDemo/Content/Map/_Generated_/099RVJREMJUJEPR7TGZG4BGGD.ubulk" 5144
"C:/Users/user/Documents/Unreal Projects/AdvancedCombatDemo/Content/Map/_Generated_/099RVJREMJUJEPR7TGZG4BGGD.umap" 5145
"C:/Users/user/Documents/Unreal Projects/AdvancedCombatDemo/Content/Map/_Generated_/D828TYTIVQS1BWT51QV1OWK3U.uexp" 5146
"C:/Users/user/Documents/Unreal Projects/AdvancedCombatDemo/Content/Map/_Generated_/D828TYTIVQS1BWT51QV1OWK3U.ubulk" 5147
"C:/Users/user/Documents/Unreal Projects/AdvancedCombatDemo/Content/Map/_Generated_/D828TYTIVQS1BWT51QV1OWK3U.umap" 5148
"C:/Users/user/Documents/Unreal Projects/AdvancedCombatDemo/Content/Map/_Generated_/6CM1MCN5T07TCV7BEMF6S0LO2.uexp" 5149
"C:/Users/user/Documents/Unreal Projects/AdvancedCombatDemo/Content/Map/_Generated_/6CM1MCN5T07TCV7BEMF6S0LO2.ubulk" 5150
"C:/Users/user/Documents/Unreal Projects/AdvancedCombatDemo/Content/Map/_Generated_/6CM1MCN5T07TCV7BEMF6S0LO2.umap" 5151
"C:/Users/user/Documents/Unreal Projects/AdvancedCombatDemo/Content/Map/_Generated_/2WBFH13HHS7B5C1KLL701JL9N.uexp" 5152
"C:/Users/user/Documents/Unreal Projects/AdvancedCombatDemo/Content/Map/_Generated_/2WBFH13HHS7B5C1KLL701JL9N.ubulk" 5153
"C:/Users/user/Documents/Unreal Projects/AdvancedCombatDemo/Content/Map/_Generated_/2WBFH13HHS7B5C1KLL701JL9N.umap" 5154
"C:/Users/user/Documents/Unreal Projects/AdvancedCombatDemo/Content/Map/_Generated_/3WILDYTPMVXMF7ND9TUSCIGYC.uexp" 5155
"C:/Users/user/Documents/Unreal Projects/AdvancedCombatDemo/Content/Map/_Generated_/3WILDYTPMVXMF7ND9TUSCIGYC.ubulk" 5156
"C:/Users/user/Documents/Unreal Projects/AdvancedCombatDemo/Content/Map/_Generated_/3WILDYTPMVXMF7ND9TUSCIGYC.umap" 5157
"C:/Users/user/Documents/Unreal Projects/AdvancedCombatDemo/Content/Map/_Generated_/4SKVLGFNVZPKE1C8RK4H2FVQB.uexp" 5158
"C:/Users/user/Documents/Unreal Projects/AdvancedCombatDemo/Content/Map/_Generated_/4SKVLGFNVZPKE1C8RK4H2FVQB.ubulk" 5159
"C:/Users/user/Documents/Unreal Projects/AdvancedCombatDemo/Content/Map/_Generated_/4SKVLGFNVZPKE1C8RK4H2FVQB.umap" 5160
"C:/Users/user/Documents/Unreal Projects/AdvancedCombatDemo/Content/Map/_Generated_/5397JIIVOPV1KQFRVB0AI8L45.uexp" 5161
"C:/Users/user/Documents/Unreal Projects/AdvancedCombatDemo/Content/Map/_Generated_/5397JIIVOPV1KQFRVB0AI8L45.ubulk" 5162
"C:/Users/user/Documents/Unreal Projects/AdvancedCombatDemo/Content/Map/_Generated_/5397JIIVOPV1KQFRVB0AI8L45.umap" 5163
"C:/Users/user/Documents/Unreal Projects/AdvancedCombatDemo/Content/Map/_Generated_/848DS4TDUSTXR2WM6IJP95UUH.uexp" 5164
"C:/Users/user/Documents/Unreal Projects/AdvancedCombatDemo/Content/Map/_Generated_/848DS4TDUSTXR2WM6IJP95UUH.ubulk" 5165
"C:/Users/user/Documents/Unreal Projects/AdvancedCombatDemo/Content/Map/_Generated_/848DS4TDUSTXR2WM6IJP95UUH.umap" 5166
"C:/Users/user/Documents/Unreal Projects/AdvancedCombatDemo/Content/Map/_Generated_/42G5UO97SEZIKKGB5NXL7QF7O.uexp" 5167
"C:/Users/user/Documents/Unreal Projects/AdvancedCombatDemo/Content/Map/_Generated_/42G5UO97SEZIKKGB5NXL7QF7O.ubulk" 5168
"C:/Users/user/Documents/Unreal Projects/AdvancedCombatDemo/Content/Map/_Generated_/42G5UO97SEZIKKGB5NXL7QF7O.umap" 5169
"C:/Users/user/Documents/Unreal Projects/AdvancedCombatDemo/Content/Map/_Generated_/48D2XNLBPUAH6PXBBH19O8TIA.uexp" 5170
"C:/Users/user/Documents/Unreal Projects/AdvancedCombatDemo/Content/Map/_Generated_/48D2XNLBPUAH6PXBBH19O8TIA.ubulk" 5171
"C:/Users/user/Documents/Unreal Projects/AdvancedCombatDemo/Content/Map/_Generated_/48D2XNLBPUAH6PXBBH19O8TIA.umap" 5172
"C:/Users/user/Documents/Unreal Projects/AdvancedCombatDemo/Content/Map/_Generated_/D1D7GS2WSJBR7U1PJW260D2B3.uexp" 5173
"C:/Users/user/Documents/Unreal Projects/AdvancedCombatDemo/Content/Map/_Generated_/D1D7GS2WSJBR7U1PJW260D2B3.ubulk" 5174
"C:/Users/user/Documents/Unreal Projects/AdvancedCombatDemo/Content/Map/_Generated_/D1D7GS2WSJBR7U1PJW260D2B3.umap" 5175
"C:/Users/user/Documents/Unreal Projects/AdvancedCombatDemo/Content/Map/_Generated_/0AET7ONDDHRMM2BKP41786XCX.uexp" 5176
"C:/Users/user/Documents/Unreal Projects/AdvancedCombatDemo/Content/Map/_Generated_/0AET7ONDDHRMM2BKP41786XCX.ubulk" 5177
"C:/Users/user/Documents/Unreal Projects/AdvancedCombatDemo/Content/Map/_Generated_/0AET7ONDDHRMM2BKP41786XCX.umap" 5178
"C:/Users/user/Documents/Unreal Projects/AdvancedCombatDemo/Content/Map/_Generated_/EP5CKMYJDG26DRJN3FO8KY5ME.uexp" 5179
"C:/Users/user/Documents/Unreal Projects/AdvancedCombatDemo/Content/Map/_Generated_/EP5CKMYJDG26DRJN3FO8KY5ME.ubulk" 5180
"C:/Users/user/Documents/Unreal Projects/AdvancedCombatDemo/Content/Map/_Generated_/EP5CKMYJDG26DRJN3FO8KY5ME.umap" 5181
"C:/Users/user/Documents/Unreal Projects/AdvancedCombatDemo/Content/Map/_Generated_/6C96ZLE8F9UNNP43LEVGEYC76.uexp" 5182
"C:/Users/user/Documents/Unreal Projects/AdvancedCombatDemo/Content/Map/_Generated_/6C96ZLE8F9UNNP43LEVGEYC76.ubulk" 5183
"C:/Users/user/Documents/Unreal Projects/AdvancedCombatDemo/Content/Map/_Generated_/6C96ZLE8F9UNNP43LEVGEYC76.umap" 5184
"C:/Users/user/Documents/Unreal Projects/AdvancedCombatDemo/Content/Map/_Generated_/0J88P896RG35R312EWEKR9SE5.uexp" 5185
"C:/Users/user/Documents/Unreal Projects/AdvancedCombatDemo/Content/Map/_Generated_/0J88P896RG35R312EWEKR9SE5.ubulk" 5186
"C:/Users/user/Documents/Unreal Projects/AdvancedCombatDemo/Content/Map/_Generated_/0J88P896RG35R312EWEKR9SE5.umap" 5187
"C:/Users/user/Documents/Unreal Projects/AdvancedCombatDemo/Content/Map/_Generated_/B3BMQR3EI1LGT4GDRBM2HU246.uexp" 5188
"C:/Users/user/Documents/Unreal Projects/AdvancedCombatDemo/Content/Map/_Generated_/B3BMQR3EI1LGT4GDRBM2HU246.ubulk" 5189
"C:/Users/user/Documents/Unreal Projects/AdvancedCombatDemo/Content/Map/_Generated_/B3BMQR3EI1LGT4GDRBM2HU246.umap" 5190
"C:/Users/user/Documents/Unreal Projects/AdvancedCombatDemo/Content/Map/_Generated_/83Y08Q2U4HHRMDALR3JSPO1P9.uexp" 5191
"C:/Users/user/Documents/Unreal Projects/AdvancedCombatDemo/Content/Map/_Generated_/83Y08Q2U4HHRMDALR3JSPO1P9.ubulk" 5192
"C:/Users/user/Documents/Unreal Projects/AdvancedCombatDemo/Content/Map/_Generated_/83Y08Q2U4HHRMDALR3JSPO1P9.umap" 5193
"C:/Users/user/Documents/Unreal Projects/AdvancedCombatDemo/Content/Map/_Generated_/ANKUIM9FL1ZP008X1QIDZJ6DY.uexp" 5194
"C:/Users/user/Documents/Unreal Projects/AdvancedCombatDemo/Content/Map/_Generated_/ANKUIM9FL1ZP008X1QIDZJ6DY.ubulk" 5195
"C:/Users/user/Documents/Unreal Projects/AdvancedCombatDemo/Content/Map/_Generated_/ANKUIM9FL1ZP008X1QIDZJ6DY.umap" 5196
"C:/Users/user/Documents/Unreal Projects/AdvancedCombatDemo/Content/Map/_Generated_/0ZE3LQJ8MH7SEIUJN689OF82D.uexp" 5197
"C:/Users/user/Documents/Unreal Projects/AdvancedCombatDemo/Content/Map/_Generated_/0ZE3LQJ8MH7SEIUJN689OF82D.ubulk" 5198
"C:/Users/user/Documents/Unreal Projects/AdvancedCombatDemo/Content/Map/_Generated_/0ZE3LQJ8MH7SEIUJN689OF82D.umap" 5199
"C:/Users/user/Documents/Unreal Projects/AdvancedCombatDemo/Content/Map/_Generated_/BJ6WSPRL7BBOLUP0JCAPODNDH.uexp" 5200
"C:/Users/user/Documents/Unreal Projects/AdvancedCombatDemo/Content/Map/_Generated_/BJ6WSPRL7BBOLUP0JCAPODNDH.ubulk" 5201
"C:/Users/user/Documents/Unreal Projects/AdvancedCombatDemo/Content/Map/_Generated_/BJ6WSPRL7BBOLUP0JCAPODNDH.umap" 5202
"C:/Users/user/Documents/Unreal Projects/AdvancedCombatDemo/Content/Map/_Generated_/8ZAJISRJHOMGXBM7M40TPDGKU.uexp" 5203
"C:/Users/user/Documents/Unreal Projects/AdvancedCombatDemo/Content/Map/_Generated_/8ZAJISRJHOMGXBM7M40TPDGKU.ubulk" 5204
"C:/Users/user/Documents/Unreal Projects/AdvancedCombatDemo/Content/Map/_Generated_/8ZAJISRJHOMGXBM7M40TPDGKU.umap" 5205
"C:/Users/user/Documents/Unreal Projects/AdvancedCombatDemo/Content/Map/_Generated_/9TJLXKBX60GP1L6H9UBKPOIXN.uexp" 5206
"C:/Users/user/Documents/Unreal Projects/AdvancedCombatDemo/Content/Map/_Generated_/9TJLXKBX60GP1L6H9UBKPOIXN.ubulk" 5207
"C:/Users/user/Documents/Unreal Projects/AdvancedCombatDemo/Content/Map/_Generated_/9TJLXKBX60GP1L6H9UBKPOIXN.umap" 5208
"C:/Users/user/Documents/Unreal Projects/AdvancedCombatDemo/Content/Map/_Generated_/CZVJ0JBFUMZ77REFN5LSBURCV.uexp" 5209
"C:/Users/user/Documents/Unreal Projects/AdvancedCombatDemo/Content/Map/_Generated_/CZVJ0JBFUMZ77REFN5LSBURCV.ubulk" 5210
"C:/Users/user/Documents/Unreal Projects/AdvancedCombatDemo/Content/Map/_Generated_/CZVJ0JBFUMZ77REFN5LSBURCV.umap" 5211
"C:/Users/user/Documents/Unreal Projects/AdvancedCombatDemo/Content/Map/_Generated_/3GZ1JTF20X48F297ZXVZB46UY.uexp" 5212
"C:/Users/user/Documents/Unreal Projects/AdvancedCombatDemo/Content/Map/_Generated_/3GZ1JTF20X48F297ZXVZB46UY.ubulk" 5213
"C:/Users/user/Documents/Unreal Projects/AdvancedCombatDemo/Content/Map/_Generated_/3GZ1JTF20X48F297ZXVZB46UY.umap" 5214
"C:/Users/user/Documents/Unreal Projects/AdvancedCombatDemo/Content/Map/_Generated_/0PO46KSP5HOFNRM9I1XZDWNK1.uexp" 5215
"C:/Users/user/Documents/Unreal Projects/AdvancedCombatDemo/Content/Map/_Generated_/0PO46KSP5HOFNRM9I1XZDWNK1.ubulk" 5216
"C:/Users/user/Documents/Unreal Projects/AdvancedCombatDemo/Content/Map/_Generated_/0PO46KSP5HOFNRM9I1XZDWNK1.umap" 5217
"C:/Users/user/Documents/Unreal Projects/AdvancedCombatDemo/Content/Map/_Generated_/47W80A3UQBTR2GCZ9EGPJMDOI.uexp" 5218
"C:/Users/user/Documents/Unreal Projects/AdvancedCombatDemo/Content/Map/_Generated_/47W80A3UQBTR2GCZ9EGPJMDOI.ubulk" 5219
"C:/Users/user/Documents/Unreal Projects/AdvancedCombatDemo/Content/Map/_Generated_/47W80A3UQBTR2GCZ9EGPJMDOI.umap" 5220
"C:/Users/user/Documents/Unreal Projects/AdvancedCombatDemo/Content/Map/_Generated_/6HL2NJVCI658MDWLTLL0GF3Q6.uexp" 5221
"C:/Users/user/Documents/Unreal Projects/AdvancedCombatDemo/Content/Map/_Generated_/6HL2NJVCI658MDWLTLL0GF3Q6.ubulk" 5222
"C:/Users/user/Documents/Unreal Projects/AdvancedCombatDemo/Content/Map/_Generated_/6HL2NJVCI658MDWLTLL0GF3Q6.umap" 5223
"C:/Users/user/Documents/Unreal Projects/AdvancedCombatDemo/Content/Map/_Generated_/EQCW4U45O14EWCI9WKUDCLI2J.uexp" 5224
"C:/Users/user/Documents/Unreal Projects/AdvancedCombatDemo/Content/Map/_Generated_/EQCW4U45O14EWCI9WKUDCLI2J.ubulk" 5225
"C:/Users/user/Documents/Unreal Projects/AdvancedCombatDemo/Content/Map/_Generated_/EQCW4U45O14EWCI9WKUDCLI2J.umap" 5226
"C:/Users/user/Documents/Unreal Projects/AdvancedCombatDemo/Content/Map/_Generated_/9QWDHUMJ4Y6IXKU010QVZUD39.uexp" 5227
"C:/Users/user/Documents/Unreal Projects/AdvancedCombatDemo/Content/Map/_Generated_/9QWDHUMJ4Y6IXKU010QVZUD39.ubulk" 5228
"C:/Users/user/Documents/Unreal Projects/AdvancedCombatDemo/Content/Map/_Generated_/9QWDHUMJ4Y6IXKU010QVZUD39.umap" 5229
"C:/Users/user/Documents/Unreal Projects/AdvancedCombatDemo/Content/Map/_Generated_/226LT0UQ39WFZZDTHPRB1JV27.uexp" 5230
"C:/Users/user/Documents/Unreal Projects/AdvancedCombatDemo/Content/Map/_Generated_/226LT0UQ39WFZZDTHPRB1JV27.ubulk" 5231
"C:/Users/user/Documents/Unreal Projects/AdvancedCombatDemo/Content/Map/_Generated_/226LT0UQ39WFZZDTHPRB1JV27.umap" 5232
"C:/Users/user/Documents/Unreal Projects/AdvancedCombatDemo/Content/Map/_Generated_/7JUGTLY87JKBDQNCUUV9W0R7R.uexp" 5233
"C:/Users/user/Documents/Unreal Projects/AdvancedCombatDemo/Content/Map/_Generated_/7JUGTLY87JKBDQNCUUV9W0R7R.ubulk" 5234
"C:/Users/user/Documents/Unreal Projects/AdvancedCombatDemo/Content/Map/_Generated_/7JUGTLY87JKBDQNCUUV9W0R7R.umap" 5235
"C:/Users/user/Documents/Unreal Projects/AdvancedCombatDemo/Content/Map/_Generated_/C5JAIOQ66W46ASETZO70GS67V.uexp" 5236
"C:/Users/user/Documents/Unreal Projects/AdvancedCombatDemo/Content/Map/_Generated_/C5JAIOQ66W46ASETZO70GS67V.ubulk" 5237
"C:/Users/user/Documents/Unreal Projects/AdvancedCombatDemo/Content/Map/_Generated_/C5JAIOQ66W46ASETZO70GS67V.umap" 5238
"C:/Users/user/Documents/Unreal Projects/AdvancedCombatDemo/Content/Map/_Generated_/60P5I06VI2V5FPHMJS06WEU68.uexp" 5239
"C:/Users/user/Documents/Unreal Projects/AdvancedCombatDemo/Content/Map/_Generated_/60P5I06VI2V5FPHMJS06WEU68.ubulk" 5240
"C:/Users/user/Documents/Unreal Projects/AdvancedCombatDemo/Content/Map/_Generated_/60P5I06VI2V5FPHMJS06WEU68.umap" 5241
"C:/Users/user/Documents/Unreal Projects/AdvancedCombatDemo/Content/Map/_Generated_/APJ19KXSMYZSWLF5RHKW8B84X.uexp" 5242
"C:/Users/user/Documents/Unreal Projects/AdvancedCombatDemo/Content/Map/_Generated_/APJ19KXSMYZSWLF5RHKW8B84X.ubulk" 5243
"C:/Users/user/Documents/Unreal Projects/AdvancedCombatDemo/Content/Map/_Generated_/APJ19KXSMYZSWLF5RHKW8B84X.umap" 5244
"C:/Users/user/Documents/Unreal Projects/AdvancedCombatDemo/Content/Map/_Generated_/18OK69PPG7LGDNUIKZ0PUF7MA.uexp" 5245
"C:/Users/user/Documents/Unreal Projects/AdvancedCombatDemo/Content/Map/_Generated_/18OK69PPG7LGDNUIKZ0PUF7MA.ubulk" 5246
"C:/Users/user/Documents/Unreal Projects/AdvancedCombatDemo/Content/Map/_Generated_/18OK69PPG7LGDNUIKZ0PUF7MA.umap" 5247
"C:/Users/user/Documents/Unreal Projects/AdvancedCombatDemo/Content/Map/_Generated_/847PV79IP55YK32B6U0OSS34R.uexp" 5248
"C:/Users/user/Documents/Unreal Projects/AdvancedCombatDemo/Content/Map/_Generated_/847PV79IP55YK32B6U0OSS34R.ubulk" 5249
"C:/Users/user/Documents/Unreal Projects/AdvancedCombatDemo/Content/Map/_Generated_/847PV79IP55YK32B6U0OSS34R.umap" 5250
"C:/Users/user/Documents/Unreal Projects/AdvancedCombatDemo/Content/Map/_Generated_/81PNSKY1MN8FNWRUIOJVMWKUV.uexp" 5251
"C:/Users/user/Documents/Unreal Projects/AdvancedCombatDemo/Content/Map/_Generated_/81PNSKY1MN8FNWRUIOJVMWKUV.ubulk" 5252
"C:/Users/user/Documents/Unreal Projects/AdvancedCombatDemo/Content/Map/_Generated_/81PNSKY1MN8FNWRUIOJVMWKUV.umap" 5253
"C:/Users/user/Documents/Unreal Projects/AdvancedCombatDemo/Content/Map/_Generated_/5DVWBB46Q92LPDJK79AOC9CBK.uexp" 5254
"C:/Users/user/Documents/Unreal Projects/AdvancedCombatDemo/Content/Map/_Generated_/5DVWBB46Q92LPDJK79AOC9CBK.ubulk" 5255
"C:/Users/user/Documents/Unreal Projects/AdvancedCombatDemo/Content/Map/_Generated_/5DVWBB46Q92LPDJK79AOC9CBK.umap" 5256
"C:/Users/user/Documents/Unreal Projects/AdvancedCombatDemo/Content/Map/_Generated_/3I2BFEL7N6C6GZZCSTAL45RBB.uexp" 5257
"C:/Users/user/Documents/Unreal Projects/AdvancedCombatDemo/Content/Map/_Generated_/3I2BFEL7N6C6GZZCSTAL45RBB.ubulk" 5258
"C:/Users/user/Documents/Unreal Projects/AdvancedCombatDemo/Content/Map/_Generated_/3I2BFEL7N6C6GZZCSTAL45RBB.umap" 5259
"C:/Users/user/Documents/Unreal Projects/AdvancedCombatDemo/Content/Map/_Generated_/A8IFYKK3HMR90SK87MAMLDLXC.uexp" 5260
"C:/Users/user/Documents/Unreal Projects/AdvancedCombatDemo/Content/Map/_Generated_/A8IFYKK3HMR90SK87MAMLDLXC.ubulk" 5261
"C:/Users/user/Documents/Unreal Projects/AdvancedCombatDemo/Content/Map/_Generated_/A8IFYKK3HMR90SK87MAMLDLXC.umap" 5262
"C:/Users/user/Documents/Unreal Projects/AdvancedCombatDemo/Content/Map/_Generated_/7AV6Y6BFQVGYW102705AYK1EC.uexp" 5263
"C:/Users/user/Documents/Unreal Projects/AdvancedCombatDemo/Content/Map/_Generated_/7AV6Y6BFQVGYW102705AYK1EC.ubulk" 5264
"C:/Users/user/Documents/Unreal Projects/AdvancedCombatDemo/Content/Map/_Generated_/7AV6Y6BFQVGYW102705AYK1EC.umap" 5265
"C:/Users/user/Documents/Unreal Projects/AdvancedCombatDemo/Content/Map/_Generated_/5PLS1NV5BS751PBCODYP7AH4S.uexp" 5266
"C:/Users/user/Documents/Unreal Projects/AdvancedCombatDemo/Content/Map/_Generated_/5PLS1NV5BS751PBCODYP7AH4S.ubulk" 5267
"C:/Users/user/Documents/Unreal Projects/AdvancedCombatDemo/Content/Map/_Generated_/5PLS1NV5BS751PBCODYP7AH4S.umap" 5268
"C:/Users/user/Documents/Unreal Projects/AdvancedCombatDemo/Content/Map/_Generated_/9CYQP4839R16RSFLXHE7ZWULJ.uexp" 5269
"C:/Users/user/Documents/Unreal Projects/AdvancedCombatDemo/Content/Map/_Generated_/9CYQP4839R16RSFLXHE7ZWULJ.ubulk" 5270
"C:/Users/user/Documents/Unreal Projects/AdvancedCombatDemo/Content/Map/_Generated_/9CYQP4839R16RSFLXHE7ZWULJ.umap" 5271
"C:/Users/user/Documents/Unreal Projects/AdvancedCombatDemo/Content/Map/_Generated_/2520G0T56EV2W5QFH34DQKT4H.uexp" 5272
"C:/Users/user/Documents/Unreal Projects/AdvancedCombatDemo/Content/Map/_Generated_/2520G0T56EV2W5QFH34DQKT4H.ubulk" 5273
"C:/Users/user/Documents/Unreal Projects/AdvancedCombatDemo/Content/Map/_Generated_/2520G0T56EV2W5QFH34DQKT4H.umap" 5274
"C:/Users/user/Documents/Unreal Projects/AdvancedCombatDemo/Content/Map/_Generated_/AF18SVJ90CDI266WP289TPNWR.uexp" 5275
"C:/Users/user/Documents/Unreal Projects/AdvancedCombatDemo/Content/Map/_Generated_/AF18SVJ90CDI266WP289TPNWR.ubulk" 5276
"C:/Users/user/Documents/Unreal Projects/AdvancedCombatDemo/Content/Map/_Generated_/AF18SVJ90CDI266WP289TPNWR.umap" 5277
"C:/Users/user/Documents/Unreal Projects/AdvancedCombatDemo/Content/Map/_Generated_/CNY1RDVD4XJKJLVYJVL8TPV9U.uexp" 5278
"C:/Users/user/Documents/Unreal Projects/AdvancedCombatDemo/Content/Map/_Generated_/CNY1RDVD4XJKJLVYJVL8TPV9U.ubulk" 5279
"C:/Users/user/Documents/Unreal Projects/AdvancedCombatDemo/Content/Map/_Generated_/CNY1RDVD4XJKJLVYJVL8TPV9U.umap" 5280
"C:/Users/user/Documents/Unreal Projects/AdvancedCombatDemo/Content/Map/_Generated_/BO3B62FKLN0J3MJDIOWDENBB3.uexp" 5281
"C:/Users/user/Documents/Unreal Projects/AdvancedCombatDemo/Content/Map/_Generated_/BO3B62FKLN0J3MJDIOWDENBB3.ubulk" 5282
"C:/Users/user/Documents/Unreal Projects/AdvancedCombatDemo/Content/Map/_Generated_/BO3B62FKLN0J3MJDIOWDENBB3.umap" 5283
"C:/Users/user/Documents/Unreal Projects/AdvancedCombatDemo/Content/Map/_Generated_/448SBHUIEXLVDTIXGDK96M7AV.uexp" 5284
"C:/Users/user/Documents/Unreal Projects/AdvancedCombatDemo/Content/Map/_Generated_/448SBHUIEXLVDTIXGDK96M7AV.ubulk" 5285
"C:/Users/user/Documents/Unreal Projects/AdvancedCombatDemo/Content/Map/_Generated_/448SBHUIEXLVDTIXGDK96M7AV.umap" 5286
"C:/Users/user/Documents/Unreal Projects/AdvancedCombatDemo/Content/Map/_Generated_/B289DZVOG4A51CJQECCBPD6AZ.uexp" 5287
"C:/Users/user/Documents/Unreal Projects/AdvancedCombatDemo/Content/Map/_Generated_/B289DZVOG4A51CJQECCBPD6AZ.ubulk" 5288
"C:/Users/user/Documents/Unreal Projects/AdvancedCombatDemo/Content/Map/_Generated_/B289DZVOG4A51CJQECCBPD6AZ.umap" 5289
"C:/Users/user/Documents/Unreal Projects/AdvancedCombatDemo/Content/Map/_Generated_/2MK9VE043FMZ85S6ACHD1Z2KR.uexp" 5290
"C:/Users/user/Documents/Unreal Projects/AdvancedCombatDemo/Content/Map/_Generated_/2MK9VE043FMZ85S6ACHD1Z2KR.ubulk" 5291
"C:/Users/user/Documents/Unreal Projects/AdvancedCombatDemo/Content/Map/_Generated_/2MK9VE043FMZ85S6ACHD1Z2KR.umap" 5292
"C:/Users/user/Documents/Unreal Projects/AdvancedCombatDemo/Content/Map/_Generated_/3FS1WESF1SSJH871WZ5PPNQF5.uexp" 5293
"C:/Users/user/Documents/Unreal Projects/AdvancedCombatDemo/Content/Map/_Generated_/3FS1WESF1SSJH871WZ5PPNQF5.ubulk" 5294
"C:/Users/user/Documents/Unreal Projects/AdvancedCombatDemo/Content/Map/_Generated_/3FS1WESF1SSJH871WZ5PPNQF5.umap" 5295
